[2024/11/08 16:42:37] [INFO] [Nao_controller.py:1171]: LHipYawPitch is in Initial
[2024/11/08 16:42:37] [INFO] [Nao_controller.py:976]: LHipPitch is in Initial
[2024/11/08 16:44:05] [INFO] [Nao_controller.py:1171]: LHipYawPitch is in Initial
[2024/11/08 16:44:05] [INFO] [Nao_controller.py:976]: LHipPitch is in Initial
[2024/11/08 16:44:32] [INFO] [Nao_controller.py:1171]: LHipYawPitch is in Initial
[2024/11/08 16:44:32] [INFO] [Nao_controller.py:976]: LHipPitch is in Initial
[2024/11/08 16:44:32] [INFO] [Nao_controller.py:1054]: LKneePitch is in Initial
[2024/11/08 16:44:32] [INFO] [Nao_controller.py:1093]: LAnklePitch is in Initial
[2024/11/08 16:44:32] [INFO] [Nao_controller.py:1132]: LAnkleRoll is in Initial
[2024/11/08 16:44:32] [INFO] [Nao_controller.py:1572]: RHipYawPitch is in Initial
[2024/11/08 16:44:32] [INFO] [Nao_controller.py:1376]: RHipPitch is in Initial
[2024/11/08 16:44:32] [INFO] [Nao_controller.py:1455]: RKneePitch is in Initial
[2024/11/08 16:44:32] [INFO] [Nao_controller.py:1494]: RAnklePitch is in Initial
[2024/11/08 16:44:32] [INFO] [Nao_controller.py:1533]: RAnkleRoll is in Initial
[2024/11/08 16:45:56] [INFO] [Nao_controller.py:1171]: LHipYawPitch is in Initial
[2024/11/08 16:45:56] [INFO] [Nao_controller.py:976]: LHipPitch is in Initial
[2024/11/08 16:45:56] [INFO] [Nao_controller.py:1054]: LKneePitch is in Initial
[2024/11/08 16:45:56] [INFO] [Nao_controller.py:1093]: LAnklePitch is in Initial
[2024/11/08 16:45:56] [INFO] [Nao_controller.py:1132]: LAnkleRoll is in Initial
[2024/11/08 16:45:56] [INFO] [Nao_controller.py:1572]: RHipYawPitch is in Initial
[2024/11/08 16:45:56] [INFO] [Nao_controller.py:1376]: RHipPitch is in Initial
[2024/11/08 16:45:56] [INFO] [Nao_controller.py:1455]: RKneePitch is in Initial
[2024/11/08 16:45:56] [INFO] [Nao_controller.py:1494]: RAnklePitch is in Initial
[2024/11/08 16:45:56] [INFO] [Nao_controller.py:1533]: RAnkleRoll is in Initial
[2024/11/08 16:46:00] [INFO] [Nao_controller.py:1171]: LHipYawPitch is in Initial
[2024/11/08 16:46:00] [INFO] [Nao_controller.py:976]: LHipPitch is in Initial
[2024/11/08 16:46:00] [INFO] [Nao_controller.py:1054]: LKneePitch is in Initial
[2024/11/08 16:46:00] [INFO] [Nao_controller.py:1093]: LAnklePitch is in Initial
[2024/11/08 16:46:00] [INFO] [Nao_controller.py:1132]: LAnkleRoll is in Initial
[2024/11/08 16:46:00] [INFO] [Nao_controller.py:1572]: RHipYawPitch is in Initial
[2024/11/08 16:46:00] [INFO] [Nao_controller.py:1376]: RHipPitch is in Initial
[2024/11/08 16:46:00] [INFO] [Nao_controller.py:1455]: RKneePitch is in Initial
[2024/11/08 16:46:00] [INFO] [Nao_controller.py:1494]: RAnklePitch is in Initial
[2024/11/08 16:46:00] [INFO] [Nao_controller.py:1533]: RAnkleRoll is in Initial
[2024/11/08 16:46:16] [INFO] [Nao_controller.py:1171]: LHipYawPitch is in Initial
[2024/11/08 16:46:16] [INFO] [Nao_controller.py:976]: LHipPitch is in Initial
[2024/11/08 16:46:16] [INFO] [Nao_controller.py:1054]: LKneePitch is in Initial
[2024/11/08 16:46:16] [INFO] [Nao_controller.py:1093]: LAnklePitch is in Initial
[2024/11/08 16:46:16] [INFO] [Nao_controller.py:1132]: LAnkleRoll is in Initial
[2024/11/08 16:46:16] [INFO] [Nao_controller.py:1572]: RHipYawPitch is in Initial
[2024/11/08 16:46:16] [INFO] [Nao_controller.py:1376]: RHipPitch is in Initial
[2024/11/08 16:46:16] [INFO] [Nao_controller.py:1455]: RKneePitch is in Initial
[2024/11/08 16:46:16] [INFO] [Nao_controller.py:1494]: RAnklePitch is in Initial
[2024/11/08 16:46:16] [INFO] [Nao_controller.py:1533]: RAnkleRoll is in Initial
[2024/11/08 16:46:16] [INFO] [Nao_controller.py:1176]: LHipYawPitch is in Prepare
[2024/11/08 16:46:16] [INFO] [Nao_controller.py:981]: LHipPitch is in Prepare
[2024/11/08 16:46:16] [INFO] [Nao_controller.py:1059]: LKneePitch is in Prepare
[2024/11/08 16:46:16] [INFO] [Nao_controller.py:1098]: LAnklePitch is in Prepare
[2024/11/08 16:46:16] [INFO] [Nao_controller.py:1137]: LAnkleRoll is in Prepare
[2024/11/08 16:46:16] [INFO] [Nao_controller.py:1577]: RHipYawPitch is in Prepare
[2024/11/08 16:46:16] [INFO] [Nao_controller.py:1382]: RHipPitch is in Prepare
[2024/11/08 16:46:16] [INFO] [Nao_controller.py:1460]: RKneePitch is in Prepare
[2024/11/08 16:46:16] [INFO] [Nao_controller.py:1499]: RAnklePitch is in Prepare
[2024/11/08 16:46:16] [INFO] [Nao_controller.py:1538]: RAnkleRoll is in Prepare
[2024/11/08 16:46:16] [INFO] [Nao_controller.py:1182]: LHipYawPitch is in Moving
[2024/11/08 16:46:16] [INFO] [Nao_controller.py:987]: LHipPitch is in Moving
[2024/11/08 16:46:16] [INFO] [Nao_controller.py:1065]: LKneePitch is in Moving
[2024/11/08 16:46:16] [INFO] [Nao_controller.py:1104]: LAnklePitch is in Moving
[2024/11/08 16:46:16] [INFO] [Nao_controller.py:1143]: LAnkleRoll is in Moving
[2024/11/08 16:46:16] [INFO] [Nao_controller.py:1583]: RHipYawPitch is in Moving
[2024/11/08 16:46:16] [INFO] [Nao_controller.py:1388]: RHipPitch is in Moving
[2024/11/08 16:46:16] [INFO] [Nao_controller.py:1466]: RKneePitch is in Moving
[2024/11/08 16:46:16] [INFO] [Nao_controller.py:1505]: RAnklePitch is in Moving
[2024/11/08 16:46:16] [INFO] [Nao_controller.py:1544]: RAnkleRoll is in Moving
[2024/11/08 16:46:16] [INFO] [Nao_controller.py:1191]: LHipYawPitch is in Finish
[2024/11/08 16:46:16] [INFO] [Nao_controller.py:996]: LHipPitch is in Finish
[2024/11/08 16:46:16] [INFO] [Nao_controller.py:1074]: LKneePitch is in Finish
[2024/11/08 16:46:16] [INFO] [Nao_controller.py:1104]: LAnklePitch is in Moving
[2024/11/08 16:46:16] [INFO] [Nao_controller.py:1152]: LAnkleRoll is in Finish
[2024/11/08 16:46:16] [INFO] [Nao_controller.py:1592]: RHipYawPitch is in Finish
[2024/11/08 16:46:16] [INFO] [Nao_controller.py:1397]: RHipPitch is in Finish
[2024/11/08 16:46:16] [INFO] [Nao_controller.py:1475]: RKneePitch is in Finish
[2024/11/08 16:46:16] [INFO] [Nao_controller.py:1505]: RAnklePitch is in Moving
[2024/11/08 16:46:16] [INFO] [Nao_controller.py:1553]: RAnkleRoll is in Finish
[2024/11/08 16:46:16] [INFO] [Nao_controller.py:1197]: LHipYawPitch is in End
[2024/11/08 16:46:16] [INFO] [Nao_controller.py:1002]: LHipPitch is in End
[2024/11/08 16:46:16] [INFO] [Nao_controller.py:1074]: LKneePitch is in Finish
[2024/11/08 16:46:16] [INFO] [Nao_controller.py:1104]: LAnklePitch is in Moving
[2024/11/08 16:46:16] [INFO] [Nao_controller.py:1152]: LAnkleRoll is in Finish
[2024/11/08 16:46:16] [INFO] [Nao_controller.py:1598]: RHipYawPitch is in End
[2024/11/08 16:46:16] [INFO] [Nao_controller.py:1403]: RHipPitch is in End
[2024/11/08 16:46:16] [INFO] [Nao_controller.py:1481]: RKneePitch is in End
[2024/11/08 16:46:16] [INFO] [Nao_controller.py:1505]: RAnklePitch is in Moving
[2024/11/08 16:46:16] [INFO] [Nao_controller.py:1559]: RAnkleRoll is in End
[2024/11/08 16:46:16] [INFO] [Nao_controller.py:1197]: LHipYawPitch is in End
[2024/11/08 16:46:16] [INFO] [Nao_controller.py:1002]: LHipPitch is in End
[2024/11/08 16:46:16] [INFO] [Nao_controller.py:1074]: LKneePitch is in Finish
[2024/11/08 16:46:16] [INFO] [Nao_controller.py:1104]: LAnklePitch is in Moving
[2024/11/08 16:46:16] [INFO] [Nao_controller.py:1152]: LAnkleRoll is in Finish
[2024/11/08 16:46:16] [INFO] [Nao_controller.py:1598]: RHipYawPitch is in End
[2024/11/08 16:46:16] [INFO] [Nao_controller.py:1403]: RHipPitch is in End
[2024/11/08 16:46:16] [INFO] [Nao_controller.py:1481]: RKneePitch is in End
[2024/11/08 16:46:16] [INFO] [Nao_controller.py:1505]: RAnklePitch is in Moving
[2024/11/08 16:46:16] [INFO] [Nao_controller.py:1559]: RAnkleRoll is in End
[2024/11/08 16:46:16] [INFO] [Nao_controller.py:1197]: LHipYawPitch is in End
[2024/11/08 16:46:16] [INFO] [Nao_controller.py:1002]: LHipPitch is in End
[2024/11/08 16:46:16] [INFO] [Nao_controller.py:1074]: LKneePitch is in Finish
[2024/11/08 16:46:16] [INFO] [Nao_controller.py:1104]: LAnklePitch is in Moving
[2024/11/08 16:46:16] [INFO] [Nao_controller.py:1152]: LAnkleRoll is in Finish
[2024/11/08 16:46:16] [INFO] [Nao_controller.py:1598]: RHipYawPitch is in End
[2024/11/08 16:46:16] [INFO] [Nao_controller.py:1403]: RHipPitch is in End
[2024/11/08 16:46:16] [INFO] [Nao_controller.py:1481]: RKneePitch is in End
[2024/11/08 16:46:16] [INFO] [Nao_controller.py:1505]: RAnklePitch is in Moving
[2024/11/08 16:46:16] [INFO] [Nao_controller.py:1559]: RAnkleRoll is in End
[2024/11/08 16:46:16] [INFO] [Nao_controller.py:1197]: LHipYawPitch is in End
[2024/11/08 16:46:16] [INFO] [Nao_controller.py:1002]: LHipPitch is in End
[2024/11/08 16:46:16] [INFO] [Nao_controller.py:1074]: LKneePitch is in Finish
[2024/11/08 16:46:16] [INFO] [Nao_controller.py:1104]: LAnklePitch is in Moving
[2024/11/08 16:46:16] [INFO] [Nao_controller.py:1152]: LAnkleRoll is in Finish
[2024/11/08 16:46:16] [INFO] [Nao_controller.py:1598]: RHipYawPitch is in End
[2024/11/08 16:46:16] [INFO] [Nao_controller.py:1403]: RHipPitch is in End
[2024/11/08 16:46:16] [INFO] [Nao_controller.py:1481]: RKneePitch is in End
[2024/11/08 16:46:16] [INFO] [Nao_controller.py:1505]: RAnklePitch is in Moving
[2024/11/08 16:46:16] [INFO] [Nao_controller.py:1559]: RAnkleRoll is in End
[2024/11/08 16:46:16] [INFO] [Nao_controller.py:1197]: LHipYawPitch is in End
[2024/11/08 16:46:16] [INFO] [Nao_controller.py:1002]: LHipPitch is in End
[2024/11/08 16:46:16] [INFO] [Nao_controller.py:1080]: LKneePitch is in End
[2024/11/08 16:46:16] [INFO] [Nao_controller.py:1104]: LAnklePitch is in Moving
[2024/11/08 16:46:16] [INFO] [Nao_controller.py:1152]: LAnkleRoll is in Finish
[2024/11/08 16:46:16] [INFO] [Nao_controller.py:1598]: RHipYawPitch is in End
[2024/11/08 16:46:16] [INFO] [Nao_controller.py:1403]: RHipPitch is in End
[2024/11/08 16:46:16] [INFO] [Nao_controller.py:1481]: RKneePitch is in End
[2024/11/08 16:46:16] [INFO] [Nao_controller.py:1505]: RAnklePitch is in Moving
[2024/11/08 16:46:16] [INFO] [Nao_controller.py:1559]: RAnkleRoll is in End
[2024/11/08 16:46:16] [INFO] [Nao_controller.py:1197]: LHipYawPitch is in End
[2024/11/08 16:46:16] [INFO] [Nao_controller.py:1002]: LHipPitch is in End
[2024/11/08 16:46:16] [INFO] [Nao_controller.py:1080]: LKneePitch is in End
[2024/11/08 16:46:16] [INFO] [Nao_controller.py:1104]: LAnklePitch is in Moving
[2024/11/08 16:46:16] [INFO] [Nao_controller.py:1158]: LAnkleRoll is in End
[2024/11/08 16:46:16] [INFO] [Nao_controller.py:1598]: RHipYawPitch is in End
[2024/11/08 16:46:16] [INFO] [Nao_controller.py:1403]: RHipPitch is in End
[2024/11/08 16:46:16] [INFO] [Nao_controller.py:1481]: RKneePitch is in End
[2024/11/08 16:46:16] [INFO] [Nao_controller.py:1505]: RAnklePitch is in Moving
[2024/11/08 16:46:16] [INFO] [Nao_controller.py:1559]: RAnkleRoll is in End
[2024/11/08 16:46:16] [INFO] [Nao_controller.py:1197]: LHipYawPitch is in End
[2024/11/08 16:46:16] [INFO] [Nao_controller.py:1002]: LHipPitch is in End
[2024/11/08 16:46:16] [INFO] [Nao_controller.py:1080]: LKneePitch is in End
[2024/11/08 16:46:16] [INFO] [Nao_controller.py:1104]: LAnklePitch is in Moving
[2024/11/08 16:46:16] [INFO] [Nao_controller.py:1158]: LAnkleRoll is in End
[2024/11/08 16:46:16] [INFO] [Nao_controller.py:1598]: RHipYawPitch is in End
[2024/11/08 16:46:16] [INFO] [Nao_controller.py:1403]: RHipPitch is in End
[2024/11/08 16:46:16] [INFO] [Nao_controller.py:1481]: RKneePitch is in End
[2024/11/08 16:46:16] [INFO] [Nao_controller.py:1505]: RAnklePitch is in Moving
[2024/11/08 16:46:16] [INFO] [Nao_controller.py:1559]: RAnkleRoll is in End
[2024/11/08 16:46:16] [INFO] [Nao_controller.py:1197]: LHipYawPitch is in End
[2024/11/08 16:46:16] [INFO] [Nao_controller.py:1002]: LHipPitch is in End
[2024/11/08 16:46:16] [INFO] [Nao_controller.py:1080]: LKneePitch is in End
[2024/11/08 16:46:16] [INFO] [Nao_controller.py:1104]: LAnklePitch is in Moving
[2024/11/08 16:46:16] [INFO] [Nao_controller.py:1158]: LAnkleRoll is in End
[2024/11/08 16:46:16] [INFO] [Nao_controller.py:1598]: RHipYawPitch is in End
[2024/11/08 16:46:16] [INFO] [Nao_controller.py:1403]: RHipPitch is in End
[2024/11/08 16:46:16] [INFO] [Nao_controller.py:1481]: RKneePitch is in End
[2024/11/08 16:46:16] [INFO] [Nao_controller.py:1505]: RAnklePitch is in Moving
[2024/11/08 16:46:16] [INFO] [Nao_controller.py:1559]: RAnkleRoll is in End
[2024/11/08 16:46:16] [INFO] [Nao_controller.py:1197]: LHipYawPitch is in End
[2024/11/08 16:46:16] [INFO] [Nao_controller.py:1002]: LHipPitch is in End
[2024/11/08 16:46:16] [INFO] [Nao_controller.py:1080]: LKneePitch is in End
[2024/11/08 16:46:16] [INFO] [Nao_controller.py:1104]: LAnklePitch is in Moving
[2024/11/08 16:46:16] [INFO] [Nao_controller.py:1158]: LAnkleRoll is in End
[2024/11/08 16:46:16] [INFO] [Nao_controller.py:1598]: RHipYawPitch is in End
[2024/11/08 16:46:16] [INFO] [Nao_controller.py:1403]: RHipPitch is in End
[2024/11/08 16:46:16] [INFO] [Nao_controller.py:1481]: RKneePitch is in End
[2024/11/08 16:46:16] [INFO] [Nao_controller.py:1505]: RAnklePitch is in Moving
[2024/11/08 16:46:16] [INFO] [Nao_controller.py:1559]: RAnkleRoll is in End
[2024/11/08 16:46:17] [INFO] [Nao_controller.py:1197]: LHipYawPitch is in End
[2024/11/08 16:46:17] [INFO] [Nao_controller.py:1002]: LHipPitch is in End
[2024/11/08 16:46:17] [INFO] [Nao_controller.py:1080]: LKneePitch is in End
[2024/11/08 16:46:17] [INFO] [Nao_controller.py:1104]: LAnklePitch is in Moving
[2024/11/08 16:46:17] [INFO] [Nao_controller.py:1158]: LAnkleRoll is in End
[2024/11/08 16:46:17] [INFO] [Nao_controller.py:1598]: RHipYawPitch is in End
[2024/11/08 16:46:17] [INFO] [Nao_controller.py:1403]: RHipPitch is in End
[2024/11/08 16:46:17] [INFO] [Nao_controller.py:1481]: RKneePitch is in End
[2024/11/08 16:46:17] [INFO] [Nao_controller.py:1505]: RAnklePitch is in Moving
[2024/11/08 16:46:17] [INFO] [Nao_controller.py:1559]: RAnkleRoll is in End
[2024/11/08 16:46:17] [INFO] [Nao_controller.py:1197]: LHipYawPitch is in End
[2024/11/08 16:46:17] [INFO] [Nao_controller.py:1002]: LHipPitch is in End
[2024/11/08 16:46:17] [INFO] [Nao_controller.py:1080]: LKneePitch is in End
[2024/11/08 16:46:17] [INFO] [Nao_controller.py:1104]: LAnklePitch is in Moving
[2024/11/08 16:46:17] [INFO] [Nao_controller.py:1158]: LAnkleRoll is in End
[2024/11/08 16:46:17] [INFO] [Nao_controller.py:1598]: RHipYawPitch is in End
[2024/11/08 16:46:17] [INFO] [Nao_controller.py:1403]: RHipPitch is in End
[2024/11/08 16:46:17] [INFO] [Nao_controller.py:1481]: RKneePitch is in End
[2024/11/08 16:46:17] [INFO] [Nao_controller.py:1505]: RAnklePitch is in Moving
[2024/11/08 16:46:17] [INFO] [Nao_controller.py:1559]: RAnkleRoll is in End
[2024/11/08 16:46:17] [INFO] [Nao_controller.py:1197]: LHipYawPitch is in End
[2024/11/08 16:46:17] [INFO] [Nao_controller.py:1002]: LHipPitch is in End
[2024/11/08 16:46:17] [INFO] [Nao_controller.py:1080]: LKneePitch is in End
[2024/11/08 16:46:17] [INFO] [Nao_controller.py:1104]: LAnklePitch is in Moving
[2024/11/08 16:46:17] [INFO] [Nao_controller.py:1158]: LAnkleRoll is in End
[2024/11/08 16:46:17] [INFO] [Nao_controller.py:1598]: RHipYawPitch is in End
[2024/11/08 16:46:17] [INFO] [Nao_controller.py:1403]: RHipPitch is in End
[2024/11/08 16:46:17] [INFO] [Nao_controller.py:1481]: RKneePitch is in End
[2024/11/08 16:46:17] [INFO] [Nao_controller.py:1505]: RAnklePitch is in Moving
[2024/11/08 16:46:17] [INFO] [Nao_controller.py:1559]: RAnkleRoll is in End
[2024/11/08 16:46:17] [INFO] [Nao_controller.py:1197]: LHipYawPitch is in End
[2024/11/08 16:46:17] [INFO] [Nao_controller.py:1002]: LHipPitch is in End
[2024/11/08 16:46:17] [INFO] [Nao_controller.py:1080]: LKneePitch is in End
[2024/11/08 16:46:17] [INFO] [Nao_controller.py:1104]: LAnklePitch is in Moving
[2024/11/08 16:46:17] [INFO] [Nao_controller.py:1158]: LAnkleRoll is in End
[2024/11/08 16:46:17] [INFO] [Nao_controller.py:1598]: RHipYawPitch is in End
[2024/11/08 16:46:17] [INFO] [Nao_controller.py:1403]: RHipPitch is in End
[2024/11/08 16:46:17] [INFO] [Nao_controller.py:1481]: RKneePitch is in End
[2024/11/08 16:46:17] [INFO] [Nao_controller.py:1505]: RAnklePitch is in Moving
[2024/11/08 16:46:17] [INFO] [Nao_controller.py:1559]: RAnkleRoll is in End
[2024/11/08 16:46:17] [INFO] [Nao_controller.py:1197]: LHipYawPitch is in End
[2024/11/08 16:46:17] [INFO] [Nao_controller.py:1002]: LHipPitch is in End
[2024/11/08 16:46:17] [INFO] [Nao_controller.py:1080]: LKneePitch is in End
[2024/11/08 16:46:17] [INFO] [Nao_controller.py:1104]: LAnklePitch is in Moving
[2024/11/08 16:46:17] [INFO] [Nao_controller.py:1158]: LAnkleRoll is in End
[2024/11/08 16:46:17] [INFO] [Nao_controller.py:1598]: RHipYawPitch is in End
[2024/11/08 16:46:17] [INFO] [Nao_controller.py:1403]: RHipPitch is in End
[2024/11/08 16:46:17] [INFO] [Nao_controller.py:1481]: RKneePitch is in End
[2024/11/08 16:46:17] [INFO] [Nao_controller.py:1505]: RAnklePitch is in Moving
[2024/11/08 16:46:17] [INFO] [Nao_controller.py:1559]: RAnkleRoll is in End
[2024/11/08 16:46:17] [INFO] [Nao_controller.py:1197]: LHipYawPitch is in End
[2024/11/08 16:46:17] [INFO] [Nao_controller.py:1002]: LHipPitch is in End
[2024/11/08 16:46:17] [INFO] [Nao_controller.py:1080]: LKneePitch is in End
[2024/11/08 16:46:17] [INFO] [Nao_controller.py:1104]: LAnklePitch is in Moving
[2024/11/08 16:46:17] [INFO] [Nao_controller.py:1158]: LAnkleRoll is in End
[2024/11/08 16:46:17] [INFO] [Nao_controller.py:1598]: RHipYawPitch is in End
[2024/11/08 16:46:17] [INFO] [Nao_controller.py:1403]: RHipPitch is in End
[2024/11/08 16:46:17] [INFO] [Nao_controller.py:1481]: RKneePitch is in End
[2024/11/08 16:46:17] [INFO] [Nao_controller.py:1505]: RAnklePitch is in Moving
[2024/11/08 16:46:17] [INFO] [Nao_controller.py:1559]: RAnkleRoll is in End
[2024/11/08 16:46:17] [INFO] [Nao_controller.py:1197]: LHipYawPitch is in End
[2024/11/08 16:46:17] [INFO] [Nao_controller.py:1002]: LHipPitch is in End
[2024/11/08 16:46:17] [INFO] [Nao_controller.py:1080]: LKneePitch is in End
[2024/11/08 16:46:17] [INFO] [Nao_controller.py:1104]: LAnklePitch is in Moving
[2024/11/08 16:46:17] [INFO] [Nao_controller.py:1158]: LAnkleRoll is in End
[2024/11/08 16:46:17] [INFO] [Nao_controller.py:1598]: RHipYawPitch is in End
[2024/11/08 16:46:17] [INFO] [Nao_controller.py:1403]: RHipPitch is in End
[2024/11/08 16:46:17] [INFO] [Nao_controller.py:1481]: RKneePitch is in End
[2024/11/08 16:46:17] [INFO] [Nao_controller.py:1505]: RAnklePitch is in Moving
[2024/11/08 16:46:17] [INFO] [Nao_controller.py:1559]: RAnkleRoll is in End
[2024/11/08 16:46:17] [INFO] [Nao_controller.py:1197]: LHipYawPitch is in End
[2024/11/08 16:46:17] [INFO] [Nao_controller.py:1002]: LHipPitch is in End
[2024/11/08 16:46:17] [INFO] [Nao_controller.py:1080]: LKneePitch is in End
[2024/11/08 16:46:17] [INFO] [Nao_controller.py:1104]: LAnklePitch is in Moving
[2024/11/08 16:46:17] [INFO] [Nao_controller.py:1158]: LAnkleRoll is in End
[2024/11/08 16:46:17] [INFO] [Nao_controller.py:1598]: RHipYawPitch is in End
[2024/11/08 16:46:17] [INFO] [Nao_controller.py:1403]: RHipPitch is in End
[2024/11/08 16:46:17] [INFO] [Nao_controller.py:1481]: RKneePitch is in End
[2024/11/08 16:46:17] [INFO] [Nao_controller.py:1505]: RAnklePitch is in Moving
[2024/11/08 16:46:17] [INFO] [Nao_controller.py:1559]: RAnkleRoll is in End
[2024/11/08 16:46:17] [INFO] [Nao_controller.py:1197]: LHipYawPitch is in End
[2024/11/08 16:46:17] [INFO] [Nao_controller.py:1002]: LHipPitch is in End
[2024/11/08 16:46:17] [INFO] [Nao_controller.py:1080]: LKneePitch is in End
[2024/11/08 16:46:17] [INFO] [Nao_controller.py:1104]: LAnklePitch is in Moving
[2024/11/08 16:46:17] [INFO] [Nao_controller.py:1158]: LAnkleRoll is in End
[2024/11/08 16:46:17] [INFO] [Nao_controller.py:1598]: RHipYawPitch is in End
[2024/11/08 16:46:17] [INFO] [Nao_controller.py:1403]: RHipPitch is in End
[2024/11/08 16:46:17] [INFO] [Nao_controller.py:1481]: RKneePitch is in End
[2024/11/08 16:46:17] [INFO] [Nao_controller.py:1505]: RAnklePitch is in Moving
[2024/11/08 16:46:17] [INFO] [Nao_controller.py:1559]: RAnkleRoll is in End
[2024/11/08 16:46:17] [INFO] [Nao_controller.py:1197]: LHipYawPitch is in End
[2024/11/08 16:46:17] [INFO] [Nao_controller.py:1002]: LHipPitch is in End
[2024/11/08 16:46:17] [INFO] [Nao_controller.py:1080]: LKneePitch is in End
[2024/11/08 16:46:17] [INFO] [Nao_controller.py:1104]: LAnklePitch is in Moving
[2024/11/08 16:46:17] [INFO] [Nao_controller.py:1158]: LAnkleRoll is in End
[2024/11/08 16:46:17] [INFO] [Nao_controller.py:1598]: RHipYawPitch is in End
[2024/11/08 16:46:17] [INFO] [Nao_controller.py:1403]: RHipPitch is in End
[2024/11/08 16:46:17] [INFO] [Nao_controller.py:1481]: RKneePitch is in End
[2024/11/08 16:46:17] [INFO] [Nao_controller.py:1505]: RAnklePitch is in Moving
[2024/11/08 16:46:17] [INFO] [Nao_controller.py:1559]: RAnkleRoll is in End
[2024/11/08 16:46:17] [INFO] [Nao_controller.py:1197]: LHipYawPitch is in End
[2024/11/08 16:46:17] [INFO] [Nao_controller.py:1002]: LHipPitch is in End
[2024/11/08 16:46:17] [INFO] [Nao_controller.py:1080]: LKneePitch is in End
[2024/11/08 16:46:17] [INFO] [Nao_controller.py:1104]: LAnklePitch is in Moving
[2024/11/08 16:46:17] [INFO] [Nao_controller.py:1158]: LAnkleRoll is in End
[2024/11/08 16:46:17] [INFO] [Nao_controller.py:1598]: RHipYawPitch is in End
[2024/11/08 16:46:17] [INFO] [Nao_controller.py:1403]: RHipPitch is in End
[2024/11/08 16:46:17] [INFO] [Nao_controller.py:1481]: RKneePitch is in End
[2024/11/08 16:46:17] [INFO] [Nao_controller.py:1505]: RAnklePitch is in Moving
[2024/11/08 16:46:17] [INFO] [Nao_controller.py:1559]: RAnkleRoll is in End
[2024/11/08 16:46:17] [INFO] [Nao_controller.py:1197]: LHipYawPitch is in End
[2024/11/08 16:46:17] [INFO] [Nao_controller.py:1002]: LHipPitch is in End
[2024/11/08 16:46:17] [INFO] [Nao_controller.py:1080]: LKneePitch is in End
[2024/11/08 16:46:17] [INFO] [Nao_controller.py:1104]: LAnklePitch is in Moving
[2024/11/08 16:46:17] [INFO] [Nao_controller.py:1158]: LAnkleRoll is in End
[2024/11/08 16:46:17] [INFO] [Nao_controller.py:1598]: RHipYawPitch is in End
[2024/11/08 16:46:17] [INFO] [Nao_controller.py:1403]: RHipPitch is in End
[2024/11/08 16:46:17] [INFO] [Nao_controller.py:1481]: RKneePitch is in End
[2024/11/08 16:46:17] [INFO] [Nao_controller.py:1505]: RAnklePitch is in Moving
[2024/11/08 16:46:17] [INFO] [Nao_controller.py:1559]: RAnkleRoll is in End
[2024/11/08 16:46:17] [INFO] [Nao_controller.py:1197]: LHipYawPitch is in End
[2024/11/08 16:46:17] [INFO] [Nao_controller.py:1002]: LHipPitch is in End
[2024/11/08 16:46:17] [INFO] [Nao_controller.py:1080]: LKneePitch is in End
[2024/11/08 16:46:17] [INFO] [Nao_controller.py:1104]: LAnklePitch is in Moving
[2024/11/08 16:46:17] [INFO] [Nao_controller.py:1158]: LAnkleRoll is in End
[2024/11/08 16:46:17] [INFO] [Nao_controller.py:1598]: RHipYawPitch is in End
[2024/11/08 16:46:17] [INFO] [Nao_controller.py:1403]: RHipPitch is in End
[2024/11/08 16:46:17] [INFO] [Nao_controller.py:1481]: RKneePitch is in End
[2024/11/08 16:46:17] [INFO] [Nao_controller.py:1505]: RAnklePitch is in Moving
[2024/11/08 16:46:17] [INFO] [Nao_controller.py:1559]: RAnkleRoll is in End
[2024/11/08 16:46:17] [INFO] [Nao_controller.py:1197]: LHipYawPitch is in End
[2024/11/08 16:46:17] [INFO] [Nao_controller.py:1002]: LHipPitch is in End
[2024/11/08 16:46:17] [INFO] [Nao_controller.py:1080]: LKneePitch is in End
[2024/11/08 16:46:17] [INFO] [Nao_controller.py:1104]: LAnklePitch is in Moving
[2024/11/08 16:46:17] [INFO] [Nao_controller.py:1158]: LAnkleRoll is in End
[2024/11/08 16:46:17] [INFO] [Nao_controller.py:1598]: RHipYawPitch is in End
[2024/11/08 16:46:17] [INFO] [Nao_controller.py:1403]: RHipPitch is in End
[2024/11/08 16:46:17] [INFO] [Nao_controller.py:1481]: RKneePitch is in End
[2024/11/08 16:46:17] [INFO] [Nao_controller.py:1505]: RAnklePitch is in Moving
[2024/11/08 16:46:17] [INFO] [Nao_controller.py:1559]: RAnkleRoll is in End
[2024/11/08 16:46:17] [INFO] [Nao_controller.py:1197]: LHipYawPitch is in End
[2024/11/08 16:46:17] [INFO] [Nao_controller.py:1002]: LHipPitch is in End
[2024/11/08 16:46:17] [INFO] [Nao_controller.py:1080]: LKneePitch is in End
[2024/11/08 16:46:17] [INFO] [Nao_controller.py:1104]: LAnklePitch is in Moving
[2024/11/08 16:46:17] [INFO] [Nao_controller.py:1158]: LAnkleRoll is in End
[2024/11/08 16:46:17] [INFO] [Nao_controller.py:1598]: RHipYawPitch is in End
[2024/11/08 16:46:17] [INFO] [Nao_controller.py:1403]: RHipPitch is in End
[2024/11/08 16:46:17] [INFO] [Nao_controller.py:1481]: RKneePitch is in End
[2024/11/08 16:46:17] [INFO] [Nao_controller.py:1514]: RAnklePitch is in Finish
[2024/11/08 16:46:17] [INFO] [Nao_controller.py:1559]: RAnkleRoll is in End
[2024/11/08 16:46:17] [INFO] [Nao_controller.py:1197]: LHipYawPitch is in End
[2024/11/08 16:46:17] [INFO] [Nao_controller.py:1002]: LHipPitch is in End
[2024/11/08 16:46:17] [INFO] [Nao_controller.py:1080]: LKneePitch is in End
[2024/11/08 16:46:17] [INFO] [Nao_controller.py:1104]: LAnklePitch is in Moving
[2024/11/08 16:46:17] [INFO] [Nao_controller.py:1158]: LAnkleRoll is in End
[2024/11/08 16:46:17] [INFO] [Nao_controller.py:1598]: RHipYawPitch is in End
[2024/11/08 16:46:17] [INFO] [Nao_controller.py:1403]: RHipPitch is in End
[2024/11/08 16:46:17] [INFO] [Nao_controller.py:1481]: RKneePitch is in End
[2024/11/08 16:46:17] [INFO] [Nao_controller.py:1520]: RAnklePitch is in End
[2024/11/08 16:46:17] [INFO] [Nao_controller.py:1559]: RAnkleRoll is in End
[2024/11/08 16:46:17] [INFO] [Nao_controller.py:1197]: LHipYawPitch is in End
[2024/11/08 16:46:17] [INFO] [Nao_controller.py:1002]: LHipPitch is in End
[2024/11/08 16:46:17] [INFO] [Nao_controller.py:1080]: LKneePitch is in End
[2024/11/08 16:46:17] [INFO] [Nao_controller.py:1104]: LAnklePitch is in Moving
[2024/11/08 16:46:17] [INFO] [Nao_controller.py:1158]: LAnkleRoll is in End
[2024/11/08 16:46:17] [INFO] [Nao_controller.py:1598]: RHipYawPitch is in End
[2024/11/08 16:46:17] [INFO] [Nao_controller.py:1403]: RHipPitch is in End
[2024/11/08 16:46:17] [INFO] [Nao_controller.py:1481]: RKneePitch is in End
[2024/11/08 16:46:17] [INFO] [Nao_controller.py:1520]: RAnklePitch is in End
[2024/11/08 16:46:17] [INFO] [Nao_controller.py:1559]: RAnkleRoll is in End
[2024/11/08 16:46:17] [INFO] [Nao_controller.py:1197]: LHipYawPitch is in End
[2024/11/08 16:46:17] [INFO] [Nao_controller.py:1002]: LHipPitch is in End
[2024/11/08 16:46:17] [INFO] [Nao_controller.py:1080]: LKneePitch is in End
[2024/11/08 16:46:17] [INFO] [Nao_controller.py:1104]: LAnklePitch is in Moving
[2024/11/08 16:46:17] [INFO] [Nao_controller.py:1158]: LAnkleRoll is in End
[2024/11/08 16:46:17] [INFO] [Nao_controller.py:1598]: RHipYawPitch is in End
[2024/11/08 16:46:17] [INFO] [Nao_controller.py:1403]: RHipPitch is in End
[2024/11/08 16:46:17] [INFO] [Nao_controller.py:1481]: RKneePitch is in End
[2024/11/08 16:46:17] [INFO] [Nao_controller.py:1520]: RAnklePitch is in End
[2024/11/08 16:46:17] [INFO] [Nao_controller.py:1559]: RAnkleRoll is in End
[2024/11/08 16:46:17] [INFO] [Nao_controller.py:1197]: LHipYawPitch is in End
[2024/11/08 16:46:17] [INFO] [Nao_controller.py:1002]: LHipPitch is in End
[2024/11/08 16:46:17] [INFO] [Nao_controller.py:1080]: LKneePitch is in End
[2024/11/08 16:46:17] [INFO] [Nao_controller.py:1104]: LAnklePitch is in Moving
[2024/11/08 16:46:17] [INFO] [Nao_controller.py:1158]: LAnkleRoll is in End
[2024/11/08 16:46:17] [INFO] [Nao_controller.py:1598]: RHipYawPitch is in End
[2024/11/08 16:46:17] [INFO] [Nao_controller.py:1403]: RHipPitch is in End
[2024/11/08 16:46:17] [INFO] [Nao_controller.py:1481]: RKneePitch is in End
[2024/11/08 16:46:17] [INFO] [Nao_controller.py:1520]: RAnklePitch is in End
[2024/11/08 16:46:17] [INFO] [Nao_controller.py:1559]: RAnkleRoll is in End
[2024/11/08 16:46:17] [INFO] [Nao_controller.py:1197]: LHipYawPitch is in End
[2024/11/08 16:46:17] [INFO] [Nao_controller.py:1002]: LHipPitch is in End
[2024/11/08 16:46:17] [INFO] [Nao_controller.py:1080]: LKneePitch is in End
[2024/11/08 16:46:17] [INFO] [Nao_controller.py:1104]: LAnklePitch is in Moving
[2024/11/08 16:46:17] [INFO] [Nao_controller.py:1158]: LAnkleRoll is in End
[2024/11/08 16:46:17] [INFO] [Nao_controller.py:1598]: RHipYawPitch is in End
[2024/11/08 16:46:17] [INFO] [Nao_controller.py:1403]: RHipPitch is in End
[2024/11/08 16:46:17] [INFO] [Nao_controller.py:1481]: RKneePitch is in End
[2024/11/08 16:46:17] [INFO] [Nao_controller.py:1520]: RAnklePitch is in End
[2024/11/08 16:46:17] [INFO] [Nao_controller.py:1559]: RAnkleRoll is in End
[2024/11/08 16:46:17] [INFO] [Nao_controller.py:1197]: LHipYawPitch is in End
[2024/11/08 16:46:17] [INFO] [Nao_controller.py:1002]: LHipPitch is in End
[2024/11/08 16:46:17] [INFO] [Nao_controller.py:1080]: LKneePitch is in End
[2024/11/08 16:46:17] [INFO] [Nao_controller.py:1113]: LAnklePitch is in Finish
[2024/11/08 16:46:17] [INFO] [Nao_controller.py:1158]: LAnkleRoll is in End
[2024/11/08 16:46:17] [INFO] [Nao_controller.py:1598]: RHipYawPitch is in End
[2024/11/08 16:46:17] [INFO] [Nao_controller.py:1403]: RHipPitch is in End
[2024/11/08 16:46:17] [INFO] [Nao_controller.py:1481]: RKneePitch is in End
[2024/11/08 16:46:17] [INFO] [Nao_controller.py:1520]: RAnklePitch is in End
[2024/11/08 16:46:17] [INFO] [Nao_controller.py:1559]: RAnkleRoll is in End
[2024/11/08 16:46:17] [INFO] [Nao_controller.py:1197]: LHipYawPitch is in End
[2024/11/08 16:46:17] [INFO] [Nao_controller.py:1002]: LHipPitch is in End
[2024/11/08 16:46:17] [INFO] [Nao_controller.py:1080]: LKneePitch is in End
[2024/11/08 16:46:17] [INFO] [Nao_controller.py:1119]: LAnklePitch is in End
[2024/11/08 16:46:17] [INFO] [Nao_controller.py:1158]: LAnkleRoll is in End
[2024/11/08 16:46:17] [INFO] [Nao_controller.py:1598]: RHipYawPitch is in End
[2024/11/08 16:46:17] [INFO] [Nao_controller.py:1403]: RHipPitch is in End
[2024/11/08 16:46:17] [INFO] [Nao_controller.py:1481]: RKneePitch is in End
[2024/11/08 16:46:17] [INFO] [Nao_controller.py:1520]: RAnklePitch is in End
[2024/11/08 16:46:17] [INFO] [Nao_controller.py:1559]: RAnkleRoll is in End
[2024/11/08 16:46:17] [INFO] [Nao_controller.py:1197]: LHipYawPitch is in End
[2024/11/08 16:46:17] [INFO] [Nao_controller.py:1002]: LHipPitch is in End
[2024/11/08 16:46:17] [INFO] [Nao_controller.py:1080]: LKneePitch is in End
[2024/11/08 16:46:17] [INFO] [Nao_controller.py:1119]: LAnklePitch is in End
[2024/11/08 16:46:17] [INFO] [Nao_controller.py:1158]: LAnkleRoll is in End
[2024/11/08 16:46:17] [INFO] [Nao_controller.py:1598]: RHipYawPitch is in End
[2024/11/08 16:46:17] [INFO] [Nao_controller.py:1403]: RHipPitch is in End
[2024/11/08 16:46:17] [INFO] [Nao_controller.py:1481]: RKneePitch is in End
[2024/11/08 16:46:17] [INFO] [Nao_controller.py:1520]: RAnklePitch is in End
[2024/11/08 16:46:17] [INFO] [Nao_controller.py:1559]: RAnkleRoll is in End
[2024/11/08 16:46:17] [INFO] [Nao_controller.py:1197]: LHipYawPitch is in End
[2024/11/08 16:46:17] [INFO] [Nao_controller.py:1002]: LHipPitch is in End
[2024/11/08 16:46:17] [INFO] [Nao_controller.py:1080]: LKneePitch is in End
[2024/11/08 16:46:17] [INFO] [Nao_controller.py:1119]: LAnklePitch is in End
[2024/11/08 16:46:17] [INFO] [Nao_controller.py:1158]: LAnkleRoll is in End
[2024/11/08 16:46:17] [INFO] [Nao_controller.py:1598]: RHipYawPitch is in End
[2024/11/08 16:46:17] [INFO] [Nao_controller.py:1403]: RHipPitch is in End
[2024/11/08 16:46:17] [INFO] [Nao_controller.py:1481]: RKneePitch is in End
[2024/11/08 16:46:17] [INFO] [Nao_controller.py:1520]: RAnklePitch is in End
[2024/11/08 16:46:17] [INFO] [Nao_controller.py:1559]: RAnkleRoll is in End
[2024/11/08 16:46:17] [INFO] [Nao_controller.py:1197]: LHipYawPitch is in End
[2024/11/08 16:46:17] [INFO] [Nao_controller.py:1002]: LHipPitch is in End
[2024/11/08 16:46:17] [INFO] [Nao_controller.py:1080]: LKneePitch is in End
[2024/11/08 16:46:17] [INFO] [Nao_controller.py:1119]: LAnklePitch is in End
[2024/11/08 16:46:17] [INFO] [Nao_controller.py:1158]: LAnkleRoll is in End
[2024/11/08 16:46:17] [INFO] [Nao_controller.py:1598]: RHipYawPitch is in End
[2024/11/08 16:46:17] [INFO] [Nao_controller.py:1403]: RHipPitch is in End
[2024/11/08 16:46:17] [INFO] [Nao_controller.py:1481]: RKneePitch is in End
[2024/11/08 16:46:17] [INFO] [Nao_controller.py:1520]: RAnklePitch is in End
[2024/11/08 16:46:17] [INFO] [Nao_controller.py:1559]: RAnkleRoll is in End
[2024/11/08 16:46:17] [INFO] [Nao_controller.py:1197]: LHipYawPitch is in End
[2024/11/08 16:46:17] [INFO] [Nao_controller.py:1002]: LHipPitch is in End
[2024/11/08 16:46:17] [INFO] [Nao_controller.py:1080]: LKneePitch is in End
[2024/11/08 16:46:17] [INFO] [Nao_controller.py:1119]: LAnklePitch is in End
[2024/11/08 16:46:17] [INFO] [Nao_controller.py:1158]: LAnkleRoll is in End
[2024/11/08 16:46:17] [INFO] [Nao_controller.py:1598]: RHipYawPitch is in End
[2024/11/08 16:46:17] [INFO] [Nao_controller.py:1403]: RHipPitch is in End
[2024/11/08 16:46:17] [INFO] [Nao_controller.py:1481]: RKneePitch is in End
[2024/11/08 16:46:17] [INFO] [Nao_controller.py:1520]: RAnklePitch is in End
[2024/11/08 16:46:17] [INFO] [Nao_controller.py:1559]: RAnkleRoll is in End
[2024/11/08 16:46:17] [INFO] [Nao_controller.py:1197]: LHipYawPitch is in End
[2024/11/08 16:46:17] [INFO] [Nao_controller.py:1002]: LHipPitch is in End
[2024/11/08 16:46:17] [INFO] [Nao_controller.py:1080]: LKneePitch is in End
[2024/11/08 16:46:17] [INFO] [Nao_controller.py:1119]: LAnklePitch is in End
[2024/11/08 16:46:17] [INFO] [Nao_controller.py:1158]: LAnkleRoll is in End
[2024/11/08 16:46:17] [INFO] [Nao_controller.py:1598]: RHipYawPitch is in End
[2024/11/08 16:46:17] [INFO] [Nao_controller.py:1403]: RHipPitch is in End
[2024/11/08 16:46:17] [INFO] [Nao_controller.py:1481]: RKneePitch is in End
[2024/11/08 16:46:17] [INFO] [Nao_controller.py:1520]: RAnklePitch is in End
[2024/11/08 16:46:17] [INFO] [Nao_controller.py:1559]: RAnkleRoll is in End
[2024/11/08 16:46:17] [INFO] [Nao_controller.py:1197]: LHipYawPitch is in End
[2024/11/08 16:46:17] [INFO] [Nao_controller.py:1002]: LHipPitch is in End
[2024/11/08 16:46:17] [INFO] [Nao_controller.py:1080]: LKneePitch is in End
[2024/11/08 16:46:17] [INFO] [Nao_controller.py:1119]: LAnklePitch is in End
[2024/11/08 16:46:17] [INFO] [Nao_controller.py:1158]: LAnkleRoll is in End
[2024/11/08 16:46:17] [INFO] [Nao_controller.py:1598]: RHipYawPitch is in End
[2024/11/08 16:46:17] [INFO] [Nao_controller.py:1403]: RHipPitch is in End
[2024/11/08 16:46:17] [INFO] [Nao_controller.py:1481]: RKneePitch is in End
[2024/11/08 16:46:17] [INFO] [Nao_controller.py:1520]: RAnklePitch is in End
[2024/11/08 16:46:17] [INFO] [Nao_controller.py:1559]: RAnkleRoll is in End
[2024/11/08 16:46:17] [INFO] [Nao_controller.py:1197]: LHipYawPitch is in End
[2024/11/08 16:46:17] [INFO] [Nao_controller.py:1002]: LHipPitch is in End
[2024/11/08 16:46:17] [INFO] [Nao_controller.py:1080]: LKneePitch is in End
[2024/11/08 16:46:17] [INFO] [Nao_controller.py:1119]: LAnklePitch is in End
[2024/11/08 16:46:17] [INFO] [Nao_controller.py:1158]: LAnkleRoll is in End
[2024/11/08 16:46:17] [INFO] [Nao_controller.py:1598]: RHipYawPitch is in End
[2024/11/08 16:46:17] [INFO] [Nao_controller.py:1403]: RHipPitch is in End
[2024/11/08 16:46:17] [INFO] [Nao_controller.py:1481]: RKneePitch is in End
[2024/11/08 16:46:17] [INFO] [Nao_controller.py:1520]: RAnklePitch is in End
[2024/11/08 16:46:17] [INFO] [Nao_controller.py:1559]: RAnkleRoll is in End
[2024/11/08 16:46:17] [INFO] [Nao_controller.py:1197]: LHipYawPitch is in End
[2024/11/08 16:46:17] [INFO] [Nao_controller.py:1002]: LHipPitch is in End
[2024/11/08 16:46:17] [INFO] [Nao_controller.py:1080]: LKneePitch is in End
[2024/11/08 16:46:17] [INFO] [Nao_controller.py:1119]: LAnklePitch is in End
[2024/11/08 16:46:17] [INFO] [Nao_controller.py:1158]: LAnkleRoll is in End
[2024/11/08 16:46:17] [INFO] [Nao_controller.py:1598]: RHipYawPitch is in End
[2024/11/08 16:46:17] [INFO] [Nao_controller.py:1403]: RHipPitch is in End
[2024/11/08 16:46:17] [INFO] [Nao_controller.py:1481]: RKneePitch is in End
[2024/11/08 16:46:17] [INFO] [Nao_controller.py:1520]: RAnklePitch is in End
[2024/11/08 16:46:17] [INFO] [Nao_controller.py:1559]: RAnkleRoll is in End
[2024/11/08 16:46:17] [INFO] [Nao_controller.py:1197]: LHipYawPitch is in End
[2024/11/08 16:46:17] [INFO] [Nao_controller.py:1002]: LHipPitch is in End
[2024/11/08 16:46:17] [INFO] [Nao_controller.py:1080]: LKneePitch is in End
[2024/11/08 16:46:17] [INFO] [Nao_controller.py:1119]: LAnklePitch is in End
[2024/11/08 16:46:17] [INFO] [Nao_controller.py:1158]: LAnkleRoll is in End
[2024/11/08 16:46:17] [INFO] [Nao_controller.py:1598]: RHipYawPitch is in End
[2024/11/08 16:46:17] [INFO] [Nao_controller.py:1403]: RHipPitch is in End
[2024/11/08 16:46:17] [INFO] [Nao_controller.py:1481]: RKneePitch is in End
[2024/11/08 16:46:17] [INFO] [Nao_controller.py:1520]: RAnklePitch is in End
[2024/11/08 16:46:17] [INFO] [Nao_controller.py:1559]: RAnkleRoll is in End
[2024/11/08 16:46:18] [INFO] [Nao_controller.py:1197]: LHipYawPitch is in End
[2024/11/08 16:46:18] [INFO] [Nao_controller.py:1002]: LHipPitch is in End
[2024/11/08 16:46:18] [INFO] [Nao_controller.py:1080]: LKneePitch is in End
[2024/11/08 16:46:18] [INFO] [Nao_controller.py:1119]: LAnklePitch is in End
[2024/11/08 16:46:18] [INFO] [Nao_controller.py:1158]: LAnkleRoll is in End
[2024/11/08 16:46:18] [INFO] [Nao_controller.py:1598]: RHipYawPitch is in End
[2024/11/08 16:46:18] [INFO] [Nao_controller.py:1403]: RHipPitch is in End
[2024/11/08 16:46:18] [INFO] [Nao_controller.py:1481]: RKneePitch is in End
[2024/11/08 16:46:18] [INFO] [Nao_controller.py:1520]: RAnklePitch is in End
[2024/11/08 16:46:18] [INFO] [Nao_controller.py:1559]: RAnkleRoll is in End
[2024/11/08 16:46:18] [INFO] [Nao_controller.py:1197]: LHipYawPitch is in End
[2024/11/08 16:46:18] [INFO] [Nao_controller.py:1002]: LHipPitch is in End
[2024/11/08 16:46:18] [INFO] [Nao_controller.py:1080]: LKneePitch is in End
[2024/11/08 16:46:18] [INFO] [Nao_controller.py:1119]: LAnklePitch is in End
[2024/11/08 16:46:18] [INFO] [Nao_controller.py:1158]: LAnkleRoll is in End
[2024/11/08 16:46:18] [INFO] [Nao_controller.py:1598]: RHipYawPitch is in End
[2024/11/08 16:46:18] [INFO] [Nao_controller.py:1403]: RHipPitch is in End
[2024/11/08 16:46:18] [INFO] [Nao_controller.py:1481]: RKneePitch is in End
[2024/11/08 16:46:18] [INFO] [Nao_controller.py:1520]: RAnklePitch is in End
[2024/11/08 16:46:18] [INFO] [Nao_controller.py:1559]: RAnkleRoll is in End
[2024/11/08 16:46:18] [INFO] [Nao_controller.py:1197]: LHipYawPitch is in End
[2024/11/08 16:46:18] [INFO] [Nao_controller.py:1002]: LHipPitch is in End
[2024/11/08 16:46:18] [INFO] [Nao_controller.py:1080]: LKneePitch is in End
[2024/11/08 16:46:18] [INFO] [Nao_controller.py:1119]: LAnklePitch is in End
[2024/11/08 16:46:18] [INFO] [Nao_controller.py:1158]: LAnkleRoll is in End
[2024/11/08 16:46:18] [INFO] [Nao_controller.py:1598]: RHipYawPitch is in End
[2024/11/08 16:46:18] [INFO] [Nao_controller.py:1403]: RHipPitch is in End
[2024/11/08 16:46:18] [INFO] [Nao_controller.py:1481]: RKneePitch is in End
[2024/11/08 16:46:18] [INFO] [Nao_controller.py:1520]: RAnklePitch is in End
[2024/11/08 16:46:18] [INFO] [Nao_controller.py:1559]: RAnkleRoll is in End
[2024/11/08 16:46:18] [INFO] [Nao_controller.py:1197]: LHipYawPitch is in End
[2024/11/08 16:46:18] [INFO] [Nao_controller.py:1002]: LHipPitch is in End
[2024/11/08 16:46:18] [INFO] [Nao_controller.py:1080]: LKneePitch is in End
[2024/11/08 16:46:18] [INFO] [Nao_controller.py:1119]: LAnklePitch is in End
[2024/11/08 16:46:18] [INFO] [Nao_controller.py:1158]: LAnkleRoll is in End
[2024/11/08 16:46:18] [INFO] [Nao_controller.py:1598]: RHipYawPitch is in End
[2024/11/08 16:46:18] [INFO] [Nao_controller.py:1403]: RHipPitch is in End
[2024/11/08 16:46:18] [INFO] [Nao_controller.py:1481]: RKneePitch is in End
[2024/11/08 16:46:18] [INFO] [Nao_controller.py:1520]: RAnklePitch is in End
[2024/11/08 16:46:18] [INFO] [Nao_controller.py:1559]: RAnkleRoll is in End
[2024/11/08 16:46:18] [INFO] [Nao_controller.py:1197]: LHipYawPitch is in End
[2024/11/08 16:46:18] [INFO] [Nao_controller.py:1002]: LHipPitch is in End
[2024/11/08 16:46:18] [INFO] [Nao_controller.py:1080]: LKneePitch is in End
[2024/11/08 16:46:18] [INFO] [Nao_controller.py:1119]: LAnklePitch is in End
[2024/11/08 16:46:18] [INFO] [Nao_controller.py:1158]: LAnkleRoll is in End
[2024/11/08 16:46:18] [INFO] [Nao_controller.py:1598]: RHipYawPitch is in End
[2024/11/08 16:46:18] [INFO] [Nao_controller.py:1403]: RHipPitch is in End
[2024/11/08 16:46:18] [INFO] [Nao_controller.py:1481]: RKneePitch is in End
[2024/11/08 16:46:18] [INFO] [Nao_controller.py:1520]: RAnklePitch is in End
[2024/11/08 16:46:18] [INFO] [Nao_controller.py:1559]: RAnkleRoll is in End
[2024/11/08 16:46:18] [INFO] [Nao_controller.py:1197]: LHipYawPitch is in End
[2024/11/08 16:46:18] [INFO] [Nao_controller.py:1002]: LHipPitch is in End
[2024/11/08 16:46:18] [INFO] [Nao_controller.py:1080]: LKneePitch is in End
[2024/11/08 16:46:18] [INFO] [Nao_controller.py:1119]: LAnklePitch is in End
[2024/11/08 16:46:18] [INFO] [Nao_controller.py:1158]: LAnkleRoll is in End
[2024/11/08 16:46:18] [INFO] [Nao_controller.py:1598]: RHipYawPitch is in End
[2024/11/08 16:46:18] [INFO] [Nao_controller.py:1403]: RHipPitch is in End
[2024/11/08 16:46:18] [INFO] [Nao_controller.py:1481]: RKneePitch is in End
[2024/11/08 16:46:18] [INFO] [Nao_controller.py:1520]: RAnklePitch is in End
[2024/11/08 16:46:18] [INFO] [Nao_controller.py:1559]: RAnkleRoll is in End
[2024/11/08 16:46:18] [INFO] [Nao_controller.py:1197]: LHipYawPitch is in End
[2024/11/08 16:46:18] [INFO] [Nao_controller.py:1002]: LHipPitch is in End
[2024/11/08 16:46:18] [INFO] [Nao_controller.py:1080]: LKneePitch is in End
[2024/11/08 16:46:18] [INFO] [Nao_controller.py:1119]: LAnklePitch is in End
[2024/11/08 16:46:18] [INFO] [Nao_controller.py:1158]: LAnkleRoll is in End
[2024/11/08 16:46:18] [INFO] [Nao_controller.py:1598]: RHipYawPitch is in End
[2024/11/08 16:46:18] [INFO] [Nao_controller.py:1403]: RHipPitch is in End
[2024/11/08 16:46:18] [INFO] [Nao_controller.py:1481]: RKneePitch is in End
[2024/11/08 16:46:18] [INFO] [Nao_controller.py:1520]: RAnklePitch is in End
[2024/11/08 16:46:18] [INFO] [Nao_controller.py:1559]: RAnkleRoll is in End
[2024/11/08 16:46:18] [INFO] [Nao_controller.py:1197]: LHipYawPitch is in End
[2024/11/08 16:46:18] [INFO] [Nao_controller.py:1002]: LHipPitch is in End
[2024/11/08 16:46:18] [INFO] [Nao_controller.py:1080]: LKneePitch is in End
[2024/11/08 16:46:18] [INFO] [Nao_controller.py:1119]: LAnklePitch is in End
[2024/11/08 16:46:18] [INFO] [Nao_controller.py:1158]: LAnkleRoll is in End
[2024/11/08 16:46:18] [INFO] [Nao_controller.py:1598]: RHipYawPitch is in End
[2024/11/08 16:46:18] [INFO] [Nao_controller.py:1403]: RHipPitch is in End
[2024/11/08 16:46:18] [INFO] [Nao_controller.py:1481]: RKneePitch is in End
[2024/11/08 16:46:18] [INFO] [Nao_controller.py:1520]: RAnklePitch is in End
[2024/11/08 16:46:18] [INFO] [Nao_controller.py:1559]: RAnkleRoll is in End
[2024/11/08 16:46:18] [INFO] [Nao_controller.py:1197]: LHipYawPitch is in End
[2024/11/08 16:46:18] [INFO] [Nao_controller.py:1002]: LHipPitch is in End
[2024/11/08 16:46:18] [INFO] [Nao_controller.py:1080]: LKneePitch is in End
[2024/11/08 16:46:18] [INFO] [Nao_controller.py:1119]: LAnklePitch is in End
[2024/11/08 16:46:18] [INFO] [Nao_controller.py:1158]: LAnkleRoll is in End
[2024/11/08 16:46:18] [INFO] [Nao_controller.py:1598]: RHipYawPitch is in End
[2024/11/08 16:46:18] [INFO] [Nao_controller.py:1403]: RHipPitch is in End
[2024/11/08 16:46:18] [INFO] [Nao_controller.py:1481]: RKneePitch is in End
[2024/11/08 16:46:18] [INFO] [Nao_controller.py:1520]: RAnklePitch is in End
[2024/11/08 16:46:18] [INFO] [Nao_controller.py:1559]: RAnkleRoll is in End
[2024/11/08 16:46:18] [INFO] [Nao_controller.py:1197]: LHipYawPitch is in End
[2024/11/08 16:46:18] [INFO] [Nao_controller.py:1002]: LHipPitch is in End
[2024/11/08 16:46:18] [INFO] [Nao_controller.py:1080]: LKneePitch is in End
[2024/11/08 16:46:18] [INFO] [Nao_controller.py:1119]: LAnklePitch is in End
[2024/11/08 16:46:18] [INFO] [Nao_controller.py:1158]: LAnkleRoll is in End
[2024/11/08 16:46:18] [INFO] [Nao_controller.py:1598]: RHipYawPitch is in End
[2024/11/08 16:46:18] [INFO] [Nao_controller.py:1403]: RHipPitch is in End
[2024/11/08 16:46:18] [INFO] [Nao_controller.py:1481]: RKneePitch is in End
[2024/11/08 16:46:18] [INFO] [Nao_controller.py:1520]: RAnklePitch is in End
[2024/11/08 16:46:18] [INFO] [Nao_controller.py:1559]: RAnkleRoll is in End
[2024/11/08 16:46:18] [INFO] [Nao_controller.py:1197]: LHipYawPitch is in End
[2024/11/08 16:46:18] [INFO] [Nao_controller.py:1002]: LHipPitch is in End
[2024/11/08 16:46:18] [INFO] [Nao_controller.py:1080]: LKneePitch is in End
[2024/11/08 16:46:18] [INFO] [Nao_controller.py:1119]: LAnklePitch is in End
[2024/11/08 16:46:18] [INFO] [Nao_controller.py:1158]: LAnkleRoll is in End
[2024/11/08 16:46:18] [INFO] [Nao_controller.py:1598]: RHipYawPitch is in End
[2024/11/08 16:46:18] [INFO] [Nao_controller.py:1403]: RHipPitch is in End
[2024/11/08 16:46:18] [INFO] [Nao_controller.py:1481]: RKneePitch is in End
[2024/11/08 16:46:18] [INFO] [Nao_controller.py:1520]: RAnklePitch is in End
[2024/11/08 16:46:18] [INFO] [Nao_controller.py:1559]: RAnkleRoll is in End
[2024/11/08 16:46:18] [INFO] [Nao_controller.py:1197]: LHipYawPitch is in End
[2024/11/08 16:46:18] [INFO] [Nao_controller.py:1002]: LHipPitch is in End
[2024/11/08 16:46:18] [INFO] [Nao_controller.py:1080]: LKneePitch is in End
[2024/11/08 16:46:18] [INFO] [Nao_controller.py:1119]: LAnklePitch is in End
[2024/11/08 16:46:18] [INFO] [Nao_controller.py:1158]: LAnkleRoll is in End
[2024/11/08 16:46:18] [INFO] [Nao_controller.py:1598]: RHipYawPitch is in End
[2024/11/08 16:46:18] [INFO] [Nao_controller.py:1403]: RHipPitch is in End
[2024/11/08 16:46:18] [INFO] [Nao_controller.py:1481]: RKneePitch is in End
[2024/11/08 16:46:18] [INFO] [Nao_controller.py:1520]: RAnklePitch is in End
[2024/11/08 16:46:18] [INFO] [Nao_controller.py:1559]: RAnkleRoll is in End
[2024/11/08 16:46:18] [INFO] [Nao_controller.py:1197]: LHipYawPitch is in End
[2024/11/08 16:46:18] [INFO] [Nao_controller.py:1002]: LHipPitch is in End
[2024/11/08 16:46:18] [INFO] [Nao_controller.py:1080]: LKneePitch is in End
[2024/11/08 16:46:18] [INFO] [Nao_controller.py:1119]: LAnklePitch is in End
[2024/11/08 16:46:18] [INFO] [Nao_controller.py:1158]: LAnkleRoll is in End
[2024/11/08 16:46:18] [INFO] [Nao_controller.py:1598]: RHipYawPitch is in End
[2024/11/08 16:46:18] [INFO] [Nao_controller.py:1403]: RHipPitch is in End
[2024/11/08 16:46:18] [INFO] [Nao_controller.py:1481]: RKneePitch is in End
[2024/11/08 16:46:18] [INFO] [Nao_controller.py:1520]: RAnklePitch is in End
[2024/11/08 16:46:18] [INFO] [Nao_controller.py:1559]: RAnkleRoll is in End
[2024/11/08 16:46:18] [INFO] [Nao_controller.py:1197]: LHipYawPitch is in End
[2024/11/08 16:46:18] [INFO] [Nao_controller.py:1002]: LHipPitch is in End
[2024/11/08 16:46:18] [INFO] [Nao_controller.py:1080]: LKneePitch is in End
[2024/11/08 16:46:18] [INFO] [Nao_controller.py:1119]: LAnklePitch is in End
[2024/11/08 16:46:18] [INFO] [Nao_controller.py:1158]: LAnkleRoll is in End
[2024/11/08 16:46:18] [INFO] [Nao_controller.py:1598]: RHipYawPitch is in End
[2024/11/08 16:46:18] [INFO] [Nao_controller.py:1403]: RHipPitch is in End
[2024/11/08 16:46:18] [INFO] [Nao_controller.py:1481]: RKneePitch is in End
[2024/11/08 16:46:18] [INFO] [Nao_controller.py:1520]: RAnklePitch is in End
[2024/11/08 16:46:18] [INFO] [Nao_controller.py:1559]: RAnkleRoll is in End
[2024/11/08 16:46:18] [INFO] [Nao_controller.py:1197]: LHipYawPitch is in End
[2024/11/08 16:46:18] [INFO] [Nao_controller.py:1002]: LHipPitch is in End
[2024/11/08 16:46:18] [INFO] [Nao_controller.py:1080]: LKneePitch is in End
[2024/11/08 16:46:18] [INFO] [Nao_controller.py:1119]: LAnklePitch is in End
[2024/11/08 16:46:18] [INFO] [Nao_controller.py:1158]: LAnkleRoll is in End
[2024/11/08 16:46:18] [INFO] [Nao_controller.py:1598]: RHipYawPitch is in End
[2024/11/08 16:46:18] [INFO] [Nao_controller.py:1403]: RHipPitch is in End
[2024/11/08 16:46:18] [INFO] [Nao_controller.py:1481]: RKneePitch is in End
[2024/11/08 16:46:18] [INFO] [Nao_controller.py:1520]: RAnklePitch is in End
[2024/11/08 16:46:18] [INFO] [Nao_controller.py:1559]: RAnkleRoll is in End
[2024/11/08 16:46:18] [INFO] [Nao_controller.py:1197]: LHipYawPitch is in End
[2024/11/08 16:46:18] [INFO] [Nao_controller.py:1002]: LHipPitch is in End
[2024/11/08 16:46:18] [INFO] [Nao_controller.py:1080]: LKneePitch is in End
[2024/11/08 16:46:18] [INFO] [Nao_controller.py:1119]: LAnklePitch is in End
[2024/11/08 16:46:18] [INFO] [Nao_controller.py:1158]: LAnkleRoll is in End
[2024/11/08 16:46:18] [INFO] [Nao_controller.py:1598]: RHipYawPitch is in End
[2024/11/08 16:46:18] [INFO] [Nao_controller.py:1403]: RHipPitch is in End
[2024/11/08 16:46:18] [INFO] [Nao_controller.py:1481]: RKneePitch is in End
[2024/11/08 16:46:18] [INFO] [Nao_controller.py:1520]: RAnklePitch is in End
[2024/11/08 16:46:18] [INFO] [Nao_controller.py:1559]: RAnkleRoll is in End
[2024/11/08 16:46:18] [INFO] [Nao_controller.py:1197]: LHipYawPitch is in End
[2024/11/08 16:46:18] [INFO] [Nao_controller.py:1002]: LHipPitch is in End
[2024/11/08 16:46:18] [INFO] [Nao_controller.py:1080]: LKneePitch is in End
[2024/11/08 16:46:18] [INFO] [Nao_controller.py:1119]: LAnklePitch is in End
[2024/11/08 16:46:18] [INFO] [Nao_controller.py:1158]: LAnkleRoll is in End
[2024/11/08 16:46:18] [INFO] [Nao_controller.py:1598]: RHipYawPitch is in End
[2024/11/08 16:46:18] [INFO] [Nao_controller.py:1403]: RHipPitch is in End
[2024/11/08 16:46:18] [INFO] [Nao_controller.py:1481]: RKneePitch is in End
[2024/11/08 16:46:18] [INFO] [Nao_controller.py:1520]: RAnklePitch is in End
[2024/11/08 16:46:18] [INFO] [Nao_controller.py:1559]: RAnkleRoll is in End
[2024/11/08 16:46:18] [INFO] [Nao_controller.py:1197]: LHipYawPitch is in End
[2024/11/08 16:46:18] [INFO] [Nao_controller.py:1002]: LHipPitch is in End
[2024/11/08 16:46:18] [INFO] [Nao_controller.py:1080]: LKneePitch is in End
[2024/11/08 16:46:18] [INFO] [Nao_controller.py:1119]: LAnklePitch is in End
[2024/11/08 16:46:18] [INFO] [Nao_controller.py:1158]: LAnkleRoll is in End
[2024/11/08 16:46:18] [INFO] [Nao_controller.py:1598]: RHipYawPitch is in End
[2024/11/08 16:46:18] [INFO] [Nao_controller.py:1403]: RHipPitch is in End
[2024/11/08 16:46:18] [INFO] [Nao_controller.py:1481]: RKneePitch is in End
[2024/11/08 16:46:18] [INFO] [Nao_controller.py:1520]: RAnklePitch is in End
[2024/11/08 16:46:18] [INFO] [Nao_controller.py:1559]: RAnkleRoll is in End
[2024/11/08 16:46:18] [INFO] [Nao_controller.py:1197]: LHipYawPitch is in End
[2024/11/08 16:46:18] [INFO] [Nao_controller.py:1002]: LHipPitch is in End
[2024/11/08 16:46:18] [INFO] [Nao_controller.py:1080]: LKneePitch is in End
[2024/11/08 16:46:18] [INFO] [Nao_controller.py:1119]: LAnklePitch is in End
[2024/11/08 16:46:18] [INFO] [Nao_controller.py:1158]: LAnkleRoll is in End
[2024/11/08 16:46:18] [INFO] [Nao_controller.py:1598]: RHipYawPitch is in End
[2024/11/08 16:46:18] [INFO] [Nao_controller.py:1403]: RHipPitch is in End
[2024/11/08 16:46:18] [INFO] [Nao_controller.py:1481]: RKneePitch is in End
[2024/11/08 16:46:18] [INFO] [Nao_controller.py:1520]: RAnklePitch is in End
[2024/11/08 16:46:18] [INFO] [Nao_controller.py:1559]: RAnkleRoll is in End
[2024/11/08 16:46:18] [INFO] [Nao_controller.py:1197]: LHipYawPitch is in End
[2024/11/08 16:46:18] [INFO] [Nao_controller.py:1002]: LHipPitch is in End
[2024/11/08 16:46:18] [INFO] [Nao_controller.py:1080]: LKneePitch is in End
[2024/11/08 16:46:18] [INFO] [Nao_controller.py:1119]: LAnklePitch is in End
[2024/11/08 16:46:18] [INFO] [Nao_controller.py:1158]: LAnkleRoll is in End
[2024/11/08 16:46:18] [INFO] [Nao_controller.py:1598]: RHipYawPitch is in End
[2024/11/08 16:46:18] [INFO] [Nao_controller.py:1403]: RHipPitch is in End
[2024/11/08 16:46:18] [INFO] [Nao_controller.py:1481]: RKneePitch is in End
[2024/11/08 16:46:18] [INFO] [Nao_controller.py:1520]: RAnklePitch is in End
[2024/11/08 16:46:18] [INFO] [Nao_controller.py:1559]: RAnkleRoll is in End
[2024/11/08 16:46:18] [INFO] [Nao_controller.py:1197]: LHipYawPitch is in End
[2024/11/08 16:46:18] [INFO] [Nao_controller.py:1002]: LHipPitch is in End
[2024/11/08 16:46:18] [INFO] [Nao_controller.py:1080]: LKneePitch is in End
[2024/11/08 16:46:18] [INFO] [Nao_controller.py:1119]: LAnklePitch is in End
[2024/11/08 16:46:18] [INFO] [Nao_controller.py:1158]: LAnkleRoll is in End
[2024/11/08 16:46:18] [INFO] [Nao_controller.py:1598]: RHipYawPitch is in End
[2024/11/08 16:46:18] [INFO] [Nao_controller.py:1403]: RHipPitch is in End
[2024/11/08 16:46:18] [INFO] [Nao_controller.py:1481]: RKneePitch is in End
[2024/11/08 16:46:18] [INFO] [Nao_controller.py:1520]: RAnklePitch is in End
[2024/11/08 16:46:18] [INFO] [Nao_controller.py:1559]: RAnkleRoll is in End
[2024/11/08 16:46:18] [INFO] [Nao_controller.py:1197]: LHipYawPitch is in End
[2024/11/08 16:46:18] [INFO] [Nao_controller.py:1002]: LHipPitch is in End
[2024/11/08 16:46:18] [INFO] [Nao_controller.py:1080]: LKneePitch is in End
[2024/11/08 16:46:18] [INFO] [Nao_controller.py:1119]: LAnklePitch is in End
[2024/11/08 16:46:18] [INFO] [Nao_controller.py:1158]: LAnkleRoll is in End
[2024/11/08 16:46:18] [INFO] [Nao_controller.py:1598]: RHipYawPitch is in End
[2024/11/08 16:46:18] [INFO] [Nao_controller.py:1403]: RHipPitch is in End
[2024/11/08 16:46:18] [INFO] [Nao_controller.py:1481]: RKneePitch is in End
[2024/11/08 16:46:18] [INFO] [Nao_controller.py:1520]: RAnklePitch is in End
[2024/11/08 16:46:18] [INFO] [Nao_controller.py:1559]: RAnkleRoll is in End
[2024/11/08 16:46:18] [INFO] [Nao_controller.py:1197]: LHipYawPitch is in End
[2024/11/08 16:46:18] [INFO] [Nao_controller.py:1002]: LHipPitch is in End
[2024/11/08 16:46:18] [INFO] [Nao_controller.py:1080]: LKneePitch is in End
[2024/11/08 16:46:18] [INFO] [Nao_controller.py:1119]: LAnklePitch is in End
[2024/11/08 16:46:18] [INFO] [Nao_controller.py:1158]: LAnkleRoll is in End
[2024/11/08 16:46:18] [INFO] [Nao_controller.py:1598]: RHipYawPitch is in End
[2024/11/08 16:46:18] [INFO] [Nao_controller.py:1403]: RHipPitch is in End
[2024/11/08 16:46:18] [INFO] [Nao_controller.py:1481]: RKneePitch is in End
[2024/11/08 16:46:18] [INFO] [Nao_controller.py:1520]: RAnklePitch is in End
[2024/11/08 16:46:18] [INFO] [Nao_controller.py:1559]: RAnkleRoll is in End
[2024/11/08 16:46:18] [INFO] [Nao_controller.py:1197]: LHipYawPitch is in End
[2024/11/08 16:46:18] [INFO] [Nao_controller.py:1002]: LHipPitch is in End
[2024/11/08 16:46:18] [INFO] [Nao_controller.py:1080]: LKneePitch is in End
[2024/11/08 16:46:18] [INFO] [Nao_controller.py:1119]: LAnklePitch is in End
[2024/11/08 16:46:18] [INFO] [Nao_controller.py:1158]: LAnkleRoll is in End
[2024/11/08 16:46:18] [INFO] [Nao_controller.py:1598]: RHipYawPitch is in End
[2024/11/08 16:46:18] [INFO] [Nao_controller.py:1403]: RHipPitch is in End
[2024/11/08 16:46:18] [INFO] [Nao_controller.py:1481]: RKneePitch is in End
[2024/11/08 16:46:18] [INFO] [Nao_controller.py:1520]: RAnklePitch is in End
[2024/11/08 16:46:18] [INFO] [Nao_controller.py:1559]: RAnkleRoll is in End
[2024/11/08 16:46:18] [INFO] [Nao_controller.py:1197]: LHipYawPitch is in End
[2024/11/08 16:46:18] [INFO] [Nao_controller.py:1002]: LHipPitch is in End
[2024/11/08 16:46:18] [INFO] [Nao_controller.py:1080]: LKneePitch is in End
[2024/11/08 16:46:18] [INFO] [Nao_controller.py:1119]: LAnklePitch is in End
[2024/11/08 16:46:18] [INFO] [Nao_controller.py:1158]: LAnkleRoll is in End
[2024/11/08 16:46:18] [INFO] [Nao_controller.py:1598]: RHipYawPitch is in End
[2024/11/08 16:46:18] [INFO] [Nao_controller.py:1403]: RHipPitch is in End
[2024/11/08 16:46:18] [INFO] [Nao_controller.py:1481]: RKneePitch is in End
[2024/11/08 16:46:18] [INFO] [Nao_controller.py:1520]: RAnklePitch is in End
[2024/11/08 16:46:18] [INFO] [Nao_controller.py:1559]: RAnkleRoll is in End
[2024/11/08 16:46:18] [INFO] [Nao_controller.py:1197]: LHipYawPitch is in End
[2024/11/08 16:46:18] [INFO] [Nao_controller.py:1002]: LHipPitch is in End
[2024/11/08 16:46:18] [INFO] [Nao_controller.py:1080]: LKneePitch is in End
[2024/11/08 16:46:18] [INFO] [Nao_controller.py:1119]: LAnklePitch is in End
[2024/11/08 16:46:18] [INFO] [Nao_controller.py:1158]: LAnkleRoll is in End
[2024/11/08 16:46:18] [INFO] [Nao_controller.py:1598]: RHipYawPitch is in End
[2024/11/08 16:46:18] [INFO] [Nao_controller.py:1403]: RHipPitch is in End
[2024/11/08 16:46:18] [INFO] [Nao_controller.py:1481]: RKneePitch is in End
[2024/11/08 16:46:18] [INFO] [Nao_controller.py:1520]: RAnklePitch is in End
[2024/11/08 16:46:18] [INFO] [Nao_controller.py:1559]: RAnkleRoll is in End
[2024/11/08 16:46:18] [INFO] [Nao_controller.py:1197]: LHipYawPitch is in End
[2024/11/08 16:46:18] [INFO] [Nao_controller.py:1002]: LHipPitch is in End
[2024/11/08 16:46:18] [INFO] [Nao_controller.py:1080]: LKneePitch is in End
[2024/11/08 16:46:18] [INFO] [Nao_controller.py:1119]: LAnklePitch is in End
[2024/11/08 16:46:18] [INFO] [Nao_controller.py:1158]: LAnkleRoll is in End
[2024/11/08 16:46:18] [INFO] [Nao_controller.py:1598]: RHipYawPitch is in End
[2024/11/08 16:46:18] [INFO] [Nao_controller.py:1403]: RHipPitch is in End
[2024/11/08 16:46:18] [INFO] [Nao_controller.py:1481]: RKneePitch is in End
[2024/11/08 16:46:18] [INFO] [Nao_controller.py:1520]: RAnklePitch is in End
[2024/11/08 16:46:18] [INFO] [Nao_controller.py:1559]: RAnkleRoll is in End
[2024/11/08 16:46:18] [INFO] [Nao_controller.py:1197]: LHipYawPitch is in End
[2024/11/08 16:46:18] [INFO] [Nao_controller.py:1002]: LHipPitch is in End
[2024/11/08 16:46:18] [INFO] [Nao_controller.py:1080]: LKneePitch is in End
[2024/11/08 16:46:18] [INFO] [Nao_controller.py:1119]: LAnklePitch is in End
[2024/11/08 16:46:18] [INFO] [Nao_controller.py:1158]: LAnkleRoll is in End
[2024/11/08 16:46:18] [INFO] [Nao_controller.py:1598]: RHipYawPitch is in End
[2024/11/08 16:46:18] [INFO] [Nao_controller.py:1403]: RHipPitch is in End
[2024/11/08 16:46:18] [INFO] [Nao_controller.py:1481]: RKneePitch is in End
[2024/11/08 16:46:18] [INFO] [Nao_controller.py:1520]: RAnklePitch is in End
[2024/11/08 16:46:18] [INFO] [Nao_controller.py:1559]: RAnkleRoll is in End
[2024/11/08 16:46:18] [INFO] [Nao_controller.py:1197]: LHipYawPitch is in End
[2024/11/08 16:46:18] [INFO] [Nao_controller.py:1002]: LHipPitch is in End
[2024/11/08 16:46:18] [INFO] [Nao_controller.py:1080]: LKneePitch is in End
[2024/11/08 16:46:18] [INFO] [Nao_controller.py:1119]: LAnklePitch is in End
[2024/11/08 16:46:18] [INFO] [Nao_controller.py:1158]: LAnkleRoll is in End
[2024/11/08 16:46:18] [INFO] [Nao_controller.py:1598]: RHipYawPitch is in End
[2024/11/08 16:46:18] [INFO] [Nao_controller.py:1403]: RHipPitch is in End
[2024/11/08 16:46:18] [INFO] [Nao_controller.py:1481]: RKneePitch is in End
[2024/11/08 16:46:18] [INFO] [Nao_controller.py:1520]: RAnklePitch is in End
[2024/11/08 16:46:18] [INFO] [Nao_controller.py:1559]: RAnkleRoll is in End
[2024/11/08 16:46:18] [INFO] [Nao_controller.py:1197]: LHipYawPitch is in End
[2024/11/08 16:46:18] [INFO] [Nao_controller.py:1002]: LHipPitch is in End
[2024/11/08 16:46:18] [INFO] [Nao_controller.py:1080]: LKneePitch is in End
[2024/11/08 16:46:18] [INFO] [Nao_controller.py:1119]: LAnklePitch is in End
[2024/11/08 16:46:18] [INFO] [Nao_controller.py:1158]: LAnkleRoll is in End
[2024/11/08 16:46:18] [INFO] [Nao_controller.py:1598]: RHipYawPitch is in End
[2024/11/08 16:46:18] [INFO] [Nao_controller.py:1403]: RHipPitch is in End
[2024/11/08 16:46:18] [INFO] [Nao_controller.py:1481]: RKneePitch is in End
[2024/11/08 16:46:18] [INFO] [Nao_controller.py:1520]: RAnklePitch is in End
[2024/11/08 16:46:18] [INFO] [Nao_controller.py:1559]: RAnkleRoll is in End
[2024/11/08 16:46:18] [INFO] [Nao_controller.py:1197]: LHipYawPitch is in End
[2024/11/08 16:46:18] [INFO] [Nao_controller.py:1002]: LHipPitch is in End
[2024/11/08 16:46:18] [INFO] [Nao_controller.py:1080]: LKneePitch is in End
[2024/11/08 16:46:18] [INFO] [Nao_controller.py:1119]: LAnklePitch is in End
[2024/11/08 16:46:18] [INFO] [Nao_controller.py:1158]: LAnkleRoll is in End
[2024/11/08 16:46:18] [INFO] [Nao_controller.py:1598]: RHipYawPitch is in End
[2024/11/08 16:46:18] [INFO] [Nao_controller.py:1403]: RHipPitch is in End
[2024/11/08 16:46:18] [INFO] [Nao_controller.py:1481]: RKneePitch is in End
[2024/11/08 16:46:18] [INFO] [Nao_controller.py:1520]: RAnklePitch is in End
[2024/11/08 16:46:18] [INFO] [Nao_controller.py:1559]: RAnkleRoll is in End
[2024/11/08 16:46:19] [INFO] [Nao_controller.py:1197]: LHipYawPitch is in End
[2024/11/08 16:46:19] [INFO] [Nao_controller.py:1002]: LHipPitch is in End
[2024/11/08 16:46:19] [INFO] [Nao_controller.py:1080]: LKneePitch is in End
[2024/11/08 16:46:19] [INFO] [Nao_controller.py:1119]: LAnklePitch is in End
[2024/11/08 16:46:19] [INFO] [Nao_controller.py:1158]: LAnkleRoll is in End
[2024/11/08 16:46:19] [INFO] [Nao_controller.py:1598]: RHipYawPitch is in End
[2024/11/08 16:46:19] [INFO] [Nao_controller.py:1403]: RHipPitch is in End
[2024/11/08 16:46:19] [INFO] [Nao_controller.py:1481]: RKneePitch is in End
[2024/11/08 16:46:19] [INFO] [Nao_controller.py:1520]: RAnklePitch is in End
[2024/11/08 16:46:19] [INFO] [Nao_controller.py:1559]: RAnkleRoll is in End
[2024/11/08 16:46:19] [INFO] [Nao_controller.py:1197]: LHipYawPitch is in End
[2024/11/08 16:46:19] [INFO] [Nao_controller.py:1002]: LHipPitch is in End
[2024/11/08 16:46:19] [INFO] [Nao_controller.py:1080]: LKneePitch is in End
[2024/11/08 16:46:19] [INFO] [Nao_controller.py:1119]: LAnklePitch is in End
[2024/11/08 16:46:19] [INFO] [Nao_controller.py:1158]: LAnkleRoll is in End
[2024/11/08 16:46:19] [INFO] [Nao_controller.py:1598]: RHipYawPitch is in End
[2024/11/08 16:46:19] [INFO] [Nao_controller.py:1403]: RHipPitch is in End
[2024/11/08 16:46:19] [INFO] [Nao_controller.py:1481]: RKneePitch is in End
[2024/11/08 16:46:19] [INFO] [Nao_controller.py:1520]: RAnklePitch is in End
[2024/11/08 16:46:19] [INFO] [Nao_controller.py:1559]: RAnkleRoll is in End
[2024/11/08 16:46:19] [INFO] [Nao_controller.py:1197]: LHipYawPitch is in End
[2024/11/08 16:46:19] [INFO] [Nao_controller.py:1002]: LHipPitch is in End
[2024/11/08 16:46:19] [INFO] [Nao_controller.py:1080]: LKneePitch is in End
[2024/11/08 16:46:19] [INFO] [Nao_controller.py:1119]: LAnklePitch is in End
[2024/11/08 16:46:19] [INFO] [Nao_controller.py:1158]: LAnkleRoll is in End
[2024/11/08 16:46:19] [INFO] [Nao_controller.py:1598]: RHipYawPitch is in End
[2024/11/08 16:46:19] [INFO] [Nao_controller.py:1403]: RHipPitch is in End
[2024/11/08 16:46:19] [INFO] [Nao_controller.py:1481]: RKneePitch is in End
[2024/11/08 16:46:19] [INFO] [Nao_controller.py:1520]: RAnklePitch is in End
[2024/11/08 16:46:19] [INFO] [Nao_controller.py:1559]: RAnkleRoll is in End
[2024/11/08 16:46:19] [INFO] [Nao_controller.py:1197]: LHipYawPitch is in End
[2024/11/08 16:46:19] [INFO] [Nao_controller.py:1002]: LHipPitch is in End
[2024/11/08 16:46:19] [INFO] [Nao_controller.py:1080]: LKneePitch is in End
[2024/11/08 16:46:19] [INFO] [Nao_controller.py:1119]: LAnklePitch is in End
[2024/11/08 16:46:19] [INFO] [Nao_controller.py:1158]: LAnkleRoll is in End
[2024/11/08 16:46:19] [INFO] [Nao_controller.py:1598]: RHipYawPitch is in End
[2024/11/08 16:46:19] [INFO] [Nao_controller.py:1403]: RHipPitch is in End
[2024/11/08 16:46:19] [INFO] [Nao_controller.py:1481]: RKneePitch is in End
[2024/11/08 16:46:19] [INFO] [Nao_controller.py:1520]: RAnklePitch is in End
[2024/11/08 16:46:19] [INFO] [Nao_controller.py:1559]: RAnkleRoll is in End
[2024/11/08 16:46:19] [INFO] [Nao_controller.py:1197]: LHipYawPitch is in End
[2024/11/08 16:46:19] [INFO] [Nao_controller.py:1002]: LHipPitch is in End
[2024/11/08 16:46:19] [INFO] [Nao_controller.py:1080]: LKneePitch is in End
[2024/11/08 16:46:19] [INFO] [Nao_controller.py:1119]: LAnklePitch is in End
[2024/11/08 16:46:19] [INFO] [Nao_controller.py:1158]: LAnkleRoll is in End
[2024/11/08 16:46:19] [INFO] [Nao_controller.py:1598]: RHipYawPitch is in End
[2024/11/08 16:46:19] [INFO] [Nao_controller.py:1403]: RHipPitch is in End
[2024/11/08 16:46:19] [INFO] [Nao_controller.py:1481]: RKneePitch is in End
[2024/11/08 16:46:19] [INFO] [Nao_controller.py:1520]: RAnklePitch is in End
[2024/11/08 16:46:19] [INFO] [Nao_controller.py:1559]: RAnkleRoll is in End
[2024/11/08 16:46:19] [INFO] [Nao_controller.py:1197]: LHipYawPitch is in End
[2024/11/08 16:46:19] [INFO] [Nao_controller.py:1002]: LHipPitch is in End
[2024/11/08 16:46:19] [INFO] [Nao_controller.py:1080]: LKneePitch is in End
[2024/11/08 16:46:19] [INFO] [Nao_controller.py:1119]: LAnklePitch is in End
[2024/11/08 16:46:19] [INFO] [Nao_controller.py:1158]: LAnkleRoll is in End
[2024/11/08 16:46:19] [INFO] [Nao_controller.py:1598]: RHipYawPitch is in End
[2024/11/08 16:46:19] [INFO] [Nao_controller.py:1403]: RHipPitch is in End
[2024/11/08 16:46:19] [INFO] [Nao_controller.py:1481]: RKneePitch is in End
[2024/11/08 16:46:19] [INFO] [Nao_controller.py:1520]: RAnklePitch is in End
[2024/11/08 16:46:19] [INFO] [Nao_controller.py:1559]: RAnkleRoll is in End
[2024/11/08 16:46:19] [INFO] [Nao_controller.py:1197]: LHipYawPitch is in End
[2024/11/08 16:46:19] [INFO] [Nao_controller.py:1002]: LHipPitch is in End
[2024/11/08 16:46:19] [INFO] [Nao_controller.py:1080]: LKneePitch is in End
[2024/11/08 16:46:19] [INFO] [Nao_controller.py:1119]: LAnklePitch is in End
[2024/11/08 16:46:19] [INFO] [Nao_controller.py:1158]: LAnkleRoll is in End
[2024/11/08 16:46:19] [INFO] [Nao_controller.py:1598]: RHipYawPitch is in End
[2024/11/08 16:46:19] [INFO] [Nao_controller.py:1403]: RHipPitch is in End
[2024/11/08 16:46:19] [INFO] [Nao_controller.py:1481]: RKneePitch is in End
[2024/11/08 16:46:19] [INFO] [Nao_controller.py:1520]: RAnklePitch is in End
[2024/11/08 16:46:19] [INFO] [Nao_controller.py:1559]: RAnkleRoll is in End
[2024/11/08 16:46:19] [INFO] [Nao_controller.py:1197]: LHipYawPitch is in End
[2024/11/08 16:46:19] [INFO] [Nao_controller.py:1002]: LHipPitch is in End
[2024/11/08 16:46:19] [INFO] [Nao_controller.py:1080]: LKneePitch is in End
[2024/11/08 16:46:19] [INFO] [Nao_controller.py:1119]: LAnklePitch is in End
[2024/11/08 16:46:19] [INFO] [Nao_controller.py:1158]: LAnkleRoll is in End
[2024/11/08 16:46:19] [INFO] [Nao_controller.py:1598]: RHipYawPitch is in End
[2024/11/08 16:46:19] [INFO] [Nao_controller.py:1403]: RHipPitch is in End
[2024/11/08 16:46:19] [INFO] [Nao_controller.py:1481]: RKneePitch is in End
[2024/11/08 16:46:19] [INFO] [Nao_controller.py:1520]: RAnklePitch is in End
[2024/11/08 16:46:19] [INFO] [Nao_controller.py:1559]: RAnkleRoll is in End
[2024/11/08 16:46:19] [INFO] [Nao_controller.py:1197]: LHipYawPitch is in End
[2024/11/08 16:46:19] [INFO] [Nao_controller.py:1002]: LHipPitch is in End
[2024/11/08 16:46:19] [INFO] [Nao_controller.py:1080]: LKneePitch is in End
[2024/11/08 16:46:19] [INFO] [Nao_controller.py:1119]: LAnklePitch is in End
[2024/11/08 16:46:19] [INFO] [Nao_controller.py:1158]: LAnkleRoll is in End
[2024/11/08 16:46:19] [INFO] [Nao_controller.py:1598]: RHipYawPitch is in End
[2024/11/08 16:46:19] [INFO] [Nao_controller.py:1403]: RHipPitch is in End
[2024/11/08 16:46:19] [INFO] [Nao_controller.py:1481]: RKneePitch is in End
[2024/11/08 16:46:19] [INFO] [Nao_controller.py:1520]: RAnklePitch is in End
[2024/11/08 16:46:19] [INFO] [Nao_controller.py:1559]: RAnkleRoll is in End
[2024/11/08 16:46:19] [INFO] [Nao_controller.py:1197]: LHipYawPitch is in End
[2024/11/08 16:46:19] [INFO] [Nao_controller.py:1002]: LHipPitch is in End
[2024/11/08 16:46:19] [INFO] [Nao_controller.py:1080]: LKneePitch is in End
[2024/11/08 16:46:19] [INFO] [Nao_controller.py:1119]: LAnklePitch is in End
[2024/11/08 16:46:19] [INFO] [Nao_controller.py:1158]: LAnkleRoll is in End
[2024/11/08 16:46:19] [INFO] [Nao_controller.py:1598]: RHipYawPitch is in End
[2024/11/08 16:46:19] [INFO] [Nao_controller.py:1403]: RHipPitch is in End
[2024/11/08 16:46:19] [INFO] [Nao_controller.py:1481]: RKneePitch is in End
[2024/11/08 16:46:19] [INFO] [Nao_controller.py:1520]: RAnklePitch is in End
[2024/11/08 16:46:19] [INFO] [Nao_controller.py:1559]: RAnkleRoll is in End
[2024/11/08 16:46:19] [INFO] [Nao_controller.py:1197]: LHipYawPitch is in End
[2024/11/08 16:46:19] [INFO] [Nao_controller.py:1002]: LHipPitch is in End
[2024/11/08 16:46:19] [INFO] [Nao_controller.py:1080]: LKneePitch is in End
[2024/11/08 16:46:19] [INFO] [Nao_controller.py:1119]: LAnklePitch is in End
[2024/11/08 16:46:19] [INFO] [Nao_controller.py:1158]: LAnkleRoll is in End
[2024/11/08 16:46:19] [INFO] [Nao_controller.py:1598]: RHipYawPitch is in End
[2024/11/08 16:46:19] [INFO] [Nao_controller.py:1403]: RHipPitch is in End
[2024/11/08 16:46:19] [INFO] [Nao_controller.py:1481]: RKneePitch is in End
[2024/11/08 16:46:19] [INFO] [Nao_controller.py:1520]: RAnklePitch is in End
[2024/11/08 16:46:19] [INFO] [Nao_controller.py:1559]: RAnkleRoll is in End
[2024/11/08 16:46:19] [INFO] [Nao_controller.py:1197]: LHipYawPitch is in End
[2024/11/08 16:46:19] [INFO] [Nao_controller.py:1002]: LHipPitch is in End
[2024/11/08 16:46:19] [INFO] [Nao_controller.py:1080]: LKneePitch is in End
[2024/11/08 16:46:19] [INFO] [Nao_controller.py:1119]: LAnklePitch is in End
[2024/11/08 16:46:19] [INFO] [Nao_controller.py:1158]: LAnkleRoll is in End
[2024/11/08 16:46:19] [INFO] [Nao_controller.py:1598]: RHipYawPitch is in End
[2024/11/08 16:46:19] [INFO] [Nao_controller.py:1403]: RHipPitch is in End
[2024/11/08 16:46:19] [INFO] [Nao_controller.py:1481]: RKneePitch is in End
[2024/11/08 16:46:19] [INFO] [Nao_controller.py:1520]: RAnklePitch is in End
[2024/11/08 16:46:19] [INFO] [Nao_controller.py:1559]: RAnkleRoll is in End
[2024/11/08 16:46:19] [INFO] [Nao_controller.py:1197]: LHipYawPitch is in End
[2024/11/08 16:46:19] [INFO] [Nao_controller.py:1002]: LHipPitch is in End
[2024/11/08 16:46:19] [INFO] [Nao_controller.py:1080]: LKneePitch is in End
[2024/11/08 16:46:19] [INFO] [Nao_controller.py:1119]: LAnklePitch is in End
[2024/11/08 16:46:19] [INFO] [Nao_controller.py:1158]: LAnkleRoll is in End
[2024/11/08 16:46:19] [INFO] [Nao_controller.py:1598]: RHipYawPitch is in End
[2024/11/08 16:46:19] [INFO] [Nao_controller.py:1403]: RHipPitch is in End
[2024/11/08 16:46:19] [INFO] [Nao_controller.py:1481]: RKneePitch is in End
[2024/11/08 16:46:19] [INFO] [Nao_controller.py:1520]: RAnklePitch is in End
[2024/11/08 16:46:19] [INFO] [Nao_controller.py:1559]: RAnkleRoll is in End
[2024/11/08 16:46:19] [INFO] [Nao_controller.py:1197]: LHipYawPitch is in End
[2024/11/08 16:46:19] [INFO] [Nao_controller.py:1002]: LHipPitch is in End
[2024/11/08 16:46:19] [INFO] [Nao_controller.py:1080]: LKneePitch is in End
[2024/11/08 16:46:19] [INFO] [Nao_controller.py:1119]: LAnklePitch is in End
[2024/11/08 16:46:19] [INFO] [Nao_controller.py:1158]: LAnkleRoll is in End
[2024/11/08 16:46:19] [INFO] [Nao_controller.py:1598]: RHipYawPitch is in End
[2024/11/08 16:46:19] [INFO] [Nao_controller.py:1403]: RHipPitch is in End
[2024/11/08 16:46:19] [INFO] [Nao_controller.py:1481]: RKneePitch is in End
[2024/11/08 16:46:19] [INFO] [Nao_controller.py:1520]: RAnklePitch is in End
[2024/11/08 16:46:19] [INFO] [Nao_controller.py:1559]: RAnkleRoll is in End
[2024/11/08 16:46:19] [INFO] [Nao_controller.py:1197]: LHipYawPitch is in End
[2024/11/08 16:46:19] [INFO] [Nao_controller.py:1002]: LHipPitch is in End
[2024/11/08 16:46:19] [INFO] [Nao_controller.py:1080]: LKneePitch is in End
[2024/11/08 16:46:19] [INFO] [Nao_controller.py:1119]: LAnklePitch is in End
[2024/11/08 16:46:19] [INFO] [Nao_controller.py:1158]: LAnkleRoll is in End
[2024/11/08 16:46:19] [INFO] [Nao_controller.py:1598]: RHipYawPitch is in End
[2024/11/08 16:46:19] [INFO] [Nao_controller.py:1403]: RHipPitch is in End
[2024/11/08 16:46:19] [INFO] [Nao_controller.py:1481]: RKneePitch is in End
[2024/11/08 16:46:19] [INFO] [Nao_controller.py:1520]: RAnklePitch is in End
[2024/11/08 16:46:19] [INFO] [Nao_controller.py:1559]: RAnkleRoll is in End
[2024/11/08 16:46:19] [INFO] [Nao_controller.py:1197]: LHipYawPitch is in End
[2024/11/08 16:46:19] [INFO] [Nao_controller.py:1002]: LHipPitch is in End
[2024/11/08 16:46:19] [INFO] [Nao_controller.py:1080]: LKneePitch is in End
[2024/11/08 16:46:19] [INFO] [Nao_controller.py:1119]: LAnklePitch is in End
[2024/11/08 16:46:19] [INFO] [Nao_controller.py:1158]: LAnkleRoll is in End
[2024/11/08 16:46:19] [INFO] [Nao_controller.py:1598]: RHipYawPitch is in End
[2024/11/08 16:46:19] [INFO] [Nao_controller.py:1403]: RHipPitch is in End
[2024/11/08 16:46:19] [INFO] [Nao_controller.py:1481]: RKneePitch is in End
[2024/11/08 16:46:19] [INFO] [Nao_controller.py:1520]: RAnklePitch is in End
[2024/11/08 16:46:19] [INFO] [Nao_controller.py:1559]: RAnkleRoll is in End
[2024/11/08 16:46:19] [INFO] [Nao_controller.py:1197]: LHipYawPitch is in End
[2024/11/08 16:46:19] [INFO] [Nao_controller.py:1002]: LHipPitch is in End
[2024/11/08 16:46:19] [INFO] [Nao_controller.py:1080]: LKneePitch is in End
[2024/11/08 16:46:19] [INFO] [Nao_controller.py:1119]: LAnklePitch is in End
[2024/11/08 16:46:19] [INFO] [Nao_controller.py:1158]: LAnkleRoll is in End
[2024/11/08 16:46:19] [INFO] [Nao_controller.py:1598]: RHipYawPitch is in End
[2024/11/08 16:46:19] [INFO] [Nao_controller.py:1403]: RHipPitch is in End
[2024/11/08 16:46:19] [INFO] [Nao_controller.py:1481]: RKneePitch is in End
[2024/11/08 16:46:19] [INFO] [Nao_controller.py:1520]: RAnklePitch is in End
[2024/11/08 16:46:19] [INFO] [Nao_controller.py:1559]: RAnkleRoll is in End
[2024/11/08 16:46:19] [INFO] [Nao_controller.py:1197]: LHipYawPitch is in End
[2024/11/08 16:46:19] [INFO] [Nao_controller.py:1002]: LHipPitch is in End
[2024/11/08 16:46:19] [INFO] [Nao_controller.py:1080]: LKneePitch is in End
[2024/11/08 16:46:19] [INFO] [Nao_controller.py:1119]: LAnklePitch is in End
[2024/11/08 16:46:19] [INFO] [Nao_controller.py:1158]: LAnkleRoll is in End
[2024/11/08 16:46:19] [INFO] [Nao_controller.py:1598]: RHipYawPitch is in End
[2024/11/08 16:46:19] [INFO] [Nao_controller.py:1403]: RHipPitch is in End
[2024/11/08 16:46:19] [INFO] [Nao_controller.py:1481]: RKneePitch is in End
[2024/11/08 16:46:19] [INFO] [Nao_controller.py:1520]: RAnklePitch is in End
[2024/11/08 16:46:19] [INFO] [Nao_controller.py:1559]: RAnkleRoll is in End
[2024/11/08 16:46:19] [INFO] [Nao_controller.py:1197]: LHipYawPitch is in End
[2024/11/08 16:46:19] [INFO] [Nao_controller.py:1002]: LHipPitch is in End
[2024/11/08 16:46:19] [INFO] [Nao_controller.py:1080]: LKneePitch is in End
[2024/11/08 16:46:19] [INFO] [Nao_controller.py:1119]: LAnklePitch is in End
[2024/11/08 16:46:19] [INFO] [Nao_controller.py:1158]: LAnkleRoll is in End
[2024/11/08 16:46:19] [INFO] [Nao_controller.py:1598]: RHipYawPitch is in End
[2024/11/08 16:46:19] [INFO] [Nao_controller.py:1403]: RHipPitch is in End
[2024/11/08 16:46:19] [INFO] [Nao_controller.py:1481]: RKneePitch is in End
[2024/11/08 16:46:19] [INFO] [Nao_controller.py:1520]: RAnklePitch is in End
[2024/11/08 16:46:19] [INFO] [Nao_controller.py:1559]: RAnkleRoll is in End
[2024/11/08 16:46:19] [INFO] [Nao_controller.py:1197]: LHipYawPitch is in End
[2024/11/08 16:46:19] [INFO] [Nao_controller.py:1002]: LHipPitch is in End
[2024/11/08 16:46:19] [INFO] [Nao_controller.py:1080]: LKneePitch is in End
[2024/11/08 16:46:19] [INFO] [Nao_controller.py:1119]: LAnklePitch is in End
[2024/11/08 16:46:19] [INFO] [Nao_controller.py:1158]: LAnkleRoll is in End
[2024/11/08 16:46:19] [INFO] [Nao_controller.py:1598]: RHipYawPitch is in End
[2024/11/08 16:46:19] [INFO] [Nao_controller.py:1403]: RHipPitch is in End
[2024/11/08 16:46:19] [INFO] [Nao_controller.py:1481]: RKneePitch is in End
[2024/11/08 16:46:19] [INFO] [Nao_controller.py:1520]: RAnklePitch is in End
[2024/11/08 16:46:19] [INFO] [Nao_controller.py:1559]: RAnkleRoll is in End
[2024/11/08 16:46:19] [INFO] [Nao_controller.py:1197]: LHipYawPitch is in End
[2024/11/08 16:46:19] [INFO] [Nao_controller.py:1002]: LHipPitch is in End
[2024/11/08 16:46:19] [INFO] [Nao_controller.py:1080]: LKneePitch is in End
[2024/11/08 16:46:19] [INFO] [Nao_controller.py:1119]: LAnklePitch is in End
[2024/11/08 16:46:19] [INFO] [Nao_controller.py:1158]: LAnkleRoll is in End
[2024/11/08 16:46:19] [INFO] [Nao_controller.py:1598]: RHipYawPitch is in End
[2024/11/08 16:46:19] [INFO] [Nao_controller.py:1403]: RHipPitch is in End
[2024/11/08 16:46:19] [INFO] [Nao_controller.py:1481]: RKneePitch is in End
[2024/11/08 16:46:19] [INFO] [Nao_controller.py:1520]: RAnklePitch is in End
[2024/11/08 16:46:19] [INFO] [Nao_controller.py:1559]: RAnkleRoll is in End
[2024/11/08 16:46:19] [INFO] [Nao_controller.py:1197]: LHipYawPitch is in End
[2024/11/08 16:46:19] [INFO] [Nao_controller.py:1002]: LHipPitch is in End
[2024/11/08 16:46:19] [INFO] [Nao_controller.py:1080]: LKneePitch is in End
[2024/11/08 16:46:19] [INFO] [Nao_controller.py:1119]: LAnklePitch is in End
[2024/11/08 16:46:19] [INFO] [Nao_controller.py:1158]: LAnkleRoll is in End
[2024/11/08 16:46:19] [INFO] [Nao_controller.py:1598]: RHipYawPitch is in End
[2024/11/08 16:46:19] [INFO] [Nao_controller.py:1403]: RHipPitch is in End
[2024/11/08 16:46:19] [INFO] [Nao_controller.py:1481]: RKneePitch is in End
[2024/11/08 16:46:19] [INFO] [Nao_controller.py:1520]: RAnklePitch is in End
[2024/11/08 16:46:19] [INFO] [Nao_controller.py:1559]: RAnkleRoll is in End
[2024/11/08 16:46:19] [INFO] [Nao_controller.py:1197]: LHipYawPitch is in End
[2024/11/08 16:46:19] [INFO] [Nao_controller.py:1002]: LHipPitch is in End
[2024/11/08 16:46:19] [INFO] [Nao_controller.py:1080]: LKneePitch is in End
[2024/11/08 16:46:19] [INFO] [Nao_controller.py:1119]: LAnklePitch is in End
[2024/11/08 16:46:19] [INFO] [Nao_controller.py:1158]: LAnkleRoll is in End
[2024/11/08 16:46:19] [INFO] [Nao_controller.py:1598]: RHipYawPitch is in End
[2024/11/08 16:46:19] [INFO] [Nao_controller.py:1403]: RHipPitch is in End
[2024/11/08 16:46:19] [INFO] [Nao_controller.py:1481]: RKneePitch is in End
[2024/11/08 16:46:19] [INFO] [Nao_controller.py:1520]: RAnklePitch is in End
[2024/11/08 16:46:19] [INFO] [Nao_controller.py:1559]: RAnkleRoll is in End
[2024/11/08 16:46:19] [INFO] [Nao_controller.py:1197]: LHipYawPitch is in End
[2024/11/08 16:46:19] [INFO] [Nao_controller.py:1002]: LHipPitch is in End
[2024/11/08 16:46:19] [INFO] [Nao_controller.py:1080]: LKneePitch is in End
[2024/11/08 16:46:19] [INFO] [Nao_controller.py:1119]: LAnklePitch is in End
[2024/11/08 16:46:19] [INFO] [Nao_controller.py:1158]: LAnkleRoll is in End
[2024/11/08 16:46:19] [INFO] [Nao_controller.py:1598]: RHipYawPitch is in End
[2024/11/08 16:46:19] [INFO] [Nao_controller.py:1403]: RHipPitch is in End
[2024/11/08 16:46:19] [INFO] [Nao_controller.py:1481]: RKneePitch is in End
[2024/11/08 16:46:19] [INFO] [Nao_controller.py:1520]: RAnklePitch is in End
[2024/11/08 16:46:19] [INFO] [Nao_controller.py:1559]: RAnkleRoll is in End
[2024/11/08 16:46:19] [INFO] [Nao_controller.py:1197]: LHipYawPitch is in End
[2024/11/08 16:46:19] [INFO] [Nao_controller.py:1002]: LHipPitch is in End
[2024/11/08 16:46:19] [INFO] [Nao_controller.py:1080]: LKneePitch is in End
[2024/11/08 16:46:19] [INFO] [Nao_controller.py:1119]: LAnklePitch is in End
[2024/11/08 16:46:19] [INFO] [Nao_controller.py:1158]: LAnkleRoll is in End
[2024/11/08 16:46:19] [INFO] [Nao_controller.py:1598]: RHipYawPitch is in End
[2024/11/08 16:46:19] [INFO] [Nao_controller.py:1403]: RHipPitch is in End
[2024/11/08 16:46:19] [INFO] [Nao_controller.py:1481]: RKneePitch is in End
[2024/11/08 16:46:19] [INFO] [Nao_controller.py:1520]: RAnklePitch is in End
[2024/11/08 16:46:19] [INFO] [Nao_controller.py:1559]: RAnkleRoll is in End
[2024/11/08 16:46:19] [INFO] [Nao_controller.py:1197]: LHipYawPitch is in End
[2024/11/08 16:46:19] [INFO] [Nao_controller.py:1002]: LHipPitch is in End
[2024/11/08 16:46:19] [INFO] [Nao_controller.py:1080]: LKneePitch is in End
[2024/11/08 16:46:19] [INFO] [Nao_controller.py:1119]: LAnklePitch is in End
[2024/11/08 16:46:19] [INFO] [Nao_controller.py:1158]: LAnkleRoll is in End
[2024/11/08 16:46:19] [INFO] [Nao_controller.py:1598]: RHipYawPitch is in End
[2024/11/08 16:46:19] [INFO] [Nao_controller.py:1403]: RHipPitch is in End
[2024/11/08 16:46:19] [INFO] [Nao_controller.py:1481]: RKneePitch is in End
[2024/11/08 16:46:19] [INFO] [Nao_controller.py:1520]: RAnklePitch is in End
[2024/11/08 16:46:19] [INFO] [Nao_controller.py:1559]: RAnkleRoll is in End
[2024/11/08 16:46:19] [INFO] [Nao_controller.py:1197]: LHipYawPitch is in End
[2024/11/08 16:46:19] [INFO] [Nao_controller.py:1002]: LHipPitch is in End
[2024/11/08 16:46:19] [INFO] [Nao_controller.py:1080]: LKneePitch is in End
[2024/11/08 16:46:19] [INFO] [Nao_controller.py:1119]: LAnklePitch is in End
[2024/11/08 16:46:19] [INFO] [Nao_controller.py:1158]: LAnkleRoll is in End
[2024/11/08 16:46:19] [INFO] [Nao_controller.py:1598]: RHipYawPitch is in End
[2024/11/08 16:46:19] [INFO] [Nao_controller.py:1403]: RHipPitch is in End
[2024/11/08 16:46:19] [INFO] [Nao_controller.py:1481]: RKneePitch is in End
[2024/11/08 16:46:19] [INFO] [Nao_controller.py:1520]: RAnklePitch is in End
[2024/11/08 16:46:19] [INFO] [Nao_controller.py:1559]: RAnkleRoll is in End
[2024/11/08 16:46:19] [INFO] [Nao_controller.py:1197]: LHipYawPitch is in End
[2024/11/08 16:46:19] [INFO] [Nao_controller.py:1002]: LHipPitch is in End
[2024/11/08 16:46:19] [INFO] [Nao_controller.py:1080]: LKneePitch is in End
[2024/11/08 16:46:19] [INFO] [Nao_controller.py:1119]: LAnklePitch is in End
[2024/11/08 16:46:19] [INFO] [Nao_controller.py:1158]: LAnkleRoll is in End
[2024/11/08 16:46:19] [INFO] [Nao_controller.py:1598]: RHipYawPitch is in End
[2024/11/08 16:46:19] [INFO] [Nao_controller.py:1403]: RHipPitch is in End
[2024/11/08 16:46:19] [INFO] [Nao_controller.py:1481]: RKneePitch is in End
[2024/11/08 16:46:19] [INFO] [Nao_controller.py:1520]: RAnklePitch is in End
[2024/11/08 16:46:19] [INFO] [Nao_controller.py:1559]: RAnkleRoll is in End
[2024/11/08 16:46:19] [INFO] [Nao_controller.py:1197]: LHipYawPitch is in End
[2024/11/08 16:46:19] [INFO] [Nao_controller.py:1002]: LHipPitch is in End
[2024/11/08 16:46:19] [INFO] [Nao_controller.py:1080]: LKneePitch is in End
[2024/11/08 16:46:19] [INFO] [Nao_controller.py:1119]: LAnklePitch is in End
[2024/11/08 16:46:19] [INFO] [Nao_controller.py:1158]: LAnkleRoll is in End
[2024/11/08 16:46:19] [INFO] [Nao_controller.py:1598]: RHipYawPitch is in End
[2024/11/08 16:46:19] [INFO] [Nao_controller.py:1403]: RHipPitch is in End
[2024/11/08 16:46:19] [INFO] [Nao_controller.py:1481]: RKneePitch is in End
[2024/11/08 16:46:19] [INFO] [Nao_controller.py:1520]: RAnklePitch is in End
[2024/11/08 16:46:19] [INFO] [Nao_controller.py:1559]: RAnkleRoll is in End
[2024/11/08 16:46:19] [INFO] [Nao_controller.py:1197]: LHipYawPitch is in End
[2024/11/08 16:46:19] [INFO] [Nao_controller.py:1002]: LHipPitch is in End
[2024/11/08 16:46:19] [INFO] [Nao_controller.py:1080]: LKneePitch is in End
[2024/11/08 16:46:19] [INFO] [Nao_controller.py:1119]: LAnklePitch is in End
[2024/11/08 16:46:19] [INFO] [Nao_controller.py:1158]: LAnkleRoll is in End
[2024/11/08 16:46:19] [INFO] [Nao_controller.py:1598]: RHipYawPitch is in End
[2024/11/08 16:46:19] [INFO] [Nao_controller.py:1403]: RHipPitch is in End
[2024/11/08 16:46:19] [INFO] [Nao_controller.py:1481]: RKneePitch is in End
[2024/11/08 16:46:19] [INFO] [Nao_controller.py:1520]: RAnklePitch is in End
[2024/11/08 16:46:19] [INFO] [Nao_controller.py:1559]: RAnkleRoll is in End
[2024/11/08 16:46:19] [INFO] [Nao_controller.py:1197]: LHipYawPitch is in End
[2024/11/08 16:46:19] [INFO] [Nao_controller.py:1002]: LHipPitch is in End
[2024/11/08 16:46:19] [INFO] [Nao_controller.py:1080]: LKneePitch is in End
[2024/11/08 16:46:19] [INFO] [Nao_controller.py:1119]: LAnklePitch is in End
[2024/11/08 16:46:19] [INFO] [Nao_controller.py:1158]: LAnkleRoll is in End
[2024/11/08 16:46:19] [INFO] [Nao_controller.py:1598]: RHipYawPitch is in End
[2024/11/08 16:46:19] [INFO] [Nao_controller.py:1403]: RHipPitch is in End
[2024/11/08 16:46:19] [INFO] [Nao_controller.py:1481]: RKneePitch is in End
[2024/11/08 16:46:19] [INFO] [Nao_controller.py:1520]: RAnklePitch is in End
[2024/11/08 16:46:19] [INFO] [Nao_controller.py:1559]: RAnkleRoll is in End
[2024/11/08 16:46:20] [INFO] [Nao_controller.py:1197]: LHipYawPitch is in End
[2024/11/08 16:46:20] [INFO] [Nao_controller.py:1002]: LHipPitch is in End
[2024/11/08 16:46:20] [INFO] [Nao_controller.py:1080]: LKneePitch is in End
[2024/11/08 16:46:20] [INFO] [Nao_controller.py:1119]: LAnklePitch is in End
[2024/11/08 16:46:20] [INFO] [Nao_controller.py:1158]: LAnkleRoll is in End
[2024/11/08 16:46:20] [INFO] [Nao_controller.py:1598]: RHipYawPitch is in End
[2024/11/08 16:46:20] [INFO] [Nao_controller.py:1403]: RHipPitch is in End
[2024/11/08 16:46:20] [INFO] [Nao_controller.py:1481]: RKneePitch is in End
[2024/11/08 16:46:20] [INFO] [Nao_controller.py:1520]: RAnklePitch is in End
[2024/11/08 16:46:20] [INFO] [Nao_controller.py:1559]: RAnkleRoll is in End
[2024/11/08 16:46:20] [INFO] [Nao_controller.py:1197]: LHipYawPitch is in End
[2024/11/08 16:46:20] [INFO] [Nao_controller.py:1002]: LHipPitch is in End
[2024/11/08 16:46:20] [INFO] [Nao_controller.py:1080]: LKneePitch is in End
[2024/11/08 16:46:20] [INFO] [Nao_controller.py:1119]: LAnklePitch is in End
[2024/11/08 16:46:20] [INFO] [Nao_controller.py:1158]: LAnkleRoll is in End
[2024/11/08 16:46:20] [INFO] [Nao_controller.py:1598]: RHipYawPitch is in End
[2024/11/08 16:46:20] [INFO] [Nao_controller.py:1403]: RHipPitch is in End
[2024/11/08 16:46:20] [INFO] [Nao_controller.py:1481]: RKneePitch is in End
[2024/11/08 16:46:20] [INFO] [Nao_controller.py:1520]: RAnklePitch is in End
[2024/11/08 16:46:20] [INFO] [Nao_controller.py:1559]: RAnkleRoll is in End
[2024/11/08 16:46:20] [INFO] [Nao_controller.py:1197]: LHipYawPitch is in End
[2024/11/08 16:46:20] [INFO] [Nao_controller.py:1002]: LHipPitch is in End
[2024/11/08 16:46:20] [INFO] [Nao_controller.py:1080]: LKneePitch is in End
[2024/11/08 16:46:20] [INFO] [Nao_controller.py:1119]: LAnklePitch is in End
[2024/11/08 16:46:20] [INFO] [Nao_controller.py:1158]: LAnkleRoll is in End
[2024/11/08 16:46:20] [INFO] [Nao_controller.py:1598]: RHipYawPitch is in End
[2024/11/08 16:46:20] [INFO] [Nao_controller.py:1403]: RHipPitch is in End
[2024/11/08 16:46:20] [INFO] [Nao_controller.py:1481]: RKneePitch is in End
[2024/11/08 16:46:20] [INFO] [Nao_controller.py:1520]: RAnklePitch is in End
[2024/11/08 16:46:20] [INFO] [Nao_controller.py:1559]: RAnkleRoll is in End
[2024/11/08 16:46:20] [INFO] [Nao_controller.py:1197]: LHipYawPitch is in End
[2024/11/08 16:46:20] [INFO] [Nao_controller.py:1002]: LHipPitch is in End
[2024/11/08 16:46:20] [INFO] [Nao_controller.py:1080]: LKneePitch is in End
[2024/11/08 16:46:20] [INFO] [Nao_controller.py:1119]: LAnklePitch is in End
[2024/11/08 16:46:20] [INFO] [Nao_controller.py:1158]: LAnkleRoll is in End
[2024/11/08 16:46:20] [INFO] [Nao_controller.py:1598]: RHipYawPitch is in End
[2024/11/08 16:46:20] [INFO] [Nao_controller.py:1403]: RHipPitch is in End
[2024/11/08 16:46:20] [INFO] [Nao_controller.py:1481]: RKneePitch is in End
[2024/11/08 16:46:20] [INFO] [Nao_controller.py:1520]: RAnklePitch is in End
[2024/11/08 16:46:20] [INFO] [Nao_controller.py:1559]: RAnkleRoll is in End
[2024/11/08 16:46:20] [INFO] [Nao_controller.py:1197]: LHipYawPitch is in End
[2024/11/08 16:46:20] [INFO] [Nao_controller.py:1002]: LHipPitch is in End
[2024/11/08 16:46:20] [INFO] [Nao_controller.py:1080]: LKneePitch is in End
[2024/11/08 16:46:20] [INFO] [Nao_controller.py:1119]: LAnklePitch is in End
[2024/11/08 16:46:20] [INFO] [Nao_controller.py:1158]: LAnkleRoll is in End
[2024/11/08 16:46:20] [INFO] [Nao_controller.py:1598]: RHipYawPitch is in End
[2024/11/08 16:46:20] [INFO] [Nao_controller.py:1403]: RHipPitch is in End
[2024/11/08 16:46:20] [INFO] [Nao_controller.py:1481]: RKneePitch is in End
[2024/11/08 16:46:20] [INFO] [Nao_controller.py:1520]: RAnklePitch is in End
[2024/11/08 16:46:20] [INFO] [Nao_controller.py:1559]: RAnkleRoll is in End
[2024/11/08 16:46:20] [INFO] [Nao_controller.py:1197]: LHipYawPitch is in End
[2024/11/08 16:46:20] [INFO] [Nao_controller.py:1002]: LHipPitch is in End
[2024/11/08 16:46:20] [INFO] [Nao_controller.py:1080]: LKneePitch is in End
[2024/11/08 16:46:20] [INFO] [Nao_controller.py:1119]: LAnklePitch is in End
[2024/11/08 16:46:20] [INFO] [Nao_controller.py:1158]: LAnkleRoll is in End
[2024/11/08 16:46:20] [INFO] [Nao_controller.py:1598]: RHipYawPitch is in End
[2024/11/08 16:46:20] [INFO] [Nao_controller.py:1403]: RHipPitch is in End
[2024/11/08 16:46:20] [INFO] [Nao_controller.py:1481]: RKneePitch is in End
[2024/11/08 16:46:20] [INFO] [Nao_controller.py:1520]: RAnklePitch is in End
[2024/11/08 16:46:20] [INFO] [Nao_controller.py:1559]: RAnkleRoll is in End
[2024/11/08 16:46:20] [INFO] [Nao_controller.py:1197]: LHipYawPitch is in End
[2024/11/08 16:46:20] [INFO] [Nao_controller.py:1002]: LHipPitch is in End
[2024/11/08 16:46:20] [INFO] [Nao_controller.py:1080]: LKneePitch is in End
[2024/11/08 16:46:20] [INFO] [Nao_controller.py:1119]: LAnklePitch is in End
[2024/11/08 16:46:20] [INFO] [Nao_controller.py:1158]: LAnkleRoll is in End
[2024/11/08 16:46:20] [INFO] [Nao_controller.py:1598]: RHipYawPitch is in End
[2024/11/08 16:46:20] [INFO] [Nao_controller.py:1403]: RHipPitch is in End
[2024/11/08 16:46:20] [INFO] [Nao_controller.py:1481]: RKneePitch is in End
[2024/11/08 16:46:20] [INFO] [Nao_controller.py:1520]: RAnklePitch is in End
[2024/11/08 16:46:20] [INFO] [Nao_controller.py:1559]: RAnkleRoll is in End
[2024/11/08 16:46:20] [INFO] [Nao_controller.py:1197]: LHipYawPitch is in End
[2024/11/08 16:46:20] [INFO] [Nao_controller.py:1002]: LHipPitch is in End
[2024/11/08 16:46:20] [INFO] [Nao_controller.py:1080]: LKneePitch is in End
[2024/11/08 16:46:20] [INFO] [Nao_controller.py:1119]: LAnklePitch is in End
[2024/11/08 16:46:20] [INFO] [Nao_controller.py:1158]: LAnkleRoll is in End
[2024/11/08 16:46:20] [INFO] [Nao_controller.py:1598]: RHipYawPitch is in End
[2024/11/08 16:46:20] [INFO] [Nao_controller.py:1403]: RHipPitch is in End
[2024/11/08 16:46:20] [INFO] [Nao_controller.py:1481]: RKneePitch is in End
[2024/11/08 16:46:20] [INFO] [Nao_controller.py:1520]: RAnklePitch is in End
[2024/11/08 16:46:20] [INFO] [Nao_controller.py:1559]: RAnkleRoll is in End
[2024/11/08 16:46:20] [INFO] [Nao_controller.py:1197]: LHipYawPitch is in End
[2024/11/08 16:46:20] [INFO] [Nao_controller.py:1002]: LHipPitch is in End
[2024/11/08 16:46:20] [INFO] [Nao_controller.py:1080]: LKneePitch is in End
[2024/11/08 16:46:20] [INFO] [Nao_controller.py:1119]: LAnklePitch is in End
[2024/11/08 16:46:20] [INFO] [Nao_controller.py:1158]: LAnkleRoll is in End
[2024/11/08 16:46:20] [INFO] [Nao_controller.py:1598]: RHipYawPitch is in End
[2024/11/08 16:46:20] [INFO] [Nao_controller.py:1403]: RHipPitch is in End
[2024/11/08 16:46:20] [INFO] [Nao_controller.py:1481]: RKneePitch is in End
[2024/11/08 16:46:20] [INFO] [Nao_controller.py:1520]: RAnklePitch is in End
[2024/11/08 16:46:20] [INFO] [Nao_controller.py:1559]: RAnkleRoll is in End
[2024/11/08 16:48:50] [INFO] [Nao_controller.py:1171]: LHipYawPitch is in Initial
[2024/11/08 16:48:50] [INFO] [Nao_controller.py:976]: LHipPitch is in Initial
[2024/11/08 16:48:50] [INFO] [Nao_controller.py:1015]: LHipRoll is in Initial
[2024/11/08 16:48:50] [INFO] [Nao_controller.py:1054]: LKneePitch is in Initial
[2024/11/08 16:48:50] [INFO] [Nao_controller.py:1093]: LAnklePitch is in Initial
[2024/11/08 16:48:50] [INFO] [Nao_controller.py:1132]: LAnkleRoll is in Initial
[2024/11/08 16:48:50] [INFO] [Nao_controller.py:1572]: RHipYawPitch is in Initial
[2024/11/08 16:48:50] [INFO] [Nao_controller.py:1376]: RHipPitch is in Initial
[2024/11/08 16:48:50] [INFO] [Nao_controller.py:1416]: RHipRoll is in Initial
[2024/11/08 16:48:50] [INFO] [Nao_controller.py:1455]: RKneePitch is in Initial
[2024/11/08 16:48:50] [INFO] [Nao_controller.py:1494]: RAnklePitch is in Initial
[2024/11/08 16:48:50] [INFO] [Nao_controller.py:1533]: RAnkleRoll is in Initial
[2024/11/08 16:48:50] [INFO] [Nao_controller.py:1176]: LHipYawPitch is in Prepare
[2024/11/08 16:48:50] [INFO] [Nao_controller.py:981]: LHipPitch is in Prepare
[2024/11/08 16:48:50] [INFO] [Nao_controller.py:1020]: LHipRoll is in Prepare
[2024/11/08 16:48:50] [INFO] [Nao_controller.py:1059]: LKneePitch is in Prepare
[2024/11/08 16:48:50] [INFO] [Nao_controller.py:1098]: LAnklePitch is in Prepare
[2024/11/08 16:48:50] [INFO] [Nao_controller.py:1137]: LAnkleRoll is in Prepare
[2024/11/08 16:48:50] [INFO] [Nao_controller.py:1577]: RHipYawPitch is in Prepare
[2024/11/08 16:48:50] [INFO] [Nao_controller.py:1382]: RHipPitch is in Prepare
[2024/11/08 16:48:50] [INFO] [Nao_controller.py:1421]: RHipRoll is in Prepare
[2024/11/08 16:48:50] [INFO] [Nao_controller.py:1460]: RKneePitch is in Prepare
[2024/11/08 16:48:50] [INFO] [Nao_controller.py:1499]: RAnklePitch is in Prepare
[2024/11/08 16:48:50] [INFO] [Nao_controller.py:1538]: RAnkleRoll is in Prepare
[2024/11/08 16:48:50] [INFO] [Nao_controller.py:1182]: LHipYawPitch is in Moving
[2024/11/08 16:48:50] [INFO] [Nao_controller.py:987]: LHipPitch is in Moving
[2024/11/08 16:48:50] [INFO] [Nao_controller.py:1026]: LHipRoll is in Moving
[2024/11/08 16:48:50] [INFO] [Nao_controller.py:1065]: LKneePitch is in Moving
[2024/11/08 16:48:50] [INFO] [Nao_controller.py:1104]: LAnklePitch is in Moving
[2024/11/08 16:48:50] [INFO] [Nao_controller.py:1143]: LAnkleRoll is in Moving
[2024/11/08 16:48:50] [INFO] [Nao_controller.py:1583]: RHipYawPitch is in Moving
[2024/11/08 16:48:50] [INFO] [Nao_controller.py:1388]: RHipPitch is in Moving
[2024/11/08 16:48:50] [INFO] [Nao_controller.py:1427]: RHipRoll is in Moving
[2024/11/08 16:48:50] [INFO] [Nao_controller.py:1466]: RKneePitch is in Moving
[2024/11/08 16:48:50] [INFO] [Nao_controller.py:1505]: RAnklePitch is in Moving
[2024/11/08 16:48:50] [INFO] [Nao_controller.py:1544]: RAnkleRoll is in Moving
[2024/11/08 16:48:50] [INFO] [Nao_controller.py:1191]: LHipYawPitch is in Finish
[2024/11/08 16:48:50] [INFO] [Nao_controller.py:996]: LHipPitch is in Finish
[2024/11/08 16:48:50] [INFO] [Nao_controller.py:1035]: LHipRoll is in Finish
[2024/11/08 16:48:50] [INFO] [Nao_controller.py:1074]: LKneePitch is in Finish
[2024/11/08 16:48:50] [INFO] [Nao_controller.py:1113]: LAnklePitch is in Finish
[2024/11/08 16:48:50] [INFO] [Nao_controller.py:1152]: LAnkleRoll is in Finish
[2024/11/08 16:48:50] [INFO] [Nao_controller.py:1592]: RHipYawPitch is in Finish
[2024/11/08 16:48:50] [INFO] [Nao_controller.py:1397]: RHipPitch is in Finish
[2024/11/08 16:48:50] [INFO] [Nao_controller.py:1436]: RHipRoll is in Finish
[2024/11/08 16:48:50] [INFO] [Nao_controller.py:1475]: RKneePitch is in Finish
[2024/11/08 16:48:50] [INFO] [Nao_controller.py:1514]: RAnklePitch is in Finish
[2024/11/08 16:48:50] [INFO] [Nao_controller.py:1553]: RAnkleRoll is in Finish
[2024/11/08 16:48:50] [INFO] [Nao_controller.py:1197]: LHipYawPitch is in End
[2024/11/08 16:48:50] [INFO] [Nao_controller.py:1002]: LHipPitch is in End
[2024/11/08 16:48:50] [INFO] [Nao_controller.py:1041]: LHipRoll is in End
[2024/11/08 16:48:50] [INFO] [Nao_controller.py:1080]: LKneePitch is in End
[2024/11/08 16:48:50] [INFO] [Nao_controller.py:1119]: LAnklePitch is in End
[2024/11/08 16:48:50] [INFO] [Nao_controller.py:1158]: LAnkleRoll is in End
[2024/11/08 16:48:50] [INFO] [Nao_controller.py:1598]: RHipYawPitch is in End
[2024/11/08 16:48:50] [INFO] [Nao_controller.py:1403]: RHipPitch is in End
[2024/11/08 16:48:50] [INFO] [Nao_controller.py:1442]: RHipRoll is in End
[2024/11/08 16:48:50] [INFO] [Nao_controller.py:1481]: RKneePitch is in End
[2024/11/08 16:48:50] [INFO] [Nao_controller.py:1520]: RAnklePitch is in End
[2024/11/08 16:48:50] [INFO] [Nao_controller.py:1559]: RAnkleRoll is in End
[2024/11/08 16:48:50] [INFO] [Nao_controller.py:1197]: LHipYawPitch is in End
[2024/11/08 16:48:50] [INFO] [Nao_controller.py:1002]: LHipPitch is in End
[2024/11/08 16:48:50] [INFO] [Nao_controller.py:1041]: LHipRoll is in End
[2024/11/08 16:48:50] [INFO] [Nao_controller.py:1080]: LKneePitch is in End
[2024/11/08 16:48:50] [INFO] [Nao_controller.py:1119]: LAnklePitch is in End
[2024/11/08 16:48:50] [INFO] [Nao_controller.py:1158]: LAnkleRoll is in End
[2024/11/08 16:48:50] [INFO] [Nao_controller.py:1598]: RHipYawPitch is in End
[2024/11/08 16:48:50] [INFO] [Nao_controller.py:1403]: RHipPitch is in End
[2024/11/08 16:48:50] [INFO] [Nao_controller.py:1442]: RHipRoll is in End
[2024/11/08 16:48:50] [INFO] [Nao_controller.py:1481]: RKneePitch is in End
[2024/11/08 16:48:50] [INFO] [Nao_controller.py:1520]: RAnklePitch is in End
[2024/11/08 16:48:50] [INFO] [Nao_controller.py:1559]: RAnkleRoll is in End
[2024/11/08 16:48:50] [INFO] [Nao_controller.py:1197]: LHipYawPitch is in End
[2024/11/08 16:48:50] [INFO] [Nao_controller.py:1002]: LHipPitch is in End
[2024/11/08 16:48:50] [INFO] [Nao_controller.py:1041]: LHipRoll is in End
[2024/11/08 16:48:50] [INFO] [Nao_controller.py:1080]: LKneePitch is in End
[2024/11/08 16:48:50] [INFO] [Nao_controller.py:1119]: LAnklePitch is in End
[2024/11/08 16:48:50] [INFO] [Nao_controller.py:1158]: LAnkleRoll is in End
[2024/11/08 16:48:50] [INFO] [Nao_controller.py:1598]: RHipYawPitch is in End
[2024/11/08 16:48:50] [INFO] [Nao_controller.py:1403]: RHipPitch is in End
[2024/11/08 16:48:50] [INFO] [Nao_controller.py:1442]: RHipRoll is in End
[2024/11/08 16:48:50] [INFO] [Nao_controller.py:1481]: RKneePitch is in End
[2024/11/08 16:48:50] [INFO] [Nao_controller.py:1520]: RAnklePitch is in End
[2024/11/08 16:48:50] [INFO] [Nao_controller.py:1559]: RAnkleRoll is in End
[2024/11/08 16:48:50] [INFO] [Nao_controller.py:1197]: LHipYawPitch is in End
[2024/11/08 16:48:50] [INFO] [Nao_controller.py:1002]: LHipPitch is in End
[2024/11/08 16:48:50] [INFO] [Nao_controller.py:1041]: LHipRoll is in End
[2024/11/08 16:48:50] [INFO] [Nao_controller.py:1080]: LKneePitch is in End
[2024/11/08 16:48:50] [INFO] [Nao_controller.py:1119]: LAnklePitch is in End
[2024/11/08 16:48:50] [INFO] [Nao_controller.py:1158]: LAnkleRoll is in End
[2024/11/08 16:48:50] [INFO] [Nao_controller.py:1598]: RHipYawPitch is in End
[2024/11/08 16:48:50] [INFO] [Nao_controller.py:1403]: RHipPitch is in End
[2024/11/08 16:48:50] [INFO] [Nao_controller.py:1442]: RHipRoll is in End
[2024/11/08 16:48:50] [INFO] [Nao_controller.py:1481]: RKneePitch is in End
[2024/11/08 16:48:50] [INFO] [Nao_controller.py:1520]: RAnklePitch is in End
[2024/11/08 16:48:50] [INFO] [Nao_controller.py:1559]: RAnkleRoll is in End
[2024/11/08 16:48:50] [INFO] [Nao_controller.py:1197]: LHipYawPitch is in End
[2024/11/08 16:48:50] [INFO] [Nao_controller.py:1002]: LHipPitch is in End
[2024/11/08 16:48:50] [INFO] [Nao_controller.py:1041]: LHipRoll is in End
[2024/11/08 16:48:50] [INFO] [Nao_controller.py:1080]: LKneePitch is in End
[2024/11/08 16:48:50] [INFO] [Nao_controller.py:1119]: LAnklePitch is in End
[2024/11/08 16:48:50] [INFO] [Nao_controller.py:1158]: LAnkleRoll is in End
[2024/11/08 16:48:50] [INFO] [Nao_controller.py:1598]: RHipYawPitch is in End
[2024/11/08 16:48:50] [INFO] [Nao_controller.py:1403]: RHipPitch is in End
[2024/11/08 16:48:50] [INFO] [Nao_controller.py:1442]: RHipRoll is in End
[2024/11/08 16:48:50] [INFO] [Nao_controller.py:1481]: RKneePitch is in End
[2024/11/08 16:48:50] [INFO] [Nao_controller.py:1520]: RAnklePitch is in End
[2024/11/08 16:48:50] [INFO] [Nao_controller.py:1559]: RAnkleRoll is in End
[2024/11/08 16:48:50] [INFO] [Nao_controller.py:1197]: LHipYawPitch is in End
[2024/11/08 16:48:50] [INFO] [Nao_controller.py:1002]: LHipPitch is in End
[2024/11/08 16:48:50] [INFO] [Nao_controller.py:1041]: LHipRoll is in End
[2024/11/08 16:48:50] [INFO] [Nao_controller.py:1080]: LKneePitch is in End
[2024/11/08 16:48:50] [INFO] [Nao_controller.py:1119]: LAnklePitch is in End
[2024/11/08 16:48:50] [INFO] [Nao_controller.py:1158]: LAnkleRoll is in End
[2024/11/08 16:48:50] [INFO] [Nao_controller.py:1598]: RHipYawPitch is in End
[2024/11/08 16:48:50] [INFO] [Nao_controller.py:1403]: RHipPitch is in End
[2024/11/08 16:48:50] [INFO] [Nao_controller.py:1442]: RHipRoll is in End
[2024/11/08 16:48:50] [INFO] [Nao_controller.py:1481]: RKneePitch is in End
[2024/11/08 16:48:50] [INFO] [Nao_controller.py:1520]: RAnklePitch is in End
[2024/11/08 16:48:50] [INFO] [Nao_controller.py:1559]: RAnkleRoll is in End
[2024/11/08 16:48:50] [INFO] [Nao_controller.py:1197]: LHipYawPitch is in End
[2024/11/08 16:48:50] [INFO] [Nao_controller.py:1002]: LHipPitch is in End
[2024/11/08 16:48:50] [INFO] [Nao_controller.py:1041]: LHipRoll is in End
[2024/11/08 16:48:50] [INFO] [Nao_controller.py:1080]: LKneePitch is in End
[2024/11/08 16:48:50] [INFO] [Nao_controller.py:1119]: LAnklePitch is in End
[2024/11/08 16:48:50] [INFO] [Nao_controller.py:1158]: LAnkleRoll is in End
[2024/11/08 16:48:50] [INFO] [Nao_controller.py:1598]: RHipYawPitch is in End
[2024/11/08 16:48:50] [INFO] [Nao_controller.py:1403]: RHipPitch is in End
[2024/11/08 16:48:50] [INFO] [Nao_controller.py:1442]: RHipRoll is in End
[2024/11/08 16:48:50] [INFO] [Nao_controller.py:1481]: RKneePitch is in End
[2024/11/08 16:48:50] [INFO] [Nao_controller.py:1520]: RAnklePitch is in End
[2024/11/08 16:48:50] [INFO] [Nao_controller.py:1559]: RAnkleRoll is in End
[2024/11/08 16:48:51] [INFO] [Nao_controller.py:1197]: LHipYawPitch is in End
[2024/11/08 16:48:51] [INFO] [Nao_controller.py:1002]: LHipPitch is in End
[2024/11/08 16:48:51] [INFO] [Nao_controller.py:1041]: LHipRoll is in End
[2024/11/08 16:48:51] [INFO] [Nao_controller.py:1080]: LKneePitch is in End
[2024/11/08 16:48:51] [INFO] [Nao_controller.py:1119]: LAnklePitch is in End
[2024/11/08 16:48:51] [INFO] [Nao_controller.py:1158]: LAnkleRoll is in End
[2024/11/08 16:48:51] [INFO] [Nao_controller.py:1598]: RHipYawPitch is in End
[2024/11/08 16:48:51] [INFO] [Nao_controller.py:1403]: RHipPitch is in End
[2024/11/08 16:48:51] [INFO] [Nao_controller.py:1442]: RHipRoll is in End
[2024/11/08 16:48:51] [INFO] [Nao_controller.py:1481]: RKneePitch is in End
[2024/11/08 16:48:51] [INFO] [Nao_controller.py:1520]: RAnklePitch is in End
[2024/11/08 16:48:51] [INFO] [Nao_controller.py:1559]: RAnkleRoll is in End
[2024/11/08 16:48:51] [INFO] [Nao_controller.py:1197]: LHipYawPitch is in End
[2024/11/08 16:48:51] [INFO] [Nao_controller.py:1002]: LHipPitch is in End
[2024/11/08 16:48:51] [INFO] [Nao_controller.py:1041]: LHipRoll is in End
[2024/11/08 16:48:51] [INFO] [Nao_controller.py:1080]: LKneePitch is in End
[2024/11/08 16:48:51] [INFO] [Nao_controller.py:1119]: LAnklePitch is in End
[2024/11/08 16:48:51] [INFO] [Nao_controller.py:1158]: LAnkleRoll is in End
[2024/11/08 16:48:51] [INFO] [Nao_controller.py:1598]: RHipYawPitch is in End
[2024/11/08 16:48:51] [INFO] [Nao_controller.py:1403]: RHipPitch is in End
[2024/11/08 16:48:51] [INFO] [Nao_controller.py:1442]: RHipRoll is in End
[2024/11/08 16:48:51] [INFO] [Nao_controller.py:1481]: RKneePitch is in End
[2024/11/08 16:48:51] [INFO] [Nao_controller.py:1520]: RAnklePitch is in End
[2024/11/08 16:48:51] [INFO] [Nao_controller.py:1559]: RAnkleRoll is in End
[2024/11/08 16:48:51] [INFO] [Nao_controller.py:1197]: LHipYawPitch is in End
[2024/11/08 16:48:51] [INFO] [Nao_controller.py:1002]: LHipPitch is in End
[2024/11/08 16:48:51] [INFO] [Nao_controller.py:1041]: LHipRoll is in End
[2024/11/08 16:48:51] [INFO] [Nao_controller.py:1080]: LKneePitch is in End
[2024/11/08 16:48:51] [INFO] [Nao_controller.py:1119]: LAnklePitch is in End
[2024/11/08 16:48:51] [INFO] [Nao_controller.py:1158]: LAnkleRoll is in End
[2024/11/08 16:48:51] [INFO] [Nao_controller.py:1598]: RHipYawPitch is in End
[2024/11/08 16:48:51] [INFO] [Nao_controller.py:1403]: RHipPitch is in End
[2024/11/08 16:48:51] [INFO] [Nao_controller.py:1442]: RHipRoll is in End
[2024/11/08 16:48:51] [INFO] [Nao_controller.py:1481]: RKneePitch is in End
[2024/11/08 16:48:51] [INFO] [Nao_controller.py:1520]: RAnklePitch is in End
[2024/11/08 16:48:51] [INFO] [Nao_controller.py:1559]: RAnkleRoll is in End
[2024/11/08 16:48:51] [INFO] [Nao_controller.py:1197]: LHipYawPitch is in End
[2024/11/08 16:48:51] [INFO] [Nao_controller.py:1002]: LHipPitch is in End
[2024/11/08 16:48:51] [INFO] [Nao_controller.py:1041]: LHipRoll is in End
[2024/11/08 16:48:51] [INFO] [Nao_controller.py:1080]: LKneePitch is in End
[2024/11/08 16:48:51] [INFO] [Nao_controller.py:1119]: LAnklePitch is in End
[2024/11/08 16:48:51] [INFO] [Nao_controller.py:1158]: LAnkleRoll is in End
[2024/11/08 16:48:51] [INFO] [Nao_controller.py:1598]: RHipYawPitch is in End
[2024/11/08 16:48:51] [INFO] [Nao_controller.py:1403]: RHipPitch is in End
[2024/11/08 16:48:51] [INFO] [Nao_controller.py:1442]: RHipRoll is in End
[2024/11/08 16:48:51] [INFO] [Nao_controller.py:1481]: RKneePitch is in End
[2024/11/08 16:48:51] [INFO] [Nao_controller.py:1520]: RAnklePitch is in End
[2024/11/08 16:48:51] [INFO] [Nao_controller.py:1559]: RAnkleRoll is in End
[2024/11/08 16:48:51] [INFO] [Nao_controller.py:1197]: LHipYawPitch is in End
[2024/11/08 16:48:51] [INFO] [Nao_controller.py:1002]: LHipPitch is in End
[2024/11/08 16:48:51] [INFO] [Nao_controller.py:1041]: LHipRoll is in End
[2024/11/08 16:48:51] [INFO] [Nao_controller.py:1080]: LKneePitch is in End
[2024/11/08 16:48:51] [INFO] [Nao_controller.py:1119]: LAnklePitch is in End
[2024/11/08 16:48:51] [INFO] [Nao_controller.py:1158]: LAnkleRoll is in End
[2024/11/08 16:48:51] [INFO] [Nao_controller.py:1598]: RHipYawPitch is in End
[2024/11/08 16:48:51] [INFO] [Nao_controller.py:1403]: RHipPitch is in End
[2024/11/08 16:48:51] [INFO] [Nao_controller.py:1442]: RHipRoll is in End
[2024/11/08 16:48:51] [INFO] [Nao_controller.py:1481]: RKneePitch is in End
[2024/11/08 16:48:51] [INFO] [Nao_controller.py:1520]: RAnklePitch is in End
[2024/11/08 16:48:51] [INFO] [Nao_controller.py:1559]: RAnkleRoll is in End
[2024/11/08 16:48:51] [INFO] [Nao_controller.py:1197]: LHipYawPitch is in End
[2024/11/08 16:48:51] [INFO] [Nao_controller.py:1002]: LHipPitch is in End
[2024/11/08 16:48:51] [INFO] [Nao_controller.py:1041]: LHipRoll is in End
[2024/11/08 16:48:51] [INFO] [Nao_controller.py:1080]: LKneePitch is in End
[2024/11/08 16:48:51] [INFO] [Nao_controller.py:1119]: LAnklePitch is in End
[2024/11/08 16:48:51] [INFO] [Nao_controller.py:1158]: LAnkleRoll is in End
[2024/11/08 16:48:51] [INFO] [Nao_controller.py:1598]: RHipYawPitch is in End
[2024/11/08 16:48:51] [INFO] [Nao_controller.py:1403]: RHipPitch is in End
[2024/11/08 16:48:51] [INFO] [Nao_controller.py:1442]: RHipRoll is in End
[2024/11/08 16:48:51] [INFO] [Nao_controller.py:1481]: RKneePitch is in End
[2024/11/08 16:48:51] [INFO] [Nao_controller.py:1520]: RAnklePitch is in End
[2024/11/08 16:48:51] [INFO] [Nao_controller.py:1559]: RAnkleRoll is in End
[2024/11/08 16:48:51] [INFO] [Nao_controller.py:1197]: LHipYawPitch is in End
[2024/11/08 16:48:51] [INFO] [Nao_controller.py:1002]: LHipPitch is in End
[2024/11/08 16:48:51] [INFO] [Nao_controller.py:1041]: LHipRoll is in End
[2024/11/08 16:48:51] [INFO] [Nao_controller.py:1080]: LKneePitch is in End
[2024/11/08 16:48:51] [INFO] [Nao_controller.py:1119]: LAnklePitch is in End
[2024/11/08 16:48:51] [INFO] [Nao_controller.py:1158]: LAnkleRoll is in End
[2024/11/08 16:48:51] [INFO] [Nao_controller.py:1598]: RHipYawPitch is in End
[2024/11/08 16:48:51] [INFO] [Nao_controller.py:1403]: RHipPitch is in End
[2024/11/08 16:48:51] [INFO] [Nao_controller.py:1442]: RHipRoll is in End
[2024/11/08 16:48:51] [INFO] [Nao_controller.py:1481]: RKneePitch is in End
[2024/11/08 16:48:51] [INFO] [Nao_controller.py:1520]: RAnklePitch is in End
[2024/11/08 16:48:51] [INFO] [Nao_controller.py:1559]: RAnkleRoll is in End
[2024/11/08 16:48:51] [INFO] [Nao_controller.py:1197]: LHipYawPitch is in End
[2024/11/08 16:48:51] [INFO] [Nao_controller.py:1002]: LHipPitch is in End
[2024/11/08 16:48:51] [INFO] [Nao_controller.py:1041]: LHipRoll is in End
[2024/11/08 16:48:51] [INFO] [Nao_controller.py:1080]: LKneePitch is in End
[2024/11/08 16:48:51] [INFO] [Nao_controller.py:1119]: LAnklePitch is in End
[2024/11/08 16:48:51] [INFO] [Nao_controller.py:1158]: LAnkleRoll is in End
[2024/11/08 16:48:51] [INFO] [Nao_controller.py:1598]: RHipYawPitch is in End
[2024/11/08 16:48:51] [INFO] [Nao_controller.py:1403]: RHipPitch is in End
[2024/11/08 16:48:51] [INFO] [Nao_controller.py:1442]: RHipRoll is in End
[2024/11/08 16:48:51] [INFO] [Nao_controller.py:1481]: RKneePitch is in End
[2024/11/08 16:48:51] [INFO] [Nao_controller.py:1520]: RAnklePitch is in End
[2024/11/08 16:48:51] [INFO] [Nao_controller.py:1559]: RAnkleRoll is in End
[2024/11/08 16:48:51] [INFO] [Nao_controller.py:1197]: LHipYawPitch is in End
[2024/11/08 16:48:51] [INFO] [Nao_controller.py:1002]: LHipPitch is in End
[2024/11/08 16:48:51] [INFO] [Nao_controller.py:1041]: LHipRoll is in End
[2024/11/08 16:48:51] [INFO] [Nao_controller.py:1080]: LKneePitch is in End
[2024/11/08 16:48:51] [INFO] [Nao_controller.py:1119]: LAnklePitch is in End
[2024/11/08 16:48:51] [INFO] [Nao_controller.py:1158]: LAnkleRoll is in End
[2024/11/08 16:48:51] [INFO] [Nao_controller.py:1598]: RHipYawPitch is in End
[2024/11/08 16:48:51] [INFO] [Nao_controller.py:1403]: RHipPitch is in End
[2024/11/08 16:48:51] [INFO] [Nao_controller.py:1442]: RHipRoll is in End
[2024/11/08 16:48:51] [INFO] [Nao_controller.py:1481]: RKneePitch is in End
[2024/11/08 16:48:51] [INFO] [Nao_controller.py:1520]: RAnklePitch is in End
[2024/11/08 16:48:51] [INFO] [Nao_controller.py:1559]: RAnkleRoll is in End
[2024/11/08 16:48:51] [INFO] [Nao_controller.py:1197]: LHipYawPitch is in End
[2024/11/08 16:48:51] [INFO] [Nao_controller.py:1002]: LHipPitch is in End
[2024/11/08 16:48:51] [INFO] [Nao_controller.py:1041]: LHipRoll is in End
[2024/11/08 16:48:51] [INFO] [Nao_controller.py:1080]: LKneePitch is in End
[2024/11/08 16:48:51] [INFO] [Nao_controller.py:1119]: LAnklePitch is in End
[2024/11/08 16:48:51] [INFO] [Nao_controller.py:1158]: LAnkleRoll is in End
[2024/11/08 16:48:51] [INFO] [Nao_controller.py:1598]: RHipYawPitch is in End
[2024/11/08 16:48:51] [INFO] [Nao_controller.py:1403]: RHipPitch is in End
[2024/11/08 16:48:51] [INFO] [Nao_controller.py:1442]: RHipRoll is in End
[2024/11/08 16:48:51] [INFO] [Nao_controller.py:1481]: RKneePitch is in End
[2024/11/08 16:48:51] [INFO] [Nao_controller.py:1520]: RAnklePitch is in End
[2024/11/08 16:48:51] [INFO] [Nao_controller.py:1559]: RAnkleRoll is in End
[2024/11/08 16:48:51] [INFO] [Nao_controller.py:1197]: LHipYawPitch is in End
[2024/11/08 16:48:51] [INFO] [Nao_controller.py:1002]: LHipPitch is in End
[2024/11/08 16:48:51] [INFO] [Nao_controller.py:1041]: LHipRoll is in End
[2024/11/08 16:48:51] [INFO] [Nao_controller.py:1080]: LKneePitch is in End
[2024/11/08 16:48:51] [INFO] [Nao_controller.py:1119]: LAnklePitch is in End
[2024/11/08 16:48:51] [INFO] [Nao_controller.py:1158]: LAnkleRoll is in End
[2024/11/08 16:48:51] [INFO] [Nao_controller.py:1598]: RHipYawPitch is in End
[2024/11/08 16:48:51] [INFO] [Nao_controller.py:1403]: RHipPitch is in End
[2024/11/08 16:48:51] [INFO] [Nao_controller.py:1442]: RHipRoll is in End
[2024/11/08 16:48:51] [INFO] [Nao_controller.py:1481]: RKneePitch is in End
[2024/11/08 16:48:51] [INFO] [Nao_controller.py:1520]: RAnklePitch is in End
[2024/11/08 16:48:51] [INFO] [Nao_controller.py:1559]: RAnkleRoll is in End
[2024/11/08 16:48:51] [INFO] [Nao_controller.py:1197]: LHipYawPitch is in End
[2024/11/08 16:48:51] [INFO] [Nao_controller.py:1002]: LHipPitch is in End
[2024/11/08 16:48:51] [INFO] [Nao_controller.py:1041]: LHipRoll is in End
[2024/11/08 16:48:51] [INFO] [Nao_controller.py:1080]: LKneePitch is in End
[2024/11/08 16:48:51] [INFO] [Nao_controller.py:1119]: LAnklePitch is in End
[2024/11/08 16:48:51] [INFO] [Nao_controller.py:1158]: LAnkleRoll is in End
[2024/11/08 16:48:51] [INFO] [Nao_controller.py:1598]: RHipYawPitch is in End
[2024/11/08 16:48:51] [INFO] [Nao_controller.py:1403]: RHipPitch is in End
[2024/11/08 16:48:51] [INFO] [Nao_controller.py:1442]: RHipRoll is in End
[2024/11/08 16:48:51] [INFO] [Nao_controller.py:1481]: RKneePitch is in End
[2024/11/08 16:48:51] [INFO] [Nao_controller.py:1520]: RAnklePitch is in End
[2024/11/08 16:48:51] [INFO] [Nao_controller.py:1559]: RAnkleRoll is in End
[2024/11/08 16:48:51] [INFO] [Nao_controller.py:1197]: LHipYawPitch is in End
[2024/11/08 16:48:51] [INFO] [Nao_controller.py:1002]: LHipPitch is in End
[2024/11/08 16:48:51] [INFO] [Nao_controller.py:1041]: LHipRoll is in End
[2024/11/08 16:48:51] [INFO] [Nao_controller.py:1080]: LKneePitch is in End
[2024/11/08 16:48:51] [INFO] [Nao_controller.py:1119]: LAnklePitch is in End
[2024/11/08 16:48:51] [INFO] [Nao_controller.py:1158]: LAnkleRoll is in End
[2024/11/08 16:48:51] [INFO] [Nao_controller.py:1598]: RHipYawPitch is in End
[2024/11/08 16:48:51] [INFO] [Nao_controller.py:1403]: RHipPitch is in End
[2024/11/08 16:48:51] [INFO] [Nao_controller.py:1442]: RHipRoll is in End
[2024/11/08 16:48:51] [INFO] [Nao_controller.py:1481]: RKneePitch is in End
[2024/11/08 16:48:51] [INFO] [Nao_controller.py:1520]: RAnklePitch is in End
[2024/11/08 16:48:51] [INFO] [Nao_controller.py:1559]: RAnkleRoll is in End
[2024/11/08 16:48:51] [INFO] [Nao_controller.py:1197]: LHipYawPitch is in End
[2024/11/08 16:48:51] [INFO] [Nao_controller.py:1002]: LHipPitch is in End
[2024/11/08 16:48:51] [INFO] [Nao_controller.py:1041]: LHipRoll is in End
[2024/11/08 16:48:51] [INFO] [Nao_controller.py:1080]: LKneePitch is in End
[2024/11/08 16:48:51] [INFO] [Nao_controller.py:1119]: LAnklePitch is in End
[2024/11/08 16:48:51] [INFO] [Nao_controller.py:1158]: LAnkleRoll is in End
[2024/11/08 16:48:51] [INFO] [Nao_controller.py:1598]: RHipYawPitch is in End
[2024/11/08 16:48:51] [INFO] [Nao_controller.py:1403]: RHipPitch is in End
[2024/11/08 16:48:51] [INFO] [Nao_controller.py:1442]: RHipRoll is in End
[2024/11/08 16:48:51] [INFO] [Nao_controller.py:1481]: RKneePitch is in End
[2024/11/08 16:48:51] [INFO] [Nao_controller.py:1520]: RAnklePitch is in End
[2024/11/08 16:48:51] [INFO] [Nao_controller.py:1559]: RAnkleRoll is in End
[2024/11/08 16:48:51] [INFO] [Nao_controller.py:1197]: LHipYawPitch is in End
[2024/11/08 16:48:51] [INFO] [Nao_controller.py:1002]: LHipPitch is in End
[2024/11/08 16:48:51] [INFO] [Nao_controller.py:1041]: LHipRoll is in End
[2024/11/08 16:48:51] [INFO] [Nao_controller.py:1080]: LKneePitch is in End
[2024/11/08 16:48:51] [INFO] [Nao_controller.py:1119]: LAnklePitch is in End
[2024/11/08 16:48:51] [INFO] [Nao_controller.py:1158]: LAnkleRoll is in End
[2024/11/08 16:48:51] [INFO] [Nao_controller.py:1598]: RHipYawPitch is in End
[2024/11/08 16:48:51] [INFO] [Nao_controller.py:1403]: RHipPitch is in End
[2024/11/08 16:48:51] [INFO] [Nao_controller.py:1442]: RHipRoll is in End
[2024/11/08 16:48:51] [INFO] [Nao_controller.py:1481]: RKneePitch is in End
[2024/11/08 16:48:51] [INFO] [Nao_controller.py:1520]: RAnklePitch is in End
[2024/11/08 16:48:51] [INFO] [Nao_controller.py:1559]: RAnkleRoll is in End
[2024/11/08 16:48:51] [INFO] [Nao_controller.py:1197]: LHipYawPitch is in End
[2024/11/08 16:48:51] [INFO] [Nao_controller.py:1002]: LHipPitch is in End
[2024/11/08 16:48:51] [INFO] [Nao_controller.py:1041]: LHipRoll is in End
[2024/11/08 16:48:51] [INFO] [Nao_controller.py:1080]: LKneePitch is in End
[2024/11/08 16:48:51] [INFO] [Nao_controller.py:1119]: LAnklePitch is in End
[2024/11/08 16:48:51] [INFO] [Nao_controller.py:1158]: LAnkleRoll is in End
[2024/11/08 16:48:51] [INFO] [Nao_controller.py:1598]: RHipYawPitch is in End
[2024/11/08 16:48:51] [INFO] [Nao_controller.py:1403]: RHipPitch is in End
[2024/11/08 16:48:51] [INFO] [Nao_controller.py:1442]: RHipRoll is in End
[2024/11/08 16:48:51] [INFO] [Nao_controller.py:1481]: RKneePitch is in End
[2024/11/08 16:48:51] [INFO] [Nao_controller.py:1520]: RAnklePitch is in End
[2024/11/08 16:48:51] [INFO] [Nao_controller.py:1559]: RAnkleRoll is in End
[2024/11/08 16:48:51] [INFO] [Nao_controller.py:1197]: LHipYawPitch is in End
[2024/11/08 16:48:51] [INFO] [Nao_controller.py:1002]: LHipPitch is in End
[2024/11/08 16:48:51] [INFO] [Nao_controller.py:1041]: LHipRoll is in End
[2024/11/08 16:48:51] [INFO] [Nao_controller.py:1080]: LKneePitch is in End
[2024/11/08 16:48:51] [INFO] [Nao_controller.py:1119]: LAnklePitch is in End
[2024/11/08 16:48:51] [INFO] [Nao_controller.py:1158]: LAnkleRoll is in End
[2024/11/08 16:48:51] [INFO] [Nao_controller.py:1598]: RHipYawPitch is in End
[2024/11/08 16:48:51] [INFO] [Nao_controller.py:1403]: RHipPitch is in End
[2024/11/08 16:48:51] [INFO] [Nao_controller.py:1442]: RHipRoll is in End
[2024/11/08 16:48:51] [INFO] [Nao_controller.py:1481]: RKneePitch is in End
[2024/11/08 16:48:51] [INFO] [Nao_controller.py:1520]: RAnklePitch is in End
[2024/11/08 16:48:51] [INFO] [Nao_controller.py:1559]: RAnkleRoll is in End
[2024/11/08 16:48:51] [INFO] [Nao_controller.py:1197]: LHipYawPitch is in End
[2024/11/08 16:48:51] [INFO] [Nao_controller.py:1002]: LHipPitch is in End
[2024/11/08 16:48:51] [INFO] [Nao_controller.py:1041]: LHipRoll is in End
[2024/11/08 16:48:51] [INFO] [Nao_controller.py:1080]: LKneePitch is in End
[2024/11/08 16:48:51] [INFO] [Nao_controller.py:1119]: LAnklePitch is in End
[2024/11/08 16:48:51] [INFO] [Nao_controller.py:1158]: LAnkleRoll is in End
[2024/11/08 16:48:51] [INFO] [Nao_controller.py:1598]: RHipYawPitch is in End
[2024/11/08 16:48:51] [INFO] [Nao_controller.py:1403]: RHipPitch is in End
[2024/11/08 16:48:51] [INFO] [Nao_controller.py:1442]: RHipRoll is in End
[2024/11/08 16:48:51] [INFO] [Nao_controller.py:1481]: RKneePitch is in End
[2024/11/08 16:48:51] [INFO] [Nao_controller.py:1520]: RAnklePitch is in End
[2024/11/08 16:48:51] [INFO] [Nao_controller.py:1559]: RAnkleRoll is in End
[2024/11/08 16:48:51] [INFO] [Nao_controller.py:1197]: LHipYawPitch is in End
[2024/11/08 16:48:51] [INFO] [Nao_controller.py:1002]: LHipPitch is in End
[2024/11/08 16:48:51] [INFO] [Nao_controller.py:1041]: LHipRoll is in End
[2024/11/08 16:48:51] [INFO] [Nao_controller.py:1080]: LKneePitch is in End
[2024/11/08 16:48:51] [INFO] [Nao_controller.py:1119]: LAnklePitch is in End
[2024/11/08 16:48:51] [INFO] [Nao_controller.py:1158]: LAnkleRoll is in End
[2024/11/08 16:48:51] [INFO] [Nao_controller.py:1598]: RHipYawPitch is in End
[2024/11/08 16:48:51] [INFO] [Nao_controller.py:1403]: RHipPitch is in End
[2024/11/08 16:48:51] [INFO] [Nao_controller.py:1442]: RHipRoll is in End
[2024/11/08 16:48:51] [INFO] [Nao_controller.py:1481]: RKneePitch is in End
[2024/11/08 16:48:51] [INFO] [Nao_controller.py:1520]: RAnklePitch is in End
[2024/11/08 16:48:51] [INFO] [Nao_controller.py:1559]: RAnkleRoll is in End
[2024/11/08 16:48:51] [INFO] [Nao_controller.py:1197]: LHipYawPitch is in End
[2024/11/08 16:48:51] [INFO] [Nao_controller.py:1002]: LHipPitch is in End
[2024/11/08 16:48:51] [INFO] [Nao_controller.py:1041]: LHipRoll is in End
[2024/11/08 16:48:51] [INFO] [Nao_controller.py:1080]: LKneePitch is in End
[2024/11/08 16:48:51] [INFO] [Nao_controller.py:1119]: LAnklePitch is in End
[2024/11/08 16:48:51] [INFO] [Nao_controller.py:1158]: LAnkleRoll is in End
[2024/11/08 16:48:51] [INFO] [Nao_controller.py:1598]: RHipYawPitch is in End
[2024/11/08 16:48:51] [INFO] [Nao_controller.py:1403]: RHipPitch is in End
[2024/11/08 16:48:51] [INFO] [Nao_controller.py:1442]: RHipRoll is in End
[2024/11/08 16:48:51] [INFO] [Nao_controller.py:1481]: RKneePitch is in End
[2024/11/08 16:48:51] [INFO] [Nao_controller.py:1520]: RAnklePitch is in End
[2024/11/08 16:48:51] [INFO] [Nao_controller.py:1559]: RAnkleRoll is in End
[2024/11/08 16:48:51] [INFO] [Nao_controller.py:1197]: LHipYawPitch is in End
[2024/11/08 16:48:51] [INFO] [Nao_controller.py:1002]: LHipPitch is in End
[2024/11/08 16:48:51] [INFO] [Nao_controller.py:1041]: LHipRoll is in End
[2024/11/08 16:48:51] [INFO] [Nao_controller.py:1080]: LKneePitch is in End
[2024/11/08 16:48:51] [INFO] [Nao_controller.py:1119]: LAnklePitch is in End
[2024/11/08 16:48:51] [INFO] [Nao_controller.py:1158]: LAnkleRoll is in End
[2024/11/08 16:48:51] [INFO] [Nao_controller.py:1598]: RHipYawPitch is in End
[2024/11/08 16:48:51] [INFO] [Nao_controller.py:1403]: RHipPitch is in End
[2024/11/08 16:48:51] [INFO] [Nao_controller.py:1442]: RHipRoll is in End
[2024/11/08 16:48:51] [INFO] [Nao_controller.py:1481]: RKneePitch is in End
[2024/11/08 16:48:51] [INFO] [Nao_controller.py:1520]: RAnklePitch is in End
[2024/11/08 16:48:51] [INFO] [Nao_controller.py:1559]: RAnkleRoll is in End
[2024/11/08 16:48:51] [INFO] [Nao_controller.py:1197]: LHipYawPitch is in End
[2024/11/08 16:48:51] [INFO] [Nao_controller.py:1002]: LHipPitch is in End
[2024/11/08 16:48:51] [INFO] [Nao_controller.py:1041]: LHipRoll is in End
[2024/11/08 16:48:51] [INFO] [Nao_controller.py:1080]: LKneePitch is in End
[2024/11/08 16:48:51] [INFO] [Nao_controller.py:1119]: LAnklePitch is in End
[2024/11/08 16:48:51] [INFO] [Nao_controller.py:1158]: LAnkleRoll is in End
[2024/11/08 16:48:51] [INFO] [Nao_controller.py:1598]: RHipYawPitch is in End
[2024/11/08 16:48:51] [INFO] [Nao_controller.py:1403]: RHipPitch is in End
[2024/11/08 16:48:51] [INFO] [Nao_controller.py:1442]: RHipRoll is in End
[2024/11/08 16:48:51] [INFO] [Nao_controller.py:1481]: RKneePitch is in End
[2024/11/08 16:48:51] [INFO] [Nao_controller.py:1520]: RAnklePitch is in End
[2024/11/08 16:48:51] [INFO] [Nao_controller.py:1559]: RAnkleRoll is in End
[2024/11/08 16:48:51] [INFO] [Nao_controller.py:1197]: LHipYawPitch is in End
[2024/11/08 16:48:51] [INFO] [Nao_controller.py:1002]: LHipPitch is in End
[2024/11/08 16:48:51] [INFO] [Nao_controller.py:1041]: LHipRoll is in End
[2024/11/08 16:48:51] [INFO] [Nao_controller.py:1080]: LKneePitch is in End
[2024/11/08 16:48:51] [INFO] [Nao_controller.py:1119]: LAnklePitch is in End
[2024/11/08 16:48:51] [INFO] [Nao_controller.py:1158]: LAnkleRoll is in End
[2024/11/08 16:48:51] [INFO] [Nao_controller.py:1598]: RHipYawPitch is in End
[2024/11/08 16:48:51] [INFO] [Nao_controller.py:1403]: RHipPitch is in End
[2024/11/08 16:48:51] [INFO] [Nao_controller.py:1442]: RHipRoll is in End
[2024/11/08 16:48:51] [INFO] [Nao_controller.py:1481]: RKneePitch is in End
[2024/11/08 16:48:51] [INFO] [Nao_controller.py:1520]: RAnklePitch is in End
[2024/11/08 16:48:51] [INFO] [Nao_controller.py:1559]: RAnkleRoll is in End
[2024/11/08 16:48:51] [INFO] [Nao_controller.py:1197]: LHipYawPitch is in End
[2024/11/08 16:48:51] [INFO] [Nao_controller.py:1002]: LHipPitch is in End
[2024/11/08 16:48:51] [INFO] [Nao_controller.py:1041]: LHipRoll is in End
[2024/11/08 16:48:51] [INFO] [Nao_controller.py:1080]: LKneePitch is in End
[2024/11/08 16:48:51] [INFO] [Nao_controller.py:1119]: LAnklePitch is in End
[2024/11/08 16:48:51] [INFO] [Nao_controller.py:1158]: LAnkleRoll is in End
[2024/11/08 16:48:51] [INFO] [Nao_controller.py:1598]: RHipYawPitch is in End
[2024/11/08 16:48:51] [INFO] [Nao_controller.py:1403]: RHipPitch is in End
[2024/11/08 16:48:51] [INFO] [Nao_controller.py:1442]: RHipRoll is in End
[2024/11/08 16:48:51] [INFO] [Nao_controller.py:1481]: RKneePitch is in End
[2024/11/08 16:48:51] [INFO] [Nao_controller.py:1520]: RAnklePitch is in End
[2024/11/08 16:48:51] [INFO] [Nao_controller.py:1559]: RAnkleRoll is in End
[2024/11/08 16:48:51] [INFO] [Nao_controller.py:1197]: LHipYawPitch is in End
[2024/11/08 16:48:51] [INFO] [Nao_controller.py:1002]: LHipPitch is in End
[2024/11/08 16:48:51] [INFO] [Nao_controller.py:1041]: LHipRoll is in End
[2024/11/08 16:48:51] [INFO] [Nao_controller.py:1080]: LKneePitch is in End
[2024/11/08 16:48:51] [INFO] [Nao_controller.py:1119]: LAnklePitch is in End
[2024/11/08 16:48:51] [INFO] [Nao_controller.py:1158]: LAnkleRoll is in End
[2024/11/08 16:48:51] [INFO] [Nao_controller.py:1598]: RHipYawPitch is in End
[2024/11/08 16:48:51] [INFO] [Nao_controller.py:1403]: RHipPitch is in End
[2024/11/08 16:48:51] [INFO] [Nao_controller.py:1442]: RHipRoll is in End
[2024/11/08 16:48:51] [INFO] [Nao_controller.py:1481]: RKneePitch is in End
[2024/11/08 16:48:51] [INFO] [Nao_controller.py:1520]: RAnklePitch is in End
[2024/11/08 16:48:51] [INFO] [Nao_controller.py:1559]: RAnkleRoll is in End
[2024/11/08 16:48:51] [INFO] [Nao_controller.py:1197]: LHipYawPitch is in End
[2024/11/08 16:48:51] [INFO] [Nao_controller.py:1002]: LHipPitch is in End
[2024/11/08 16:48:51] [INFO] [Nao_controller.py:1041]: LHipRoll is in End
[2024/11/08 16:48:51] [INFO] [Nao_controller.py:1080]: LKneePitch is in End
[2024/11/08 16:48:51] [INFO] [Nao_controller.py:1119]: LAnklePitch is in End
[2024/11/08 16:48:51] [INFO] [Nao_controller.py:1158]: LAnkleRoll is in End
[2024/11/08 16:48:51] [INFO] [Nao_controller.py:1598]: RHipYawPitch is in End
[2024/11/08 16:48:51] [INFO] [Nao_controller.py:1403]: RHipPitch is in End
[2024/11/08 16:48:51] [INFO] [Nao_controller.py:1442]: RHipRoll is in End
[2024/11/08 16:48:51] [INFO] [Nao_controller.py:1481]: RKneePitch is in End
[2024/11/08 16:48:51] [INFO] [Nao_controller.py:1520]: RAnklePitch is in End
[2024/11/08 16:48:51] [INFO] [Nao_controller.py:1559]: RAnkleRoll is in End
[2024/11/08 16:48:51] [INFO] [Nao_controller.py:1197]: LHipYawPitch is in End
[2024/11/08 16:48:51] [INFO] [Nao_controller.py:1002]: LHipPitch is in End
[2024/11/08 16:48:51] [INFO] [Nao_controller.py:1041]: LHipRoll is in End
[2024/11/08 16:48:51] [INFO] [Nao_controller.py:1080]: LKneePitch is in End
[2024/11/08 16:48:51] [INFO] [Nao_controller.py:1119]: LAnklePitch is in End
[2024/11/08 16:48:51] [INFO] [Nao_controller.py:1158]: LAnkleRoll is in End
[2024/11/08 16:48:51] [INFO] [Nao_controller.py:1598]: RHipYawPitch is in End
[2024/11/08 16:48:51] [INFO] [Nao_controller.py:1403]: RHipPitch is in End
[2024/11/08 16:48:51] [INFO] [Nao_controller.py:1442]: RHipRoll is in End
[2024/11/08 16:48:51] [INFO] [Nao_controller.py:1481]: RKneePitch is in End
[2024/11/08 16:48:51] [INFO] [Nao_controller.py:1520]: RAnklePitch is in End
[2024/11/08 16:48:51] [INFO] [Nao_controller.py:1559]: RAnkleRoll is in End
[2024/11/08 16:48:51] [INFO] [Nao_controller.py:1197]: LHipYawPitch is in End
[2024/11/08 16:48:51] [INFO] [Nao_controller.py:1002]: LHipPitch is in End
[2024/11/08 16:48:51] [INFO] [Nao_controller.py:1041]: LHipRoll is in End
[2024/11/08 16:48:51] [INFO] [Nao_controller.py:1080]: LKneePitch is in End
[2024/11/08 16:48:51] [INFO] [Nao_controller.py:1119]: LAnklePitch is in End
[2024/11/08 16:48:51] [INFO] [Nao_controller.py:1158]: LAnkleRoll is in End
[2024/11/08 16:48:51] [INFO] [Nao_controller.py:1598]: RHipYawPitch is in End
[2024/11/08 16:48:51] [INFO] [Nao_controller.py:1403]: RHipPitch is in End
[2024/11/08 16:48:51] [INFO] [Nao_controller.py:1442]: RHipRoll is in End
[2024/11/08 16:48:51] [INFO] [Nao_controller.py:1481]: RKneePitch is in End
[2024/11/08 16:48:51] [INFO] [Nao_controller.py:1520]: RAnklePitch is in End
[2024/11/08 16:48:51] [INFO] [Nao_controller.py:1559]: RAnkleRoll is in End
[2024/11/08 16:48:51] [INFO] [Nao_controller.py:1197]: LHipYawPitch is in End
[2024/11/08 16:48:51] [INFO] [Nao_controller.py:1002]: LHipPitch is in End
[2024/11/08 16:48:51] [INFO] [Nao_controller.py:1041]: LHipRoll is in End
[2024/11/08 16:48:51] [INFO] [Nao_controller.py:1080]: LKneePitch is in End
[2024/11/08 16:48:51] [INFO] [Nao_controller.py:1119]: LAnklePitch is in End
[2024/11/08 16:48:51] [INFO] [Nao_controller.py:1158]: LAnkleRoll is in End
[2024/11/08 16:48:51] [INFO] [Nao_controller.py:1598]: RHipYawPitch is in End
[2024/11/08 16:48:51] [INFO] [Nao_controller.py:1403]: RHipPitch is in End
[2024/11/08 16:48:51] [INFO] [Nao_controller.py:1442]: RHipRoll is in End
[2024/11/08 16:48:51] [INFO] [Nao_controller.py:1481]: RKneePitch is in End
[2024/11/08 16:48:51] [INFO] [Nao_controller.py:1520]: RAnklePitch is in End
[2024/11/08 16:48:51] [INFO] [Nao_controller.py:1559]: RAnkleRoll is in End
[2024/11/08 16:48:51] [INFO] [Nao_controller.py:1197]: LHipYawPitch is in End
[2024/11/08 16:48:51] [INFO] [Nao_controller.py:1002]: LHipPitch is in End
[2024/11/08 16:48:51] [INFO] [Nao_controller.py:1041]: LHipRoll is in End
[2024/11/08 16:48:51] [INFO] [Nao_controller.py:1080]: LKneePitch is in End
[2024/11/08 16:48:51] [INFO] [Nao_controller.py:1119]: LAnklePitch is in End
[2024/11/08 16:48:51] [INFO] [Nao_controller.py:1158]: LAnkleRoll is in End
[2024/11/08 16:48:51] [INFO] [Nao_controller.py:1598]: RHipYawPitch is in End
[2024/11/08 16:48:51] [INFO] [Nao_controller.py:1403]: RHipPitch is in End
[2024/11/08 16:48:51] [INFO] [Nao_controller.py:1442]: RHipRoll is in End
[2024/11/08 16:48:51] [INFO] [Nao_controller.py:1481]: RKneePitch is in End
[2024/11/08 16:48:51] [INFO] [Nao_controller.py:1520]: RAnklePitch is in End
[2024/11/08 16:48:51] [INFO] [Nao_controller.py:1559]: RAnkleRoll is in End
[2024/11/08 16:48:51] [INFO] [Nao_controller.py:1197]: LHipYawPitch is in End
[2024/11/08 16:48:51] [INFO] [Nao_controller.py:1002]: LHipPitch is in End
[2024/11/08 16:48:51] [INFO] [Nao_controller.py:1041]: LHipRoll is in End
[2024/11/08 16:48:51] [INFO] [Nao_controller.py:1080]: LKneePitch is in End
[2024/11/08 16:48:51] [INFO] [Nao_controller.py:1119]: LAnklePitch is in End
[2024/11/08 16:48:51] [INFO] [Nao_controller.py:1158]: LAnkleRoll is in End
[2024/11/08 16:48:51] [INFO] [Nao_controller.py:1598]: RHipYawPitch is in End
[2024/11/08 16:48:51] [INFO] [Nao_controller.py:1403]: RHipPitch is in End
[2024/11/08 16:48:51] [INFO] [Nao_controller.py:1442]: RHipRoll is in End
[2024/11/08 16:48:51] [INFO] [Nao_controller.py:1481]: RKneePitch is in End
[2024/11/08 16:48:51] [INFO] [Nao_controller.py:1520]: RAnklePitch is in End
[2024/11/08 16:48:51] [INFO] [Nao_controller.py:1559]: RAnkleRoll is in End
[2024/11/08 16:48:52] [INFO] [Nao_controller.py:1197]: LHipYawPitch is in End
[2024/11/08 16:48:52] [INFO] [Nao_controller.py:1002]: LHipPitch is in End
[2024/11/08 16:48:52] [INFO] [Nao_controller.py:1041]: LHipRoll is in End
[2024/11/08 16:48:52] [INFO] [Nao_controller.py:1080]: LKneePitch is in End
[2024/11/08 16:48:52] [INFO] [Nao_controller.py:1119]: LAnklePitch is in End
[2024/11/08 16:48:52] [INFO] [Nao_controller.py:1158]: LAnkleRoll is in End
[2024/11/08 16:48:52] [INFO] [Nao_controller.py:1598]: RHipYawPitch is in End
[2024/11/08 16:48:52] [INFO] [Nao_controller.py:1403]: RHipPitch is in End
[2024/11/08 16:48:52] [INFO] [Nao_controller.py:1442]: RHipRoll is in End
[2024/11/08 16:48:52] [INFO] [Nao_controller.py:1481]: RKneePitch is in End
[2024/11/08 16:48:52] [INFO] [Nao_controller.py:1520]: RAnklePitch is in End
[2024/11/08 16:48:52] [INFO] [Nao_controller.py:1559]: RAnkleRoll is in End
[2024/11/08 16:48:52] [INFO] [Nao_controller.py:1197]: LHipYawPitch is in End
[2024/11/08 16:48:52] [INFO] [Nao_controller.py:1002]: LHipPitch is in End
[2024/11/08 16:48:52] [INFO] [Nao_controller.py:1041]: LHipRoll is in End
[2024/11/08 16:48:52] [INFO] [Nao_controller.py:1080]: LKneePitch is in End
[2024/11/08 16:48:52] [INFO] [Nao_controller.py:1119]: LAnklePitch is in End
[2024/11/08 16:48:52] [INFO] [Nao_controller.py:1158]: LAnkleRoll is in End
[2024/11/08 16:48:52] [INFO] [Nao_controller.py:1598]: RHipYawPitch is in End
[2024/11/08 16:48:52] [INFO] [Nao_controller.py:1403]: RHipPitch is in End
[2024/11/08 16:48:52] [INFO] [Nao_controller.py:1442]: RHipRoll is in End
[2024/11/08 16:48:52] [INFO] [Nao_controller.py:1481]: RKneePitch is in End
[2024/11/08 16:48:52] [INFO] [Nao_controller.py:1520]: RAnklePitch is in End
[2024/11/08 16:48:52] [INFO] [Nao_controller.py:1559]: RAnkleRoll is in End
[2024/11/08 16:48:52] [INFO] [Nao_controller.py:1197]: LHipYawPitch is in End
[2024/11/08 16:48:52] [INFO] [Nao_controller.py:1002]: LHipPitch is in End
[2024/11/08 16:48:52] [INFO] [Nao_controller.py:1041]: LHipRoll is in End
[2024/11/08 16:48:52] [INFO] [Nao_controller.py:1080]: LKneePitch is in End
[2024/11/08 16:48:52] [INFO] [Nao_controller.py:1119]: LAnklePitch is in End
[2024/11/08 16:48:52] [INFO] [Nao_controller.py:1158]: LAnkleRoll is in End
[2024/11/08 16:48:52] [INFO] [Nao_controller.py:1598]: RHipYawPitch is in End
[2024/11/08 16:48:52] [INFO] [Nao_controller.py:1403]: RHipPitch is in End
[2024/11/08 16:48:52] [INFO] [Nao_controller.py:1442]: RHipRoll is in End
[2024/11/08 16:48:52] [INFO] [Nao_controller.py:1481]: RKneePitch is in End
[2024/11/08 16:48:52] [INFO] [Nao_controller.py:1520]: RAnklePitch is in End
[2024/11/08 16:48:52] [INFO] [Nao_controller.py:1559]: RAnkleRoll is in End
[2024/11/08 17:00:25] [INFO] [Nao_controller.py:1778]: ----------inertial unit----------
[2024/11/08 17:00:25] [INFO] [Nao_controller.py:1779]: x/y/z: [1.575842 0.030173 0.030326]
[2024/11/08 17:00:37] [INFO] [Nao_controller.py:1778]: ----------inertial unit----------
[2024/11/08 17:00:37] [INFO] [Nao_controller.py:1779]: x/y/z: [2.147884 -0.667237 -1.137446]
[2024/11/08 17:01:11] [INFO] [Nao_controller.py:1778]: ----------inertial unit----------
[2024/11/08 17:01:11] [INFO] [Nao_controller.py:1779]: x/y/z: [3.138346 -0.102271 -3.078178]
[2024/11/08 17:01:36] [INFO] [Nao_controller.py:1778]: ----------inertial unit----------
[2024/11/08 17:01:36] [INFO] [Nao_controller.py:1779]: x/y/z: [1.574254 -0.099274 -0.099618]
[2024/11/08 17:09:31] [INFO] [Nao_controller.py:1778]: ----------inertial unit----------
[2024/11/08 17:09:31] [INFO] [Nao_controller.py:1779]: x/y/z: [3.141593 -0.000000 -0.040838]
[2024/11/08 17:10:37] [INFO] [Nao_controller.py:1778]: ----------inertial unit----------
[2024/11/08 17:10:37] [INFO] [Nao_controller.py:1779]: x/y/z: [-0.001039 0.109365 -0.000057]
[2024/11/08 17:11:14] [INFO] [Nao_controller.py:1778]: ----------inertial unit----------
[2024/11/08 17:11:14] [INFO] [Nao_controller.py:1779]: x/y/z: [2.005877 -0.614313 -0.922826]
[2024/11/08 17:12:10] [INFO] [Nao_controller.py:1778]: ----------inertial unit----------
[2024/11/08 17:12:10] [INFO] [Nao_controller.py:1779]: x/y/z: [2.287536 0.620654 1.227833]
[2024/11/08 17:14:40] [INFO] [Nao_controller.py:1778]: ----------inertial unit----------
[2024/11/08 17:14:40] [INFO] [Nao_controller.py:1779]: x/y/z: [1.575842 0.030173 0.030325]
[2024/11/08 17:15:01] [INFO] [Nao_controller.py:1171]: LHipYawPitch is in Initial
[2024/11/08 17:15:01] [INFO] [Nao_controller.py:976]: LHipPitch is in Initial
[2024/11/08 17:15:01] [INFO] [Nao_controller.py:1015]: LHipRoll is in Initial
[2024/11/08 17:15:01] [INFO] [Nao_controller.py:1054]: LKneePitch is in Initial
[2024/11/08 17:15:01] [INFO] [Nao_controller.py:1093]: LAnklePitch is in Initial
[2024/11/08 17:15:01] [INFO] [Nao_controller.py:1132]: LAnkleRoll is in Initial
[2024/11/08 17:15:01] [INFO] [Nao_controller.py:1572]: RHipYawPitch is in Initial
[2024/11/08 17:15:01] [INFO] [Nao_controller.py:1376]: RHipPitch is in Initial
[2024/11/08 17:15:01] [INFO] [Nao_controller.py:1416]: RHipRoll is in Initial
[2024/11/08 17:15:01] [INFO] [Nao_controller.py:1455]: RKneePitch is in Initial
[2024/11/08 17:15:01] [INFO] [Nao_controller.py:1494]: RAnklePitch is in Initial
[2024/11/08 17:15:01] [INFO] [Nao_controller.py:1533]: RAnkleRoll is in Initial
[2024/11/08 17:15:01] [INFO] [Nao_controller.py:1778]: ----------inertial unit----------
[2024/11/08 17:15:01] [INFO] [Nao_controller.py:1779]: x/y/z: [1.575842 0.030173 0.030326]
[2024/11/08 17:15:09] [INFO] [Nao_controller.py:1171]: LHipYawPitch is in Initial
[2024/11/08 17:15:09] [INFO] [Nao_controller.py:976]: LHipPitch is in Initial
[2024/11/08 17:15:09] [INFO] [Nao_controller.py:1015]: LHipRoll is in Initial
[2024/11/08 17:15:09] [INFO] [Nao_controller.py:1054]: LKneePitch is in Initial
[2024/11/08 17:15:09] [INFO] [Nao_controller.py:1093]: LAnklePitch is in Initial
[2024/11/08 17:15:09] [INFO] [Nao_controller.py:1132]: LAnkleRoll is in Initial
[2024/11/08 17:15:09] [INFO] [Nao_controller.py:1572]: RHipYawPitch is in Initial
[2024/11/08 17:15:09] [INFO] [Nao_controller.py:1376]: RHipPitch is in Initial
[2024/11/08 17:15:09] [INFO] [Nao_controller.py:1416]: RHipRoll is in Initial
[2024/11/08 17:15:09] [INFO] [Nao_controller.py:1455]: RKneePitch is in Initial
[2024/11/08 17:15:09] [INFO] [Nao_controller.py:1494]: RAnklePitch is in Initial
[2024/11/08 17:15:09] [INFO] [Nao_controller.py:1533]: RAnkleRoll is in Initial
[2024/11/08 17:15:09] [INFO] [Nao_controller.py:1778]: ----------inertial unit----------
[2024/11/08 17:15:09] [INFO] [Nao_controller.py:1779]: x/y/z: [1.575843 0.030173 0.030326]
[2024/11/08 17:15:09] [INFO] [Nao_controller.py:1176]: LHipYawPitch is in Prepare
[2024/11/08 17:15:09] [INFO] [Nao_controller.py:981]: LHipPitch is in Prepare
[2024/11/08 17:15:09] [INFO] [Nao_controller.py:1020]: LHipRoll is in Prepare
[2024/11/08 17:15:09] [INFO] [Nao_controller.py:1059]: LKneePitch is in Prepare
[2024/11/08 17:15:09] [INFO] [Nao_controller.py:1098]: LAnklePitch is in Prepare
[2024/11/08 17:15:09] [INFO] [Nao_controller.py:1137]: LAnkleRoll is in Prepare
[2024/11/08 17:15:09] [INFO] [Nao_controller.py:1577]: RHipYawPitch is in Prepare
[2024/11/08 17:15:09] [INFO] [Nao_controller.py:1382]: RHipPitch is in Prepare
[2024/11/08 17:15:09] [INFO] [Nao_controller.py:1421]: RHipRoll is in Prepare
[2024/11/08 17:15:09] [INFO] [Nao_controller.py:1460]: RKneePitch is in Prepare
[2024/11/08 17:15:09] [INFO] [Nao_controller.py:1499]: RAnklePitch is in Prepare
[2024/11/08 17:15:09] [INFO] [Nao_controller.py:1538]: RAnkleRoll is in Prepare
[2024/11/08 17:15:09] [INFO] [Nao_controller.py:1778]: ----------inertial unit----------
[2024/11/08 17:15:09] [INFO] [Nao_controller.py:1779]: x/y/z: [1.575843 0.030173 0.030326]
[2024/11/08 17:15:09] [INFO] [Nao_controller.py:1182]: LHipYawPitch is in Moving
[2024/11/08 17:15:09] [INFO] [Nao_controller.py:987]: LHipPitch is in Moving
[2024/11/08 17:15:09] [INFO] [Nao_controller.py:1026]: LHipRoll is in Moving
[2024/11/08 17:15:09] [INFO] [Nao_controller.py:1065]: LKneePitch is in Moving
[2024/11/08 17:15:09] [INFO] [Nao_controller.py:1104]: LAnklePitch is in Moving
[2024/11/08 17:15:09] [INFO] [Nao_controller.py:1143]: LAnkleRoll is in Moving
[2024/11/08 17:15:09] [INFO] [Nao_controller.py:1583]: RHipYawPitch is in Moving
[2024/11/08 17:15:09] [INFO] [Nao_controller.py:1388]: RHipPitch is in Moving
[2024/11/08 17:15:09] [INFO] [Nao_controller.py:1427]: RHipRoll is in Moving
[2024/11/08 17:15:09] [INFO] [Nao_controller.py:1466]: RKneePitch is in Moving
[2024/11/08 17:15:09] [INFO] [Nao_controller.py:1505]: RAnklePitch is in Moving
[2024/11/08 17:15:09] [INFO] [Nao_controller.py:1544]: RAnkleRoll is in Moving
[2024/11/08 17:15:09] [INFO] [Nao_controller.py:1778]: ----------inertial unit----------
[2024/11/08 17:15:09] [INFO] [Nao_controller.py:1779]: x/y/z: [1.575843 0.030173 0.030326]
[2024/11/08 17:15:10] [INFO] [Nao_controller.py:1191]: LHipYawPitch is in Finish
[2024/11/08 17:15:10] [INFO] [Nao_controller.py:996]: LHipPitch is in Finish
[2024/11/08 17:15:10] [INFO] [Nao_controller.py:1035]: LHipRoll is in Finish
[2024/11/08 17:15:10] [INFO] [Nao_controller.py:1074]: LKneePitch is in Finish
[2024/11/08 17:15:10] [INFO] [Nao_controller.py:1104]: LAnklePitch is in Moving
[2024/11/08 17:15:10] [INFO] [Nao_controller.py:1152]: LAnkleRoll is in Finish
[2024/11/08 17:15:10] [INFO] [Nao_controller.py:1592]: RHipYawPitch is in Finish
[2024/11/08 17:15:10] [INFO] [Nao_controller.py:1397]: RHipPitch is in Finish
[2024/11/08 17:15:10] [INFO] [Nao_controller.py:1436]: RHipRoll is in Finish
[2024/11/08 17:15:10] [INFO] [Nao_controller.py:1475]: RKneePitch is in Finish
[2024/11/08 17:15:10] [INFO] [Nao_controller.py:1505]: RAnklePitch is in Moving
[2024/11/08 17:15:10] [INFO] [Nao_controller.py:1553]: RAnkleRoll is in Finish
[2024/11/08 17:15:10] [INFO] [Nao_controller.py:1778]: ----------inertial unit----------
[2024/11/08 17:15:10] [INFO] [Nao_controller.py:1779]: x/y/z: [1.575028 0.024159 0.024262]
[2024/11/08 17:15:10] [INFO] [Nao_controller.py:1197]: LHipYawPitch is in End
[2024/11/08 17:15:10] [INFO] [Nao_controller.py:1002]: LHipPitch is in End
[2024/11/08 17:15:10] [INFO] [Nao_controller.py:1041]: LHipRoll is in End
[2024/11/08 17:15:10] [INFO] [Nao_controller.py:1074]: LKneePitch is in Finish
[2024/11/08 17:15:10] [INFO] [Nao_controller.py:1104]: LAnklePitch is in Moving
[2024/11/08 17:15:10] [INFO] [Nao_controller.py:1158]: LAnkleRoll is in End
[2024/11/08 17:15:10] [INFO] [Nao_controller.py:1598]: RHipYawPitch is in End
[2024/11/08 17:15:10] [INFO] [Nao_controller.py:1403]: RHipPitch is in End
[2024/11/08 17:15:10] [INFO] [Nao_controller.py:1442]: RHipRoll is in End
[2024/11/08 17:15:10] [INFO] [Nao_controller.py:1481]: RKneePitch is in End
[2024/11/08 17:15:10] [INFO] [Nao_controller.py:1505]: RAnklePitch is in Moving
[2024/11/08 17:15:10] [INFO] [Nao_controller.py:1559]: RAnkleRoll is in End
[2024/11/08 17:15:10] [INFO] [Nao_controller.py:1778]: ----------inertial unit----------
[2024/11/08 17:15:10] [INFO] [Nao_controller.py:1779]: x/y/z: [1.574013 0.015774 0.015824]
[2024/11/08 17:15:10] [INFO] [Nao_controller.py:1197]: LHipYawPitch is in End
[2024/11/08 17:15:10] [INFO] [Nao_controller.py:1002]: LHipPitch is in End
[2024/11/08 17:15:10] [INFO] [Nao_controller.py:1041]: LHipRoll is in End
[2024/11/08 17:15:10] [INFO] [Nao_controller.py:1074]: LKneePitch is in Finish
[2024/11/08 17:15:10] [INFO] [Nao_controller.py:1104]: LAnklePitch is in Moving
[2024/11/08 17:15:10] [INFO] [Nao_controller.py:1158]: LAnkleRoll is in End
[2024/11/08 17:15:10] [INFO] [Nao_controller.py:1598]: RHipYawPitch is in End
[2024/11/08 17:15:10] [INFO] [Nao_controller.py:1403]: RHipPitch is in End
[2024/11/08 17:15:10] [INFO] [Nao_controller.py:1442]: RHipRoll is in End
[2024/11/08 17:15:10] [INFO] [Nao_controller.py:1481]: RKneePitch is in End
[2024/11/08 17:15:10] [INFO] [Nao_controller.py:1505]: RAnklePitch is in Moving
[2024/11/08 17:15:10] [INFO] [Nao_controller.py:1559]: RAnkleRoll is in End
[2024/11/08 17:15:10] [INFO] [Nao_controller.py:1778]: ----------inertial unit----------
[2024/11/08 17:15:10] [INFO] [Nao_controller.py:1779]: x/y/z: [1.572885 0.004689 0.004699]
[2024/11/08 17:15:10] [INFO] [Nao_controller.py:1197]: LHipYawPitch is in End
[2024/11/08 17:15:10] [INFO] [Nao_controller.py:1002]: LHipPitch is in End
[2024/11/08 17:15:10] [INFO] [Nao_controller.py:1041]: LHipRoll is in End
[2024/11/08 17:15:10] [INFO] [Nao_controller.py:1074]: LKneePitch is in Finish
[2024/11/08 17:15:10] [INFO] [Nao_controller.py:1104]: LAnklePitch is in Moving
[2024/11/08 17:15:10] [INFO] [Nao_controller.py:1158]: LAnkleRoll is in End
[2024/11/08 17:15:10] [INFO] [Nao_controller.py:1598]: RHipYawPitch is in End
[2024/11/08 17:15:10] [INFO] [Nao_controller.py:1403]: RHipPitch is in End
[2024/11/08 17:15:10] [INFO] [Nao_controller.py:1442]: RHipRoll is in End
[2024/11/08 17:15:10] [INFO] [Nao_controller.py:1481]: RKneePitch is in End
[2024/11/08 17:15:10] [INFO] [Nao_controller.py:1505]: RAnklePitch is in Moving
[2024/11/08 17:15:10] [INFO] [Nao_controller.py:1559]: RAnkleRoll is in End
[2024/11/08 17:15:10] [INFO] [Nao_controller.py:1778]: ----------inertial unit----------
[2024/11/08 17:15:10] [INFO] [Nao_controller.py:1779]: x/y/z: [1.571798 -0.009511 -0.009520]
[2024/11/08 17:15:10] [INFO] [Nao_controller.py:1197]: LHipYawPitch is in End
[2024/11/08 17:15:10] [INFO] [Nao_controller.py:1002]: LHipPitch is in End
[2024/11/08 17:15:10] [INFO] [Nao_controller.py:1041]: LHipRoll is in End
[2024/11/08 17:15:10] [INFO] [Nao_controller.py:1074]: LKneePitch is in Finish
[2024/11/08 17:15:10] [INFO] [Nao_controller.py:1104]: LAnklePitch is in Moving
[2024/11/08 17:15:10] [INFO] [Nao_controller.py:1158]: LAnkleRoll is in End
[2024/11/08 17:15:10] [INFO] [Nao_controller.py:1598]: RHipYawPitch is in End
[2024/11/08 17:15:10] [INFO] [Nao_controller.py:1403]: RHipPitch is in End
[2024/11/08 17:15:10] [INFO] [Nao_controller.py:1442]: RHipRoll is in End
[2024/11/08 17:15:10] [INFO] [Nao_controller.py:1481]: RKneePitch is in End
[2024/11/08 17:15:10] [INFO] [Nao_controller.py:1505]: RAnklePitch is in Moving
[2024/11/08 17:15:10] [INFO] [Nao_controller.py:1559]: RAnkleRoll is in End
[2024/11/08 17:15:10] [INFO] [Nao_controller.py:1778]: ----------inertial unit----------
[2024/11/08 17:15:10] [INFO] [Nao_controller.py:1779]: x/y/z: [1.571268 -0.019639 -0.019649]
[2024/11/08 17:15:10] [INFO] [Nao_controller.py:1197]: LHipYawPitch is in End
[2024/11/08 17:15:10] [INFO] [Nao_controller.py:1002]: LHipPitch is in End
[2024/11/08 17:15:10] [INFO] [Nao_controller.py:1041]: LHipRoll is in End
[2024/11/08 17:15:10] [INFO] [Nao_controller.py:1080]: LKneePitch is in End
[2024/11/08 17:15:10] [INFO] [Nao_controller.py:1104]: LAnklePitch is in Moving
[2024/11/08 17:15:10] [INFO] [Nao_controller.py:1158]: LAnkleRoll is in End
[2024/11/08 17:15:10] [INFO] [Nao_controller.py:1598]: RHipYawPitch is in End
[2024/11/08 17:15:10] [INFO] [Nao_controller.py:1403]: RHipPitch is in End
[2024/11/08 17:15:10] [INFO] [Nao_controller.py:1442]: RHipRoll is in End
[2024/11/08 17:15:10] [INFO] [Nao_controller.py:1481]: RKneePitch is in End
[2024/11/08 17:15:10] [INFO] [Nao_controller.py:1505]: RAnklePitch is in Moving
[2024/11/08 17:15:10] [INFO] [Nao_controller.py:1559]: RAnkleRoll is in End
[2024/11/08 17:15:10] [INFO] [Nao_controller.py:1778]: ----------inertial unit----------
[2024/11/08 17:15:10] [INFO] [Nao_controller.py:1779]: x/y/z: [1.571002 -0.027272 -0.027277]
[2024/11/08 17:15:10] [INFO] [Nao_controller.py:1197]: LHipYawPitch is in End
[2024/11/08 17:15:10] [INFO] [Nao_controller.py:1002]: LHipPitch is in End
[2024/11/08 17:15:10] [INFO] [Nao_controller.py:1041]: LHipRoll is in End
[2024/11/08 17:15:10] [INFO] [Nao_controller.py:1080]: LKneePitch is in End
[2024/11/08 17:15:10] [INFO] [Nao_controller.py:1104]: LAnklePitch is in Moving
[2024/11/08 17:15:10] [INFO] [Nao_controller.py:1158]: LAnkleRoll is in End
[2024/11/08 17:15:10] [INFO] [Nao_controller.py:1598]: RHipYawPitch is in End
[2024/11/08 17:15:10] [INFO] [Nao_controller.py:1403]: RHipPitch is in End
[2024/11/08 17:15:10] [INFO] [Nao_controller.py:1442]: RHipRoll is in End
[2024/11/08 17:15:10] [INFO] [Nao_controller.py:1481]: RKneePitch is in End
[2024/11/08 17:15:10] [INFO] [Nao_controller.py:1505]: RAnklePitch is in Moving
[2024/11/08 17:15:10] [INFO] [Nao_controller.py:1559]: RAnkleRoll is in End
[2024/11/08 17:15:10] [INFO] [Nao_controller.py:1778]: ----------inertial unit----------
[2024/11/08 17:15:10] [INFO] [Nao_controller.py:1779]: x/y/z: [1.570890 -0.032369 -0.032372]
[2024/11/08 17:15:10] [INFO] [Nao_controller.py:1197]: LHipYawPitch is in End
[2024/11/08 17:15:10] [INFO] [Nao_controller.py:1002]: LHipPitch is in End
[2024/11/08 17:15:10] [INFO] [Nao_controller.py:1041]: LHipRoll is in End
[2024/11/08 17:15:10] [INFO] [Nao_controller.py:1080]: LKneePitch is in End
[2024/11/08 17:15:10] [INFO] [Nao_controller.py:1104]: LAnklePitch is in Moving
[2024/11/08 17:15:10] [INFO] [Nao_controller.py:1158]: LAnkleRoll is in End
[2024/11/08 17:15:10] [INFO] [Nao_controller.py:1598]: RHipYawPitch is in End
[2024/11/08 17:15:10] [INFO] [Nao_controller.py:1403]: RHipPitch is in End
[2024/11/08 17:15:10] [INFO] [Nao_controller.py:1442]: RHipRoll is in End
[2024/11/08 17:15:10] [INFO] [Nao_controller.py:1481]: RKneePitch is in End
[2024/11/08 17:15:10] [INFO] [Nao_controller.py:1505]: RAnklePitch is in Moving
[2024/11/08 17:15:10] [INFO] [Nao_controller.py:1559]: RAnkleRoll is in End
[2024/11/08 17:15:10] [INFO] [Nao_controller.py:1778]: ----------inertial unit----------
[2024/11/08 17:15:10] [INFO] [Nao_controller.py:1779]: x/y/z: [1.570851 -0.035081 -0.035083]
[2024/11/08 17:15:10] [INFO] [Nao_controller.py:1197]: LHipYawPitch is in End
[2024/11/08 17:15:10] [INFO] [Nao_controller.py:1002]: LHipPitch is in End
[2024/11/08 17:15:10] [INFO] [Nao_controller.py:1041]: LHipRoll is in End
[2024/11/08 17:15:10] [INFO] [Nao_controller.py:1080]: LKneePitch is in End
[2024/11/08 17:15:10] [INFO] [Nao_controller.py:1104]: LAnklePitch is in Moving
[2024/11/08 17:15:10] [INFO] [Nao_controller.py:1158]: LAnkleRoll is in End
[2024/11/08 17:15:10] [INFO] [Nao_controller.py:1598]: RHipYawPitch is in End
[2024/11/08 17:15:10] [INFO] [Nao_controller.py:1403]: RHipPitch is in End
[2024/11/08 17:15:10] [INFO] [Nao_controller.py:1442]: RHipRoll is in End
[2024/11/08 17:15:10] [INFO] [Nao_controller.py:1481]: RKneePitch is in End
[2024/11/08 17:15:10] [INFO] [Nao_controller.py:1505]: RAnklePitch is in Moving
[2024/11/08 17:15:10] [INFO] [Nao_controller.py:1559]: RAnkleRoll is in End
[2024/11/08 17:15:10] [INFO] [Nao_controller.py:1778]: ----------inertial unit----------
[2024/11/08 17:15:10] [INFO] [Nao_controller.py:1779]: x/y/z: [1.570845 -0.035496 -0.035498]
[2024/11/08 17:15:10] [INFO] [Nao_controller.py:1197]: LHipYawPitch is in End
[2024/11/08 17:15:10] [INFO] [Nao_controller.py:1002]: LHipPitch is in End
[2024/11/08 17:15:10] [INFO] [Nao_controller.py:1041]: LHipRoll is in End
[2024/11/08 17:15:10] [INFO] [Nao_controller.py:1080]: LKneePitch is in End
[2024/11/08 17:15:10] [INFO] [Nao_controller.py:1104]: LAnklePitch is in Moving
[2024/11/08 17:15:10] [INFO] [Nao_controller.py:1158]: LAnkleRoll is in End
[2024/11/08 17:15:10] [INFO] [Nao_controller.py:1598]: RHipYawPitch is in End
[2024/11/08 17:15:10] [INFO] [Nao_controller.py:1403]: RHipPitch is in End
[2024/11/08 17:15:10] [INFO] [Nao_controller.py:1442]: RHipRoll is in End
[2024/11/08 17:15:10] [INFO] [Nao_controller.py:1481]: RKneePitch is in End
[2024/11/08 17:15:10] [INFO] [Nao_controller.py:1505]: RAnklePitch is in Moving
[2024/11/08 17:15:10] [INFO] [Nao_controller.py:1559]: RAnkleRoll is in End
[2024/11/08 17:15:10] [INFO] [Nao_controller.py:1778]: ----------inertial unit----------
[2024/11/08 17:15:10] [INFO] [Nao_controller.py:1779]: x/y/z: [1.570867 -0.033639 -0.033641]
[2024/11/08 17:15:10] [INFO] [Nao_controller.py:1197]: LHipYawPitch is in End
[2024/11/08 17:15:10] [INFO] [Nao_controller.py:1002]: LHipPitch is in End
[2024/11/08 17:15:10] [INFO] [Nao_controller.py:1041]: LHipRoll is in End
[2024/11/08 17:15:10] [INFO] [Nao_controller.py:1080]: LKneePitch is in End
[2024/11/08 17:15:10] [INFO] [Nao_controller.py:1104]: LAnklePitch is in Moving
[2024/11/08 17:15:10] [INFO] [Nao_controller.py:1158]: LAnkleRoll is in End
[2024/11/08 17:15:10] [INFO] [Nao_controller.py:1598]: RHipYawPitch is in End
[2024/11/08 17:15:10] [INFO] [Nao_controller.py:1403]: RHipPitch is in End
[2024/11/08 17:15:10] [INFO] [Nao_controller.py:1442]: RHipRoll is in End
[2024/11/08 17:15:10] [INFO] [Nao_controller.py:1481]: RKneePitch is in End
[2024/11/08 17:15:10] [INFO] [Nao_controller.py:1505]: RAnklePitch is in Moving
[2024/11/08 17:15:10] [INFO] [Nao_controller.py:1559]: RAnkleRoll is in End
[2024/11/08 17:15:10] [INFO] [Nao_controller.py:1778]: ----------inertial unit----------
[2024/11/08 17:15:10] [INFO] [Nao_controller.py:1779]: x/y/z: [1.570943 -0.029468 -0.029472]
[2024/11/08 17:15:10] [INFO] [Nao_controller.py:1197]: LHipYawPitch is in End
[2024/11/08 17:15:10] [INFO] [Nao_controller.py:1002]: LHipPitch is in End
[2024/11/08 17:15:10] [INFO] [Nao_controller.py:1041]: LHipRoll is in End
[2024/11/08 17:15:10] [INFO] [Nao_controller.py:1080]: LKneePitch is in End
[2024/11/08 17:15:10] [INFO] [Nao_controller.py:1104]: LAnklePitch is in Moving
[2024/11/08 17:15:10] [INFO] [Nao_controller.py:1158]: LAnkleRoll is in End
[2024/11/08 17:15:10] [INFO] [Nao_controller.py:1598]: RHipYawPitch is in End
[2024/11/08 17:15:10] [INFO] [Nao_controller.py:1403]: RHipPitch is in End
[2024/11/08 17:15:10] [INFO] [Nao_controller.py:1442]: RHipRoll is in End
[2024/11/08 17:15:10] [INFO] [Nao_controller.py:1481]: RKneePitch is in End
[2024/11/08 17:15:10] [INFO] [Nao_controller.py:1505]: RAnklePitch is in Moving
[2024/11/08 17:15:10] [INFO] [Nao_controller.py:1559]: RAnkleRoll is in End
[2024/11/08 17:15:10] [INFO] [Nao_controller.py:1778]: ----------inertial unit----------
[2024/11/08 17:15:10] [INFO] [Nao_controller.py:1779]: x/y/z: [1.571135 -0.022881 -0.022889]
[2024/11/08 17:15:10] [INFO] [Nao_controller.py:1197]: LHipYawPitch is in End
[2024/11/08 17:15:10] [INFO] [Nao_controller.py:1002]: LHipPitch is in End
[2024/11/08 17:15:10] [INFO] [Nao_controller.py:1041]: LHipRoll is in End
[2024/11/08 17:15:10] [INFO] [Nao_controller.py:1080]: LKneePitch is in End
[2024/11/08 17:15:10] [INFO] [Nao_controller.py:1104]: LAnklePitch is in Moving
[2024/11/08 17:15:10] [INFO] [Nao_controller.py:1158]: LAnkleRoll is in End
[2024/11/08 17:15:10] [INFO] [Nao_controller.py:1598]: RHipYawPitch is in End
[2024/11/08 17:15:10] [INFO] [Nao_controller.py:1403]: RHipPitch is in End
[2024/11/08 17:15:10] [INFO] [Nao_controller.py:1442]: RHipRoll is in End
[2024/11/08 17:15:10] [INFO] [Nao_controller.py:1481]: RKneePitch is in End
[2024/11/08 17:15:10] [INFO] [Nao_controller.py:1505]: RAnklePitch is in Moving
[2024/11/08 17:15:10] [INFO] [Nao_controller.py:1559]: RAnkleRoll is in End
[2024/11/08 17:15:10] [INFO] [Nao_controller.py:1778]: ----------inertial unit----------
[2024/11/08 17:15:10] [INFO] [Nao_controller.py:1779]: x/y/z: [1.571185 -0.021564 -0.021572]
[2024/11/08 17:15:10] [INFO] [Nao_controller.py:1197]: LHipYawPitch is in End
[2024/11/08 17:15:10] [INFO] [Nao_controller.py:1002]: LHipPitch is in End
[2024/11/08 17:15:10] [INFO] [Nao_controller.py:1041]: LHipRoll is in End
[2024/11/08 17:15:10] [INFO] [Nao_controller.py:1080]: LKneePitch is in End
[2024/11/08 17:15:10] [INFO] [Nao_controller.py:1104]: LAnklePitch is in Moving
[2024/11/08 17:15:10] [INFO] [Nao_controller.py:1158]: LAnkleRoll is in End
[2024/11/08 17:15:10] [INFO] [Nao_controller.py:1598]: RHipYawPitch is in End
[2024/11/08 17:15:10] [INFO] [Nao_controller.py:1403]: RHipPitch is in End
[2024/11/08 17:15:10] [INFO] [Nao_controller.py:1442]: RHipRoll is in End
[2024/11/08 17:15:10] [INFO] [Nao_controller.py:1481]: RKneePitch is in End
[2024/11/08 17:15:10] [INFO] [Nao_controller.py:1505]: RAnklePitch is in Moving
[2024/11/08 17:15:10] [INFO] [Nao_controller.py:1559]: RAnkleRoll is in End
[2024/11/08 17:15:10] [INFO] [Nao_controller.py:1778]: ----------inertial unit----------
[2024/11/08 17:15:10] [INFO] [Nao_controller.py:1779]: x/y/z: [1.571197 -0.021277 -0.021286]
[2024/11/08 17:15:10] [INFO] [Nao_controller.py:1197]: LHipYawPitch is in End
[2024/11/08 17:15:10] [INFO] [Nao_controller.py:1002]: LHipPitch is in End
[2024/11/08 17:15:10] [INFO] [Nao_controller.py:1041]: LHipRoll is in End
[2024/11/08 17:15:10] [INFO] [Nao_controller.py:1080]: LKneePitch is in End
[2024/11/08 17:15:10] [INFO] [Nao_controller.py:1104]: LAnklePitch is in Moving
[2024/11/08 17:15:10] [INFO] [Nao_controller.py:1158]: LAnkleRoll is in End
[2024/11/08 17:15:10] [INFO] [Nao_controller.py:1598]: RHipYawPitch is in End
[2024/11/08 17:15:10] [INFO] [Nao_controller.py:1403]: RHipPitch is in End
[2024/11/08 17:15:10] [INFO] [Nao_controller.py:1442]: RHipRoll is in End
[2024/11/08 17:15:10] [INFO] [Nao_controller.py:1481]: RKneePitch is in End
[2024/11/08 17:15:10] [INFO] [Nao_controller.py:1505]: RAnklePitch is in Moving
[2024/11/08 17:15:10] [INFO] [Nao_controller.py:1559]: RAnkleRoll is in End
[2024/11/08 17:15:10] [INFO] [Nao_controller.py:1778]: ----------inertial unit----------
[2024/11/08 17:15:10] [INFO] [Nao_controller.py:1779]: x/y/z: [1.571195 -0.021339 -0.021348]
[2024/11/08 17:15:10] [INFO] [Nao_controller.py:1197]: LHipYawPitch is in End
[2024/11/08 17:15:10] [INFO] [Nao_controller.py:1002]: LHipPitch is in End
[2024/11/08 17:15:10] [INFO] [Nao_controller.py:1041]: LHipRoll is in End
[2024/11/08 17:15:10] [INFO] [Nao_controller.py:1080]: LKneePitch is in End
[2024/11/08 17:15:10] [INFO] [Nao_controller.py:1104]: LAnklePitch is in Moving
[2024/11/08 17:15:10] [INFO] [Nao_controller.py:1158]: LAnkleRoll is in End
[2024/11/08 17:15:10] [INFO] [Nao_controller.py:1598]: RHipYawPitch is in End
[2024/11/08 17:15:10] [INFO] [Nao_controller.py:1403]: RHipPitch is in End
[2024/11/08 17:15:10] [INFO] [Nao_controller.py:1442]: RHipRoll is in End
[2024/11/08 17:15:10] [INFO] [Nao_controller.py:1481]: RKneePitch is in End
[2024/11/08 17:15:10] [INFO] [Nao_controller.py:1505]: RAnklePitch is in Moving
[2024/11/08 17:15:10] [INFO] [Nao_controller.py:1559]: RAnkleRoll is in End
[2024/11/08 17:15:10] [INFO] [Nao_controller.py:1778]: ----------inertial unit----------
[2024/11/08 17:15:10] [INFO] [Nao_controller.py:1779]: x/y/z: [1.571189 -0.021487 -0.021496]
[2024/11/08 17:15:10] [INFO] [Nao_controller.py:1197]: LHipYawPitch is in End
[2024/11/08 17:15:10] [INFO] [Nao_controller.py:1002]: LHipPitch is in End
[2024/11/08 17:15:10] [INFO] [Nao_controller.py:1041]: LHipRoll is in End
[2024/11/08 17:15:10] [INFO] [Nao_controller.py:1080]: LKneePitch is in End
[2024/11/08 17:15:10] [INFO] [Nao_controller.py:1104]: LAnklePitch is in Moving
[2024/11/08 17:15:10] [INFO] [Nao_controller.py:1158]: LAnkleRoll is in End
[2024/11/08 17:15:10] [INFO] [Nao_controller.py:1598]: RHipYawPitch is in End
[2024/11/08 17:15:10] [INFO] [Nao_controller.py:1403]: RHipPitch is in End
[2024/11/08 17:15:10] [INFO] [Nao_controller.py:1442]: RHipRoll is in End
[2024/11/08 17:15:10] [INFO] [Nao_controller.py:1481]: RKneePitch is in End
[2024/11/08 17:15:10] [INFO] [Nao_controller.py:1505]: RAnklePitch is in Moving
[2024/11/08 17:15:10] [INFO] [Nao_controller.py:1559]: RAnkleRoll is in End
[2024/11/08 17:15:10] [INFO] [Nao_controller.py:1778]: ----------inertial unit----------
[2024/11/08 17:15:10] [INFO] [Nao_controller.py:1779]: x/y/z: [1.571183 -0.021635 -0.021644]
[2024/11/08 17:15:10] [INFO] [Nao_controller.py:1197]: LHipYawPitch is in End
[2024/11/08 17:15:10] [INFO] [Nao_controller.py:1002]: LHipPitch is in End
[2024/11/08 17:15:10] [INFO] [Nao_controller.py:1041]: LHipRoll is in End
[2024/11/08 17:15:10] [INFO] [Nao_controller.py:1080]: LKneePitch is in End
[2024/11/08 17:15:10] [INFO] [Nao_controller.py:1104]: LAnklePitch is in Moving
[2024/11/08 17:15:10] [INFO] [Nao_controller.py:1158]: LAnkleRoll is in End
[2024/11/08 17:15:10] [INFO] [Nao_controller.py:1598]: RHipYawPitch is in End
[2024/11/08 17:15:10] [INFO] [Nao_controller.py:1403]: RHipPitch is in End
[2024/11/08 17:15:10] [INFO] [Nao_controller.py:1442]: RHipRoll is in End
[2024/11/08 17:15:10] [INFO] [Nao_controller.py:1481]: RKneePitch is in End
[2024/11/08 17:15:10] [INFO] [Nao_controller.py:1505]: RAnklePitch is in Moving
[2024/11/08 17:15:10] [INFO] [Nao_controller.py:1559]: RAnkleRoll is in End
[2024/11/08 17:15:10] [INFO] [Nao_controller.py:1778]: ----------inertial unit----------
[2024/11/08 17:15:10] [INFO] [Nao_controller.py:1779]: x/y/z: [1.571178 -0.021761 -0.021769]
[2024/11/08 17:15:10] [INFO] [Nao_controller.py:1197]: LHipYawPitch is in End
[2024/11/08 17:15:10] [INFO] [Nao_controller.py:1002]: LHipPitch is in End
[2024/11/08 17:15:10] [INFO] [Nao_controller.py:1041]: LHipRoll is in End
[2024/11/08 17:15:10] [INFO] [Nao_controller.py:1080]: LKneePitch is in End
[2024/11/08 17:15:10] [INFO] [Nao_controller.py:1104]: LAnklePitch is in Moving
[2024/11/08 17:15:10] [INFO] [Nao_controller.py:1158]: LAnkleRoll is in End
[2024/11/08 17:15:10] [INFO] [Nao_controller.py:1598]: RHipYawPitch is in End
[2024/11/08 17:15:10] [INFO] [Nao_controller.py:1403]: RHipPitch is in End
[2024/11/08 17:15:10] [INFO] [Nao_controller.py:1442]: RHipRoll is in End
[2024/11/08 17:15:10] [INFO] [Nao_controller.py:1481]: RKneePitch is in End
[2024/11/08 17:15:10] [INFO] [Nao_controller.py:1505]: RAnklePitch is in Moving
[2024/11/08 17:15:10] [INFO] [Nao_controller.py:1559]: RAnkleRoll is in End
[2024/11/08 17:15:10] [INFO] [Nao_controller.py:1778]: ----------inertial unit----------
[2024/11/08 17:15:10] [INFO] [Nao_controller.py:1779]: x/y/z: [1.571174 -0.021861 -0.021869]
[2024/11/08 17:15:10] [INFO] [Nao_controller.py:1197]: LHipYawPitch is in End
[2024/11/08 17:15:10] [INFO] [Nao_controller.py:1002]: LHipPitch is in End
[2024/11/08 17:15:10] [INFO] [Nao_controller.py:1041]: LHipRoll is in End
[2024/11/08 17:15:10] [INFO] [Nao_controller.py:1080]: LKneePitch is in End
[2024/11/08 17:15:10] [INFO] [Nao_controller.py:1104]: LAnklePitch is in Moving
[2024/11/08 17:15:10] [INFO] [Nao_controller.py:1158]: LAnkleRoll is in End
[2024/11/08 17:15:10] [INFO] [Nao_controller.py:1598]: RHipYawPitch is in End
[2024/11/08 17:15:10] [INFO] [Nao_controller.py:1403]: RHipPitch is in End
[2024/11/08 17:15:10] [INFO] [Nao_controller.py:1442]: RHipRoll is in End
[2024/11/08 17:15:10] [INFO] [Nao_controller.py:1481]: RKneePitch is in End
[2024/11/08 17:15:10] [INFO] [Nao_controller.py:1505]: RAnklePitch is in Moving
[2024/11/08 17:15:10] [INFO] [Nao_controller.py:1559]: RAnkleRoll is in End
[2024/11/08 17:15:10] [INFO] [Nao_controller.py:1778]: ----------inertial unit----------
[2024/11/08 17:15:10] [INFO] [Nao_controller.py:1779]: x/y/z: [1.571171 -0.021939 -0.021947]
[2024/11/08 17:15:10] [INFO] [Nao_controller.py:1197]: LHipYawPitch is in End
[2024/11/08 17:15:10] [INFO] [Nao_controller.py:1002]: LHipPitch is in End
[2024/11/08 17:15:10] [INFO] [Nao_controller.py:1041]: LHipRoll is in End
[2024/11/08 17:15:10] [INFO] [Nao_controller.py:1080]: LKneePitch is in End
[2024/11/08 17:15:10] [INFO] [Nao_controller.py:1104]: LAnklePitch is in Moving
[2024/11/08 17:15:10] [INFO] [Nao_controller.py:1158]: LAnkleRoll is in End
[2024/11/08 17:15:10] [INFO] [Nao_controller.py:1598]: RHipYawPitch is in End
[2024/11/08 17:15:10] [INFO] [Nao_controller.py:1403]: RHipPitch is in End
[2024/11/08 17:15:10] [INFO] [Nao_controller.py:1442]: RHipRoll is in End
[2024/11/08 17:15:10] [INFO] [Nao_controller.py:1481]: RKneePitch is in End
[2024/11/08 17:15:10] [INFO] [Nao_controller.py:1505]: RAnklePitch is in Moving
[2024/11/08 17:15:10] [INFO] [Nao_controller.py:1559]: RAnkleRoll is in End
[2024/11/08 17:15:10] [INFO] [Nao_controller.py:1778]: ----------inertial unit----------
[2024/11/08 17:15:10] [INFO] [Nao_controller.py:1779]: x/y/z: [1.571169 -0.022000 -0.022008]
[2024/11/08 17:15:10] [INFO] [Nao_controller.py:1197]: LHipYawPitch is in End
[2024/11/08 17:15:10] [INFO] [Nao_controller.py:1002]: LHipPitch is in End
[2024/11/08 17:15:10] [INFO] [Nao_controller.py:1041]: LHipRoll is in End
[2024/11/08 17:15:10] [INFO] [Nao_controller.py:1080]: LKneePitch is in End
[2024/11/08 17:15:10] [INFO] [Nao_controller.py:1104]: LAnklePitch is in Moving
[2024/11/08 17:15:10] [INFO] [Nao_controller.py:1158]: LAnkleRoll is in End
[2024/11/08 17:15:10] [INFO] [Nao_controller.py:1598]: RHipYawPitch is in End
[2024/11/08 17:15:10] [INFO] [Nao_controller.py:1403]: RHipPitch is in End
[2024/11/08 17:15:10] [INFO] [Nao_controller.py:1442]: RHipRoll is in End
[2024/11/08 17:15:10] [INFO] [Nao_controller.py:1481]: RKneePitch is in End
[2024/11/08 17:15:10] [INFO] [Nao_controller.py:1505]: RAnklePitch is in Moving
[2024/11/08 17:15:10] [INFO] [Nao_controller.py:1559]: RAnkleRoll is in End
[2024/11/08 17:15:10] [INFO] [Nao_controller.py:1778]: ----------inertial unit----------
[2024/11/08 17:15:10] [INFO] [Nao_controller.py:1779]: x/y/z: [1.571167 -0.022046 -0.022054]
[2024/11/08 17:15:10] [INFO] [Nao_controller.py:1197]: LHipYawPitch is in End
[2024/11/08 17:15:10] [INFO] [Nao_controller.py:1002]: LHipPitch is in End
[2024/11/08 17:15:10] [INFO] [Nao_controller.py:1041]: LHipRoll is in End
[2024/11/08 17:15:10] [INFO] [Nao_controller.py:1080]: LKneePitch is in End
[2024/11/08 17:15:10] [INFO] [Nao_controller.py:1104]: LAnklePitch is in Moving
[2024/11/08 17:15:10] [INFO] [Nao_controller.py:1158]: LAnkleRoll is in End
[2024/11/08 17:15:10] [INFO] [Nao_controller.py:1598]: RHipYawPitch is in End
[2024/11/08 17:15:10] [INFO] [Nao_controller.py:1403]: RHipPitch is in End
[2024/11/08 17:15:10] [INFO] [Nao_controller.py:1442]: RHipRoll is in End
[2024/11/08 17:15:10] [INFO] [Nao_controller.py:1481]: RKneePitch is in End
[2024/11/08 17:15:10] [INFO] [Nao_controller.py:1505]: RAnklePitch is in Moving
[2024/11/08 17:15:10] [INFO] [Nao_controller.py:1559]: RAnkleRoll is in End
[2024/11/08 17:15:10] [INFO] [Nao_controller.py:1778]: ----------inertial unit----------
[2024/11/08 17:15:10] [INFO] [Nao_controller.py:1779]: x/y/z: [1.571166 -0.022082 -0.022090]
[2024/11/08 17:15:10] [INFO] [Nao_controller.py:1197]: LHipYawPitch is in End
[2024/11/08 17:15:10] [INFO] [Nao_controller.py:1002]: LHipPitch is in End
[2024/11/08 17:15:10] [INFO] [Nao_controller.py:1041]: LHipRoll is in End
[2024/11/08 17:15:10] [INFO] [Nao_controller.py:1080]: LKneePitch is in End
[2024/11/08 17:15:10] [INFO] [Nao_controller.py:1104]: LAnklePitch is in Moving
[2024/11/08 17:15:10] [INFO] [Nao_controller.py:1158]: LAnkleRoll is in End
[2024/11/08 17:15:10] [INFO] [Nao_controller.py:1598]: RHipYawPitch is in End
[2024/11/08 17:15:10] [INFO] [Nao_controller.py:1403]: RHipPitch is in End
[2024/11/08 17:15:10] [INFO] [Nao_controller.py:1442]: RHipRoll is in End
[2024/11/08 17:15:10] [INFO] [Nao_controller.py:1481]: RKneePitch is in End
[2024/11/08 17:15:10] [INFO] [Nao_controller.py:1505]: RAnklePitch is in Moving
[2024/11/08 17:15:10] [INFO] [Nao_controller.py:1559]: RAnkleRoll is in End
[2024/11/08 17:15:10] [INFO] [Nao_controller.py:1778]: ----------inertial unit----------
[2024/11/08 17:15:10] [INFO] [Nao_controller.py:1779]: x/y/z: [1.571165 -0.022110 -0.022118]
[2024/11/08 17:15:10] [INFO] [Nao_controller.py:1197]: LHipYawPitch is in End
[2024/11/08 17:15:10] [INFO] [Nao_controller.py:1002]: LHipPitch is in End
[2024/11/08 17:15:10] [INFO] [Nao_controller.py:1041]: LHipRoll is in End
[2024/11/08 17:15:10] [INFO] [Nao_controller.py:1080]: LKneePitch is in End
[2024/11/08 17:15:10] [INFO] [Nao_controller.py:1104]: LAnklePitch is in Moving
[2024/11/08 17:15:10] [INFO] [Nao_controller.py:1158]: LAnkleRoll is in End
[2024/11/08 17:15:10] [INFO] [Nao_controller.py:1598]: RHipYawPitch is in End
[2024/11/08 17:15:10] [INFO] [Nao_controller.py:1403]: RHipPitch is in End
[2024/11/08 17:15:10] [INFO] [Nao_controller.py:1442]: RHipRoll is in End
[2024/11/08 17:15:10] [INFO] [Nao_controller.py:1481]: RKneePitch is in End
[2024/11/08 17:15:10] [INFO] [Nao_controller.py:1514]: RAnklePitch is in Finish
[2024/11/08 17:15:10] [INFO] [Nao_controller.py:1559]: RAnkleRoll is in End
[2024/11/08 17:15:10] [INFO] [Nao_controller.py:1778]: ----------inertial unit----------
[2024/11/08 17:15:10] [INFO] [Nao_controller.py:1779]: x/y/z: [1.571164 -0.022131 -0.022139]
[2024/11/08 17:15:10] [INFO] [Nao_controller.py:1197]: LHipYawPitch is in End
[2024/11/08 17:15:10] [INFO] [Nao_controller.py:1002]: LHipPitch is in End
[2024/11/08 17:15:10] [INFO] [Nao_controller.py:1041]: LHipRoll is in End
[2024/11/08 17:15:10] [INFO] [Nao_controller.py:1080]: LKneePitch is in End
[2024/11/08 17:15:10] [INFO] [Nao_controller.py:1104]: LAnklePitch is in Moving
[2024/11/08 17:15:10] [INFO] [Nao_controller.py:1158]: LAnkleRoll is in End
[2024/11/08 17:15:10] [INFO] [Nao_controller.py:1598]: RHipYawPitch is in End
[2024/11/08 17:15:10] [INFO] [Nao_controller.py:1403]: RHipPitch is in End
[2024/11/08 17:15:10] [INFO] [Nao_controller.py:1442]: RHipRoll is in End
[2024/11/08 17:15:10] [INFO] [Nao_controller.py:1481]: RKneePitch is in End
[2024/11/08 17:15:10] [INFO] [Nao_controller.py:1520]: RAnklePitch is in End
[2024/11/08 17:15:10] [INFO] [Nao_controller.py:1559]: RAnkleRoll is in End
[2024/11/08 17:15:10] [INFO] [Nao_controller.py:1778]: ----------inertial unit----------
[2024/11/08 17:15:10] [INFO] [Nao_controller.py:1779]: x/y/z: [1.571163 -0.022148 -0.022156]
[2024/11/08 17:15:10] [INFO] [Nao_controller.py:1197]: LHipYawPitch is in End
[2024/11/08 17:15:10] [INFO] [Nao_controller.py:1002]: LHipPitch is in End
[2024/11/08 17:15:10] [INFO] [Nao_controller.py:1041]: LHipRoll is in End
[2024/11/08 17:15:10] [INFO] [Nao_controller.py:1080]: LKneePitch is in End
[2024/11/08 17:15:10] [INFO] [Nao_controller.py:1104]: LAnklePitch is in Moving
[2024/11/08 17:15:10] [INFO] [Nao_controller.py:1158]: LAnkleRoll is in End
[2024/11/08 17:15:10] [INFO] [Nao_controller.py:1598]: RHipYawPitch is in End
[2024/11/08 17:15:10] [INFO] [Nao_controller.py:1403]: RHipPitch is in End
[2024/11/08 17:15:10] [INFO] [Nao_controller.py:1442]: RHipRoll is in End
[2024/11/08 17:15:10] [INFO] [Nao_controller.py:1481]: RKneePitch is in End
[2024/11/08 17:15:10] [INFO] [Nao_controller.py:1520]: RAnklePitch is in End
[2024/11/08 17:15:10] [INFO] [Nao_controller.py:1559]: RAnkleRoll is in End
[2024/11/08 17:15:10] [INFO] [Nao_controller.py:1778]: ----------inertial unit----------
[2024/11/08 17:15:10] [INFO] [Nao_controller.py:1779]: x/y/z: [1.571163 -0.022161 -0.022169]
[2024/11/08 17:15:10] [INFO] [Nao_controller.py:1197]: LHipYawPitch is in End
[2024/11/08 17:15:10] [INFO] [Nao_controller.py:1002]: LHipPitch is in End
[2024/11/08 17:15:10] [INFO] [Nao_controller.py:1041]: LHipRoll is in End
[2024/11/08 17:15:10] [INFO] [Nao_controller.py:1080]: LKneePitch is in End
[2024/11/08 17:15:10] [INFO] [Nao_controller.py:1104]: LAnklePitch is in Moving
[2024/11/08 17:15:10] [INFO] [Nao_controller.py:1158]: LAnkleRoll is in End
[2024/11/08 17:15:10] [INFO] [Nao_controller.py:1598]: RHipYawPitch is in End
[2024/11/08 17:15:10] [INFO] [Nao_controller.py:1403]: RHipPitch is in End
[2024/11/08 17:15:10] [INFO] [Nao_controller.py:1442]: RHipRoll is in End
[2024/11/08 17:15:10] [INFO] [Nao_controller.py:1481]: RKneePitch is in End
[2024/11/08 17:15:10] [INFO] [Nao_controller.py:1520]: RAnklePitch is in End
[2024/11/08 17:15:10] [INFO] [Nao_controller.py:1559]: RAnkleRoll is in End
[2024/11/08 17:15:10] [INFO] [Nao_controller.py:1778]: ----------inertial unit----------
[2024/11/08 17:15:10] [INFO] [Nao_controller.py:1779]: x/y/z: [1.571162 -0.022171 -0.022179]
[2024/11/08 17:15:10] [INFO] [Nao_controller.py:1197]: LHipYawPitch is in End
[2024/11/08 17:15:10] [INFO] [Nao_controller.py:1002]: LHipPitch is in End
[2024/11/08 17:15:10] [INFO] [Nao_controller.py:1041]: LHipRoll is in End
[2024/11/08 17:15:10] [INFO] [Nao_controller.py:1080]: LKneePitch is in End
[2024/11/08 17:15:10] [INFO] [Nao_controller.py:1104]: LAnklePitch is in Moving
[2024/11/08 17:15:10] [INFO] [Nao_controller.py:1158]: LAnkleRoll is in End
[2024/11/08 17:15:10] [INFO] [Nao_controller.py:1598]: RHipYawPitch is in End
[2024/11/08 17:15:10] [INFO] [Nao_controller.py:1403]: RHipPitch is in End
[2024/11/08 17:15:10] [INFO] [Nao_controller.py:1442]: RHipRoll is in End
[2024/11/08 17:15:10] [INFO] [Nao_controller.py:1481]: RKneePitch is in End
[2024/11/08 17:15:10] [INFO] [Nao_controller.py:1520]: RAnklePitch is in End
[2024/11/08 17:15:10] [INFO] [Nao_controller.py:1559]: RAnkleRoll is in End
[2024/11/08 17:15:10] [INFO] [Nao_controller.py:1778]: ----------inertial unit----------
[2024/11/08 17:15:10] [INFO] [Nao_controller.py:1779]: x/y/z: [1.571162 -0.022179 -0.022187]
[2024/11/08 17:15:10] [INFO] [Nao_controller.py:1197]: LHipYawPitch is in End
[2024/11/08 17:15:10] [INFO] [Nao_controller.py:1002]: LHipPitch is in End
[2024/11/08 17:15:10] [INFO] [Nao_controller.py:1041]: LHipRoll is in End
[2024/11/08 17:15:10] [INFO] [Nao_controller.py:1080]: LKneePitch is in End
[2024/11/08 17:15:10] [INFO] [Nao_controller.py:1104]: LAnklePitch is in Moving
[2024/11/08 17:15:10] [INFO] [Nao_controller.py:1158]: LAnkleRoll is in End
[2024/11/08 17:15:10] [INFO] [Nao_controller.py:1598]: RHipYawPitch is in End
[2024/11/08 17:15:10] [INFO] [Nao_controller.py:1403]: RHipPitch is in End
[2024/11/08 17:15:10] [INFO] [Nao_controller.py:1442]: RHipRoll is in End
[2024/11/08 17:15:10] [INFO] [Nao_controller.py:1481]: RKneePitch is in End
[2024/11/08 17:15:10] [INFO] [Nao_controller.py:1520]: RAnklePitch is in End
[2024/11/08 17:15:10] [INFO] [Nao_controller.py:1559]: RAnkleRoll is in End
[2024/11/08 17:15:10] [INFO] [Nao_controller.py:1778]: ----------inertial unit----------
[2024/11/08 17:15:10] [INFO] [Nao_controller.py:1779]: x/y/z: [1.571162 -0.022185 -0.022193]
[2024/11/08 17:15:10] [INFO] [Nao_controller.py:1197]: LHipYawPitch is in End
[2024/11/08 17:15:10] [INFO] [Nao_controller.py:1002]: LHipPitch is in End
[2024/11/08 17:15:10] [INFO] [Nao_controller.py:1041]: LHipRoll is in End
[2024/11/08 17:15:10] [INFO] [Nao_controller.py:1080]: LKneePitch is in End
[2024/11/08 17:15:10] [INFO] [Nao_controller.py:1113]: LAnklePitch is in Finish
[2024/11/08 17:15:10] [INFO] [Nao_controller.py:1158]: LAnkleRoll is in End
[2024/11/08 17:15:10] [INFO] [Nao_controller.py:1598]: RHipYawPitch is in End
[2024/11/08 17:15:10] [INFO] [Nao_controller.py:1403]: RHipPitch is in End
[2024/11/08 17:15:10] [INFO] [Nao_controller.py:1442]: RHipRoll is in End
[2024/11/08 17:15:10] [INFO] [Nao_controller.py:1481]: RKneePitch is in End
[2024/11/08 17:15:10] [INFO] [Nao_controller.py:1520]: RAnklePitch is in End
[2024/11/08 17:15:10] [INFO] [Nao_controller.py:1559]: RAnkleRoll is in End
[2024/11/08 17:15:10] [INFO] [Nao_controller.py:1778]: ----------inertial unit----------
[2024/11/08 17:15:10] [INFO] [Nao_controller.py:1779]: x/y/z: [1.571161 -0.022189 -0.022198]
[2024/11/08 17:15:10] [INFO] [Nao_controller.py:1197]: LHipYawPitch is in End
[2024/11/08 17:15:10] [INFO] [Nao_controller.py:1002]: LHipPitch is in End
[2024/11/08 17:15:10] [INFO] [Nao_controller.py:1041]: LHipRoll is in End
[2024/11/08 17:15:10] [INFO] [Nao_controller.py:1080]: LKneePitch is in End
[2024/11/08 17:15:10] [INFO] [Nao_controller.py:1119]: LAnklePitch is in End
[2024/11/08 17:15:10] [INFO] [Nao_controller.py:1158]: LAnkleRoll is in End
[2024/11/08 17:15:10] [INFO] [Nao_controller.py:1598]: RHipYawPitch is in End
[2024/11/08 17:15:10] [INFO] [Nao_controller.py:1403]: RHipPitch is in End
[2024/11/08 17:15:10] [INFO] [Nao_controller.py:1442]: RHipRoll is in End
[2024/11/08 17:15:10] [INFO] [Nao_controller.py:1481]: RKneePitch is in End
[2024/11/08 17:15:10] [INFO] [Nao_controller.py:1520]: RAnklePitch is in End
[2024/11/08 17:15:10] [INFO] [Nao_controller.py:1559]: RAnkleRoll is in End
[2024/11/08 17:15:10] [INFO] [Nao_controller.py:1778]: ----------inertial unit----------
[2024/11/08 17:15:10] [INFO] [Nao_controller.py:1779]: x/y/z: [1.571161 -0.022193 -0.022201]
[2024/11/08 17:15:11] [INFO] [Nao_controller.py:1197]: LHipYawPitch is in End
[2024/11/08 17:15:11] [INFO] [Nao_controller.py:1002]: LHipPitch is in End
[2024/11/08 17:15:11] [INFO] [Nao_controller.py:1041]: LHipRoll is in End
[2024/11/08 17:15:11] [INFO] [Nao_controller.py:1080]: LKneePitch is in End
[2024/11/08 17:15:11] [INFO] [Nao_controller.py:1119]: LAnklePitch is in End
[2024/11/08 17:15:11] [INFO] [Nao_controller.py:1158]: LAnkleRoll is in End
[2024/11/08 17:15:11] [INFO] [Nao_controller.py:1598]: RHipYawPitch is in End
[2024/11/08 17:15:11] [INFO] [Nao_controller.py:1403]: RHipPitch is in End
[2024/11/08 17:15:11] [INFO] [Nao_controller.py:1442]: RHipRoll is in End
[2024/11/08 17:15:11] [INFO] [Nao_controller.py:1481]: RKneePitch is in End
[2024/11/08 17:15:11] [INFO] [Nao_controller.py:1520]: RAnklePitch is in End
[2024/11/08 17:15:11] [INFO] [Nao_controller.py:1559]: RAnkleRoll is in End
[2024/11/08 17:15:11] [INFO] [Nao_controller.py:1778]: ----------inertial unit----------
[2024/11/08 17:15:11] [INFO] [Nao_controller.py:1779]: x/y/z: [1.571161 -0.022196 -0.022204]
[2024/11/08 17:15:11] [INFO] [Nao_controller.py:1197]: LHipYawPitch is in End
[2024/11/08 17:15:11] [INFO] [Nao_controller.py:1002]: LHipPitch is in End
[2024/11/08 17:15:11] [INFO] [Nao_controller.py:1041]: LHipRoll is in End
[2024/11/08 17:15:11] [INFO] [Nao_controller.py:1080]: LKneePitch is in End
[2024/11/08 17:15:11] [INFO] [Nao_controller.py:1119]: LAnklePitch is in End
[2024/11/08 17:15:11] [INFO] [Nao_controller.py:1158]: LAnkleRoll is in End
[2024/11/08 17:15:11] [INFO] [Nao_controller.py:1598]: RHipYawPitch is in End
[2024/11/08 17:15:11] [INFO] [Nao_controller.py:1403]: RHipPitch is in End
[2024/11/08 17:15:11] [INFO] [Nao_controller.py:1442]: RHipRoll is in End
[2024/11/08 17:15:11] [INFO] [Nao_controller.py:1481]: RKneePitch is in End
[2024/11/08 17:15:11] [INFO] [Nao_controller.py:1520]: RAnklePitch is in End
[2024/11/08 17:15:11] [INFO] [Nao_controller.py:1559]: RAnkleRoll is in End
[2024/11/08 17:15:11] [INFO] [Nao_controller.py:1778]: ----------inertial unit----------
[2024/11/08 17:15:11] [INFO] [Nao_controller.py:1779]: x/y/z: [1.571161 -0.022198 -0.022206]
[2024/11/08 17:15:11] [INFO] [Nao_controller.py:1197]: LHipYawPitch is in End
[2024/11/08 17:15:11] [INFO] [Nao_controller.py:1002]: LHipPitch is in End
[2024/11/08 17:15:11] [INFO] [Nao_controller.py:1041]: LHipRoll is in End
[2024/11/08 17:15:11] [INFO] [Nao_controller.py:1080]: LKneePitch is in End
[2024/11/08 17:15:11] [INFO] [Nao_controller.py:1119]: LAnklePitch is in End
[2024/11/08 17:15:11] [INFO] [Nao_controller.py:1158]: LAnkleRoll is in End
[2024/11/08 17:15:11] [INFO] [Nao_controller.py:1598]: RHipYawPitch is in End
[2024/11/08 17:15:11] [INFO] [Nao_controller.py:1403]: RHipPitch is in End
[2024/11/08 17:15:11] [INFO] [Nao_controller.py:1442]: RHipRoll is in End
[2024/11/08 17:15:11] [INFO] [Nao_controller.py:1481]: RKneePitch is in End
[2024/11/08 17:15:11] [INFO] [Nao_controller.py:1520]: RAnklePitch is in End
[2024/11/08 17:15:11] [INFO] [Nao_controller.py:1559]: RAnkleRoll is in End
[2024/11/08 17:15:11] [INFO] [Nao_controller.py:1778]: ----------inertial unit----------
[2024/11/08 17:15:11] [INFO] [Nao_controller.py:1779]: x/y/z: [1.571161 -0.022200 -0.022208]
[2024/11/08 17:15:11] [INFO] [Nao_controller.py:1197]: LHipYawPitch is in End
[2024/11/08 17:15:11] [INFO] [Nao_controller.py:1002]: LHipPitch is in End
[2024/11/08 17:15:11] [INFO] [Nao_controller.py:1041]: LHipRoll is in End
[2024/11/08 17:15:11] [INFO] [Nao_controller.py:1080]: LKneePitch is in End
[2024/11/08 17:15:11] [INFO] [Nao_controller.py:1119]: LAnklePitch is in End
[2024/11/08 17:15:11] [INFO] [Nao_controller.py:1158]: LAnkleRoll is in End
[2024/11/08 17:15:11] [INFO] [Nao_controller.py:1598]: RHipYawPitch is in End
[2024/11/08 17:15:11] [INFO] [Nao_controller.py:1403]: RHipPitch is in End
[2024/11/08 17:15:11] [INFO] [Nao_controller.py:1442]: RHipRoll is in End
[2024/11/08 17:15:11] [INFO] [Nao_controller.py:1481]: RKneePitch is in End
[2024/11/08 17:15:11] [INFO] [Nao_controller.py:1520]: RAnklePitch is in End
[2024/11/08 17:15:11] [INFO] [Nao_controller.py:1559]: RAnkleRoll is in End
[2024/11/08 17:15:11] [INFO] [Nao_controller.py:1778]: ----------inertial unit----------
[2024/11/08 17:15:11] [INFO] [Nao_controller.py:1779]: x/y/z: [1.571161 -0.022201 -0.022210]
[2024/11/08 17:15:11] [INFO] [Nao_controller.py:1197]: LHipYawPitch is in End
[2024/11/08 17:15:11] [INFO] [Nao_controller.py:1002]: LHipPitch is in End
[2024/11/08 17:15:11] [INFO] [Nao_controller.py:1041]: LHipRoll is in End
[2024/11/08 17:15:11] [INFO] [Nao_controller.py:1080]: LKneePitch is in End
[2024/11/08 17:15:11] [INFO] [Nao_controller.py:1119]: LAnklePitch is in End
[2024/11/08 17:15:11] [INFO] [Nao_controller.py:1158]: LAnkleRoll is in End
[2024/11/08 17:15:11] [INFO] [Nao_controller.py:1598]: RHipYawPitch is in End
[2024/11/08 17:15:11] [INFO] [Nao_controller.py:1403]: RHipPitch is in End
[2024/11/08 17:15:11] [INFO] [Nao_controller.py:1442]: RHipRoll is in End
[2024/11/08 17:15:11] [INFO] [Nao_controller.py:1481]: RKneePitch is in End
[2024/11/08 17:15:11] [INFO] [Nao_controller.py:1520]: RAnklePitch is in End
[2024/11/08 17:15:11] [INFO] [Nao_controller.py:1559]: RAnkleRoll is in End
[2024/11/08 17:15:11] [INFO] [Nao_controller.py:1778]: ----------inertial unit----------
[2024/11/08 17:15:11] [INFO] [Nao_controller.py:1779]: x/y/z: [1.571161 -0.022203 -0.022211]
[2024/11/08 17:15:11] [INFO] [Nao_controller.py:1197]: LHipYawPitch is in End
[2024/11/08 17:15:11] [INFO] [Nao_controller.py:1002]: LHipPitch is in End
[2024/11/08 17:15:11] [INFO] [Nao_controller.py:1041]: LHipRoll is in End
[2024/11/08 17:15:11] [INFO] [Nao_controller.py:1080]: LKneePitch is in End
[2024/11/08 17:15:11] [INFO] [Nao_controller.py:1119]: LAnklePitch is in End
[2024/11/08 17:15:11] [INFO] [Nao_controller.py:1158]: LAnkleRoll is in End
[2024/11/08 17:15:11] [INFO] [Nao_controller.py:1598]: RHipYawPitch is in End
[2024/11/08 17:15:11] [INFO] [Nao_controller.py:1403]: RHipPitch is in End
[2024/11/08 17:15:11] [INFO] [Nao_controller.py:1442]: RHipRoll is in End
[2024/11/08 17:15:11] [INFO] [Nao_controller.py:1481]: RKneePitch is in End
[2024/11/08 17:15:11] [INFO] [Nao_controller.py:1520]: RAnklePitch is in End
[2024/11/08 17:15:11] [INFO] [Nao_controller.py:1559]: RAnkleRoll is in End
[2024/11/08 17:15:11] [INFO] [Nao_controller.py:1778]: ----------inertial unit----------
[2024/11/08 17:15:11] [INFO] [Nao_controller.py:1779]: x/y/z: [1.571161 -0.022203 -0.022212]
[2024/11/08 17:15:11] [INFO] [Nao_controller.py:1197]: LHipYawPitch is in End
[2024/11/08 17:15:11] [INFO] [Nao_controller.py:1002]: LHipPitch is in End
[2024/11/08 17:15:11] [INFO] [Nao_controller.py:1041]: LHipRoll is in End
[2024/11/08 17:15:11] [INFO] [Nao_controller.py:1080]: LKneePitch is in End
[2024/11/08 17:15:11] [INFO] [Nao_controller.py:1119]: LAnklePitch is in End
[2024/11/08 17:15:11] [INFO] [Nao_controller.py:1158]: LAnkleRoll is in End
[2024/11/08 17:15:11] [INFO] [Nao_controller.py:1598]: RHipYawPitch is in End
[2024/11/08 17:15:11] [INFO] [Nao_controller.py:1403]: RHipPitch is in End
[2024/11/08 17:15:11] [INFO] [Nao_controller.py:1442]: RHipRoll is in End
[2024/11/08 17:15:11] [INFO] [Nao_controller.py:1481]: RKneePitch is in End
[2024/11/08 17:15:11] [INFO] [Nao_controller.py:1520]: RAnklePitch is in End
[2024/11/08 17:15:11] [INFO] [Nao_controller.py:1559]: RAnkleRoll is in End
[2024/11/08 17:15:11] [INFO] [Nao_controller.py:1778]: ----------inertial unit----------
[2024/11/08 17:15:11] [INFO] [Nao_controller.py:1779]: x/y/z: [1.571161 -0.022204 -0.022212]
[2024/11/08 17:15:11] [INFO] [Nao_controller.py:1197]: LHipYawPitch is in End
[2024/11/08 17:15:11] [INFO] [Nao_controller.py:1002]: LHipPitch is in End
[2024/11/08 17:15:11] [INFO] [Nao_controller.py:1041]: LHipRoll is in End
[2024/11/08 17:15:11] [INFO] [Nao_controller.py:1080]: LKneePitch is in End
[2024/11/08 17:15:11] [INFO] [Nao_controller.py:1119]: LAnklePitch is in End
[2024/11/08 17:15:11] [INFO] [Nao_controller.py:1158]: LAnkleRoll is in End
[2024/11/08 17:15:11] [INFO] [Nao_controller.py:1598]: RHipYawPitch is in End
[2024/11/08 17:15:11] [INFO] [Nao_controller.py:1403]: RHipPitch is in End
[2024/11/08 17:15:11] [INFO] [Nao_controller.py:1442]: RHipRoll is in End
[2024/11/08 17:15:11] [INFO] [Nao_controller.py:1481]: RKneePitch is in End
[2024/11/08 17:15:11] [INFO] [Nao_controller.py:1520]: RAnklePitch is in End
[2024/11/08 17:15:11] [INFO] [Nao_controller.py:1559]: RAnkleRoll is in End
[2024/11/08 17:15:11] [INFO] [Nao_controller.py:1778]: ----------inertial unit----------
[2024/11/08 17:15:11] [INFO] [Nao_controller.py:1779]: x/y/z: [1.571161 -0.022205 -0.022213]
[2024/11/08 17:15:11] [INFO] [Nao_controller.py:1197]: LHipYawPitch is in End
[2024/11/08 17:15:11] [INFO] [Nao_controller.py:1002]: LHipPitch is in End
[2024/11/08 17:15:11] [INFO] [Nao_controller.py:1041]: LHipRoll is in End
[2024/11/08 17:15:11] [INFO] [Nao_controller.py:1080]: LKneePitch is in End
[2024/11/08 17:15:11] [INFO] [Nao_controller.py:1119]: LAnklePitch is in End
[2024/11/08 17:15:11] [INFO] [Nao_controller.py:1158]: LAnkleRoll is in End
[2024/11/08 17:15:11] [INFO] [Nao_controller.py:1598]: RHipYawPitch is in End
[2024/11/08 17:15:11] [INFO] [Nao_controller.py:1403]: RHipPitch is in End
[2024/11/08 17:15:11] [INFO] [Nao_controller.py:1442]: RHipRoll is in End
[2024/11/08 17:15:11] [INFO] [Nao_controller.py:1481]: RKneePitch is in End
[2024/11/08 17:15:11] [INFO] [Nao_controller.py:1520]: RAnklePitch is in End
[2024/11/08 17:15:11] [INFO] [Nao_controller.py:1559]: RAnkleRoll is in End
[2024/11/08 17:15:11] [INFO] [Nao_controller.py:1778]: ----------inertial unit----------
[2024/11/08 17:15:11] [INFO] [Nao_controller.py:1779]: x/y/z: [1.571161 -0.022205 -0.022213]
[2024/11/08 17:15:11] [INFO] [Nao_controller.py:1197]: LHipYawPitch is in End
[2024/11/08 17:15:11] [INFO] [Nao_controller.py:1002]: LHipPitch is in End
[2024/11/08 17:15:11] [INFO] [Nao_controller.py:1041]: LHipRoll is in End
[2024/11/08 17:15:11] [INFO] [Nao_controller.py:1080]: LKneePitch is in End
[2024/11/08 17:15:11] [INFO] [Nao_controller.py:1119]: LAnklePitch is in End
[2024/11/08 17:15:11] [INFO] [Nao_controller.py:1158]: LAnkleRoll is in End
[2024/11/08 17:15:11] [INFO] [Nao_controller.py:1598]: RHipYawPitch is in End
[2024/11/08 17:15:11] [INFO] [Nao_controller.py:1403]: RHipPitch is in End
[2024/11/08 17:15:11] [INFO] [Nao_controller.py:1442]: RHipRoll is in End
[2024/11/08 17:15:11] [INFO] [Nao_controller.py:1481]: RKneePitch is in End
[2024/11/08 17:15:11] [INFO] [Nao_controller.py:1520]: RAnklePitch is in End
[2024/11/08 17:15:11] [INFO] [Nao_controller.py:1559]: RAnkleRoll is in End
[2024/11/08 17:15:11] [INFO] [Nao_controller.py:1778]: ----------inertial unit----------
[2024/11/08 17:15:11] [INFO] [Nao_controller.py:1779]: x/y/z: [1.571161 -0.022205 -0.022214]
[2024/11/08 17:15:11] [INFO] [Nao_controller.py:1197]: LHipYawPitch is in End
[2024/11/08 17:15:11] [INFO] [Nao_controller.py:1002]: LHipPitch is in End
[2024/11/08 17:15:11] [INFO] [Nao_controller.py:1041]: LHipRoll is in End
[2024/11/08 17:15:11] [INFO] [Nao_controller.py:1080]: LKneePitch is in End
[2024/11/08 17:15:11] [INFO] [Nao_controller.py:1119]: LAnklePitch is in End
[2024/11/08 17:15:11] [INFO] [Nao_controller.py:1158]: LAnkleRoll is in End
[2024/11/08 17:15:11] [INFO] [Nao_controller.py:1598]: RHipYawPitch is in End
[2024/11/08 17:15:11] [INFO] [Nao_controller.py:1403]: RHipPitch is in End
[2024/11/08 17:15:11] [INFO] [Nao_controller.py:1442]: RHipRoll is in End
[2024/11/08 17:15:11] [INFO] [Nao_controller.py:1481]: RKneePitch is in End
[2024/11/08 17:15:11] [INFO] [Nao_controller.py:1520]: RAnklePitch is in End
[2024/11/08 17:15:11] [INFO] [Nao_controller.py:1559]: RAnkleRoll is in End
[2024/11/08 17:15:11] [INFO] [Nao_controller.py:1778]: ----------inertial unit----------
[2024/11/08 17:15:11] [INFO] [Nao_controller.py:1779]: x/y/z: [1.571161 -0.022206 -0.022214]
[2024/11/08 17:15:11] [INFO] [Nao_controller.py:1197]: LHipYawPitch is in End
[2024/11/08 17:15:11] [INFO] [Nao_controller.py:1002]: LHipPitch is in End
[2024/11/08 17:15:11] [INFO] [Nao_controller.py:1041]: LHipRoll is in End
[2024/11/08 17:15:11] [INFO] [Nao_controller.py:1080]: LKneePitch is in End
[2024/11/08 17:15:11] [INFO] [Nao_controller.py:1119]: LAnklePitch is in End
[2024/11/08 17:15:11] [INFO] [Nao_controller.py:1158]: LAnkleRoll is in End
[2024/11/08 17:15:11] [INFO] [Nao_controller.py:1598]: RHipYawPitch is in End
[2024/11/08 17:15:11] [INFO] [Nao_controller.py:1403]: RHipPitch is in End
[2024/11/08 17:15:11] [INFO] [Nao_controller.py:1442]: RHipRoll is in End
[2024/11/08 17:15:11] [INFO] [Nao_controller.py:1481]: RKneePitch is in End
[2024/11/08 17:15:11] [INFO] [Nao_controller.py:1520]: RAnklePitch is in End
[2024/11/08 17:15:11] [INFO] [Nao_controller.py:1559]: RAnkleRoll is in End
[2024/11/08 17:15:11] [INFO] [Nao_controller.py:1778]: ----------inertial unit----------
[2024/11/08 17:15:11] [INFO] [Nao_controller.py:1779]: x/y/z: [1.571161 -0.022206 -0.022214]
[2024/11/08 17:15:11] [INFO] [Nao_controller.py:1197]: LHipYawPitch is in End
[2024/11/08 17:15:11] [INFO] [Nao_controller.py:1002]: LHipPitch is in End
[2024/11/08 17:15:11] [INFO] [Nao_controller.py:1041]: LHipRoll is in End
[2024/11/08 17:15:11] [INFO] [Nao_controller.py:1080]: LKneePitch is in End
[2024/11/08 17:15:11] [INFO] [Nao_controller.py:1119]: LAnklePitch is in End
[2024/11/08 17:15:11] [INFO] [Nao_controller.py:1158]: LAnkleRoll is in End
[2024/11/08 17:15:11] [INFO] [Nao_controller.py:1598]: RHipYawPitch is in End
[2024/11/08 17:15:11] [INFO] [Nao_controller.py:1403]: RHipPitch is in End
[2024/11/08 17:15:11] [INFO] [Nao_controller.py:1442]: RHipRoll is in End
[2024/11/08 17:15:11] [INFO] [Nao_controller.py:1481]: RKneePitch is in End
[2024/11/08 17:15:11] [INFO] [Nao_controller.py:1520]: RAnklePitch is in End
[2024/11/08 17:15:11] [INFO] [Nao_controller.py:1559]: RAnkleRoll is in End
[2024/11/08 17:15:11] [INFO] [Nao_controller.py:1778]: ----------inertial unit----------
[2024/11/08 17:15:11] [INFO] [Nao_controller.py:1779]: x/y/z: [1.571161 -0.022206 -0.022214]
[2024/11/08 17:15:11] [INFO] [Nao_controller.py:1197]: LHipYawPitch is in End
[2024/11/08 17:15:11] [INFO] [Nao_controller.py:1002]: LHipPitch is in End
[2024/11/08 17:15:11] [INFO] [Nao_controller.py:1041]: LHipRoll is in End
[2024/11/08 17:15:11] [INFO] [Nao_controller.py:1080]: LKneePitch is in End
[2024/11/08 17:15:11] [INFO] [Nao_controller.py:1119]: LAnklePitch is in End
[2024/11/08 17:15:11] [INFO] [Nao_controller.py:1158]: LAnkleRoll is in End
[2024/11/08 17:15:11] [INFO] [Nao_controller.py:1598]: RHipYawPitch is in End
[2024/11/08 17:15:11] [INFO] [Nao_controller.py:1403]: RHipPitch is in End
[2024/11/08 17:15:11] [INFO] [Nao_controller.py:1442]: RHipRoll is in End
[2024/11/08 17:15:11] [INFO] [Nao_controller.py:1481]: RKneePitch is in End
[2024/11/08 17:15:11] [INFO] [Nao_controller.py:1520]: RAnklePitch is in End
[2024/11/08 17:15:11] [INFO] [Nao_controller.py:1559]: RAnkleRoll is in End
[2024/11/08 17:15:11] [INFO] [Nao_controller.py:1778]: ----------inertial unit----------
[2024/11/08 17:15:11] [INFO] [Nao_controller.py:1779]: x/y/z: [1.571161 -0.022206 -0.022214]
[2024/11/08 17:15:11] [INFO] [Nao_controller.py:1197]: LHipYawPitch is in End
[2024/11/08 17:15:11] [INFO] [Nao_controller.py:1002]: LHipPitch is in End
[2024/11/08 17:15:11] [INFO] [Nao_controller.py:1041]: LHipRoll is in End
[2024/11/08 17:15:11] [INFO] [Nao_controller.py:1080]: LKneePitch is in End
[2024/11/08 17:15:11] [INFO] [Nao_controller.py:1119]: LAnklePitch is in End
[2024/11/08 17:15:11] [INFO] [Nao_controller.py:1158]: LAnkleRoll is in End
[2024/11/08 17:15:11] [INFO] [Nao_controller.py:1598]: RHipYawPitch is in End
[2024/11/08 17:15:11] [INFO] [Nao_controller.py:1403]: RHipPitch is in End
[2024/11/08 17:15:11] [INFO] [Nao_controller.py:1442]: RHipRoll is in End
[2024/11/08 17:15:11] [INFO] [Nao_controller.py:1481]: RKneePitch is in End
[2024/11/08 17:15:11] [INFO] [Nao_controller.py:1520]: RAnklePitch is in End
[2024/11/08 17:15:11] [INFO] [Nao_controller.py:1559]: RAnkleRoll is in End
[2024/11/08 17:15:11] [INFO] [Nao_controller.py:1778]: ----------inertial unit----------
[2024/11/08 17:15:11] [INFO] [Nao_controller.py:1779]: x/y/z: [1.571161 -0.022206 -0.022214]
[2024/11/08 17:15:11] [INFO] [Nao_controller.py:1197]: LHipYawPitch is in End
[2024/11/08 17:15:11] [INFO] [Nao_controller.py:1002]: LHipPitch is in End
[2024/11/08 17:15:11] [INFO] [Nao_controller.py:1041]: LHipRoll is in End
[2024/11/08 17:15:11] [INFO] [Nao_controller.py:1080]: LKneePitch is in End
[2024/11/08 17:15:11] [INFO] [Nao_controller.py:1119]: LAnklePitch is in End
[2024/11/08 17:15:11] [INFO] [Nao_controller.py:1158]: LAnkleRoll is in End
[2024/11/08 17:15:11] [INFO] [Nao_controller.py:1598]: RHipYawPitch is in End
[2024/11/08 17:15:11] [INFO] [Nao_controller.py:1403]: RHipPitch is in End
[2024/11/08 17:15:11] [INFO] [Nao_controller.py:1442]: RHipRoll is in End
[2024/11/08 17:15:11] [INFO] [Nao_controller.py:1481]: RKneePitch is in End
[2024/11/08 17:15:11] [INFO] [Nao_controller.py:1520]: RAnklePitch is in End
[2024/11/08 17:15:11] [INFO] [Nao_controller.py:1559]: RAnkleRoll is in End
[2024/11/08 17:15:11] [INFO] [Nao_controller.py:1778]: ----------inertial unit----------
[2024/11/08 17:15:11] [INFO] [Nao_controller.py:1779]: x/y/z: [1.571161 -0.022206 -0.022214]
[2024/11/08 17:15:11] [INFO] [Nao_controller.py:1197]: LHipYawPitch is in End
[2024/11/08 17:15:11] [INFO] [Nao_controller.py:1002]: LHipPitch is in End
[2024/11/08 17:15:11] [INFO] [Nao_controller.py:1041]: LHipRoll is in End
[2024/11/08 17:15:11] [INFO] [Nao_controller.py:1080]: LKneePitch is in End
[2024/11/08 17:15:11] [INFO] [Nao_controller.py:1119]: LAnklePitch is in End
[2024/11/08 17:15:11] [INFO] [Nao_controller.py:1158]: LAnkleRoll is in End
[2024/11/08 17:15:11] [INFO] [Nao_controller.py:1598]: RHipYawPitch is in End
[2024/11/08 17:15:11] [INFO] [Nao_controller.py:1403]: RHipPitch is in End
[2024/11/08 17:15:11] [INFO] [Nao_controller.py:1442]: RHipRoll is in End
[2024/11/08 17:15:11] [INFO] [Nao_controller.py:1481]: RKneePitch is in End
[2024/11/08 17:15:11] [INFO] [Nao_controller.py:1520]: RAnklePitch is in End
[2024/11/08 17:15:11] [INFO] [Nao_controller.py:1559]: RAnkleRoll is in End
[2024/11/08 17:15:11] [INFO] [Nao_controller.py:1778]: ----------inertial unit----------
[2024/11/08 17:15:11] [INFO] [Nao_controller.py:1779]: x/y/z: [1.571161 -0.022206 -0.022214]
[2024/11/08 17:15:11] [INFO] [Nao_controller.py:1197]: LHipYawPitch is in End
[2024/11/08 17:15:11] [INFO] [Nao_controller.py:1002]: LHipPitch is in End
[2024/11/08 17:15:11] [INFO] [Nao_controller.py:1041]: LHipRoll is in End
[2024/11/08 17:15:11] [INFO] [Nao_controller.py:1080]: LKneePitch is in End
[2024/11/08 17:15:11] [INFO] [Nao_controller.py:1119]: LAnklePitch is in End
[2024/11/08 17:15:11] [INFO] [Nao_controller.py:1158]: LAnkleRoll is in End
[2024/11/08 17:15:11] [INFO] [Nao_controller.py:1598]: RHipYawPitch is in End
[2024/11/08 17:15:11] [INFO] [Nao_controller.py:1403]: RHipPitch is in End
[2024/11/08 17:15:11] [INFO] [Nao_controller.py:1442]: RHipRoll is in End
[2024/11/08 17:15:11] [INFO] [Nao_controller.py:1481]: RKneePitch is in End
[2024/11/08 17:15:11] [INFO] [Nao_controller.py:1520]: RAnklePitch is in End
[2024/11/08 17:15:11] [INFO] [Nao_controller.py:1559]: RAnkleRoll is in End
[2024/11/08 17:15:11] [INFO] [Nao_controller.py:1778]: ----------inertial unit----------
[2024/11/08 17:15:11] [INFO] [Nao_controller.py:1779]: x/y/z: [1.571161 -0.022206 -0.022214]
[2024/11/08 17:15:11] [INFO] [Nao_controller.py:1197]: LHipYawPitch is in End
[2024/11/08 17:15:11] [INFO] [Nao_controller.py:1002]: LHipPitch is in End
[2024/11/08 17:15:11] [INFO] [Nao_controller.py:1041]: LHipRoll is in End
[2024/11/08 17:15:11] [INFO] [Nao_controller.py:1080]: LKneePitch is in End
[2024/11/08 17:15:11] [INFO] [Nao_controller.py:1119]: LAnklePitch is in End
[2024/11/08 17:15:11] [INFO] [Nao_controller.py:1158]: LAnkleRoll is in End
[2024/11/08 17:15:11] [INFO] [Nao_controller.py:1598]: RHipYawPitch is in End
[2024/11/08 17:15:11] [INFO] [Nao_controller.py:1403]: RHipPitch is in End
[2024/11/08 17:15:11] [INFO] [Nao_controller.py:1442]: RHipRoll is in End
[2024/11/08 17:15:11] [INFO] [Nao_controller.py:1481]: RKneePitch is in End
[2024/11/08 17:15:11] [INFO] [Nao_controller.py:1520]: RAnklePitch is in End
[2024/11/08 17:15:11] [INFO] [Nao_controller.py:1559]: RAnkleRoll is in End
[2024/11/08 17:15:11] [INFO] [Nao_controller.py:1778]: ----------inertial unit----------
[2024/11/08 17:15:11] [INFO] [Nao_controller.py:1779]: x/y/z: [1.571161 -0.022206 -0.022214]
[2024/11/08 17:15:11] [INFO] [Nao_controller.py:1197]: LHipYawPitch is in End
[2024/11/08 17:15:11] [INFO] [Nao_controller.py:1002]: LHipPitch is in End
[2024/11/08 17:15:11] [INFO] [Nao_controller.py:1041]: LHipRoll is in End
[2024/11/08 17:15:11] [INFO] [Nao_controller.py:1080]: LKneePitch is in End
[2024/11/08 17:15:11] [INFO] [Nao_controller.py:1119]: LAnklePitch is in End
[2024/11/08 17:15:11] [INFO] [Nao_controller.py:1158]: LAnkleRoll is in End
[2024/11/08 17:15:11] [INFO] [Nao_controller.py:1598]: RHipYawPitch is in End
[2024/11/08 17:15:11] [INFO] [Nao_controller.py:1403]: RHipPitch is in End
[2024/11/08 17:15:11] [INFO] [Nao_controller.py:1442]: RHipRoll is in End
[2024/11/08 17:15:11] [INFO] [Nao_controller.py:1481]: RKneePitch is in End
[2024/11/08 17:15:11] [INFO] [Nao_controller.py:1520]: RAnklePitch is in End
[2024/11/08 17:15:11] [INFO] [Nao_controller.py:1559]: RAnkleRoll is in End
[2024/11/08 17:15:11] [INFO] [Nao_controller.py:1778]: ----------inertial unit----------
[2024/11/08 17:15:11] [INFO] [Nao_controller.py:1779]: x/y/z: [1.571161 -0.022206 -0.022215]
[2024/11/08 17:15:11] [INFO] [Nao_controller.py:1197]: LHipYawPitch is in End
[2024/11/08 17:15:11] [INFO] [Nao_controller.py:1002]: LHipPitch is in End
[2024/11/08 17:15:11] [INFO] [Nao_controller.py:1041]: LHipRoll is in End
[2024/11/08 17:15:11] [INFO] [Nao_controller.py:1080]: LKneePitch is in End
[2024/11/08 17:15:11] [INFO] [Nao_controller.py:1119]: LAnklePitch is in End
[2024/11/08 17:15:11] [INFO] [Nao_controller.py:1158]: LAnkleRoll is in End
[2024/11/08 17:15:11] [INFO] [Nao_controller.py:1598]: RHipYawPitch is in End
[2024/11/08 17:15:11] [INFO] [Nao_controller.py:1403]: RHipPitch is in End
[2024/11/08 17:15:11] [INFO] [Nao_controller.py:1442]: RHipRoll is in End
[2024/11/08 17:15:11] [INFO] [Nao_controller.py:1481]: RKneePitch is in End
[2024/11/08 17:15:11] [INFO] [Nao_controller.py:1520]: RAnklePitch is in End
[2024/11/08 17:15:11] [INFO] [Nao_controller.py:1559]: RAnkleRoll is in End
[2024/11/08 17:15:11] [INFO] [Nao_controller.py:1778]: ----------inertial unit----------
[2024/11/08 17:15:11] [INFO] [Nao_controller.py:1779]: x/y/z: [1.571161 -0.022206 -0.022215]
[2024/11/08 17:49:19] [INFO] [Nao_controller.py:1795]: ----------inertial unit----------
[2024/11/08 17:49:19] [INFO] [Nao_controller.py:1796]: x/y/z: [1.572393 -0.001049 -0.001051]
[2024/11/08 17:49:19] [INFO] [Nao_controller.py:1795]: ----------inertial unit----------
[2024/11/08 17:49:19] [INFO] [Nao_controller.py:1796]: x/y/z: [1.572406 -0.000895 -0.000896]
[2024/11/08 17:49:19] [INFO] [Nao_controller.py:1795]: ----------inertial unit----------
[2024/11/08 17:49:19] [INFO] [Nao_controller.py:1796]: x/y/z: [1.572419 -0.000731 -0.000732]
[2024/11/08 17:49:20] [INFO] [Nao_controller.py:1795]: ----------inertial unit----------
[2024/11/08 17:49:20] [INFO] [Nao_controller.py:1796]: x/y/z: [1.572432 -0.000565 -0.000566]
[2024/11/08 17:49:20] [INFO] [Nao_controller.py:1795]: ----------inertial unit----------
[2024/11/08 17:49:20] [INFO] [Nao_controller.py:1796]: x/y/z: [1.572445 -0.000398 -0.000398]
[2024/11/08 17:49:20] [INFO] [Nao_controller.py:1795]: ----------inertial unit----------
[2024/11/08 17:49:20] [INFO] [Nao_controller.py:1796]: x/y/z: [1.572459 -0.000231 -0.000231]
[2024/11/08 17:49:20] [INFO] [Nao_controller.py:1795]: ----------inertial unit----------
[2024/11/08 17:49:20] [INFO] [Nao_controller.py:1796]: x/y/z: [1.572472 -0.000064 -0.000064]
[2024/11/08 17:49:20] [INFO] [Nao_controller.py:1795]: ----------inertial unit----------
[2024/11/08 17:49:20] [INFO] [Nao_controller.py:1796]: x/y/z: [1.572486 0.000102 0.000102]
[2024/11/08 17:49:20] [INFO] [Nao_controller.py:1795]: ----------inertial unit----------
[2024/11/08 17:49:20] [INFO] [Nao_controller.py:1796]: x/y/z: [1.572500 0.000268 0.000268]
[2024/11/08 17:49:20] [INFO] [Nao_controller.py:1795]: ----------inertial unit----------
[2024/11/08 17:49:20] [INFO] [Nao_controller.py:1796]: x/y/z: [1.572513 0.000433 0.000434]
[2024/11/08 17:49:20] [INFO] [Nao_controller.py:1795]: ----------inertial unit----------
[2024/11/08 17:49:20] [INFO] [Nao_controller.py:1796]: x/y/z: [1.572527 0.000599 0.000600]
[2024/11/08 17:49:20] [INFO] [Nao_controller.py:1795]: ----------inertial unit----------
[2024/11/08 17:49:20] [INFO] [Nao_controller.py:1796]: x/y/z: [1.572540 0.000764 0.000765]
[2024/11/08 17:49:20] [INFO] [Nao_controller.py:1795]: ----------inertial unit----------
[2024/11/08 17:49:20] [INFO] [Nao_controller.py:1796]: x/y/z: [1.572554 0.000929 0.000931]
[2024/11/08 17:49:20] [INFO] [Nao_controller.py:1795]: ----------inertial unit----------
[2024/11/08 17:49:20] [INFO] [Nao_controller.py:1796]: x/y/z: [1.572568 0.001094 0.001096]
[2024/11/08 17:49:20] [INFO] [Nao_controller.py:1795]: ----------inertial unit----------
[2024/11/08 17:49:20] [INFO] [Nao_controller.py:1796]: x/y/z: [1.572582 0.001259 0.001261]
[2024/11/08 17:49:20] [INFO] [Nao_controller.py:1795]: ----------inertial unit----------
[2024/11/08 17:49:20] [INFO] [Nao_controller.py:1796]: x/y/z: [1.572596 0.001424 0.001427]
[2024/11/08 17:49:20] [INFO] [Nao_controller.py:1795]: ----------inertial unit----------
[2024/11/08 17:49:20] [INFO] [Nao_controller.py:1796]: x/y/z: [1.572610 0.001589 0.001592]
[2024/11/08 17:49:20] [INFO] [Nao_controller.py:1795]: ----------inertial unit----------
[2024/11/08 17:49:20] [INFO] [Nao_controller.py:1796]: x/y/z: [1.572624 0.001754 0.001757]
[2024/11/08 17:49:20] [INFO] [Nao_controller.py:1795]: ----------inertial unit----------
[2024/11/08 17:49:20] [INFO] [Nao_controller.py:1796]: x/y/z: [1.572638 0.001918 0.001922]
[2024/11/08 17:49:20] [INFO] [Nao_controller.py:1795]: ----------inertial unit----------
[2024/11/08 17:49:20] [INFO] [Nao_controller.py:1796]: x/y/z: [1.572652 0.002083 0.002087]
[2024/11/08 17:49:20] [INFO] [Nao_controller.py:1795]: ----------inertial unit----------
[2024/11/08 17:49:20] [INFO] [Nao_controller.py:1796]: x/y/z: [1.572666 0.002248 0.002252]
[2024/11/08 17:49:20] [INFO] [Nao_controller.py:1795]: ----------inertial unit----------
[2024/11/08 17:49:20] [INFO] [Nao_controller.py:1796]: x/y/z: [1.572680 0.002412 0.002417]
[2024/11/08 17:49:20] [INFO] [Nao_controller.py:1795]: ----------inertial unit----------
[2024/11/08 17:49:20] [INFO] [Nao_controller.py:1796]: x/y/z: [1.572694 0.002577 0.002582]
[2024/11/08 17:49:20] [INFO] [Nao_controller.py:1795]: ----------inertial unit----------
[2024/11/08 17:49:20] [INFO] [Nao_controller.py:1796]: x/y/z: [1.572708 0.002742 0.002747]
[2024/11/08 17:49:20] [INFO] [Nao_controller.py:1795]: ----------inertial unit----------
[2024/11/08 17:49:20] [INFO] [Nao_controller.py:1796]: x/y/z: [1.572723 0.002906 0.002912]
[2024/11/08 17:49:20] [INFO] [Nao_controller.py:1795]: ----------inertial unit----------
[2024/11/08 17:49:20] [INFO] [Nao_controller.py:1796]: x/y/z: [1.572737 0.003071 0.003077]
[2024/11/08 17:49:20] [INFO] [Nao_controller.py:1795]: ----------inertial unit----------
[2024/11/08 17:49:20] [INFO] [Nao_controller.py:1796]: x/y/z: [1.572752 0.003236 0.003242]
[2024/11/08 17:49:20] [INFO] [Nao_controller.py:1795]: ----------inertial unit----------
[2024/11/08 17:49:20] [INFO] [Nao_controller.py:1796]: x/y/z: [1.572766 0.003400 0.003407]
[2024/11/08 17:49:20] [INFO] [Nao_controller.py:1795]: ----------inertial unit----------
[2024/11/08 17:49:20] [INFO] [Nao_controller.py:1796]: x/y/z: [1.572781 0.003565 0.003572]
[2024/11/08 17:49:20] [INFO] [Nao_controller.py:1795]: ----------inertial unit----------
[2024/11/08 17:49:20] [INFO] [Nao_controller.py:1796]: x/y/z: [1.572795 0.003730 0.003737]
[2024/11/08 17:49:20] [INFO] [Nao_controller.py:1795]: ----------inertial unit----------
[2024/11/08 17:49:20] [INFO] [Nao_controller.py:1796]: x/y/z: [1.572810 0.003894 0.003902]
[2024/11/08 17:49:20] [INFO] [Nao_controller.py:1795]: ----------inertial unit----------
[2024/11/08 17:49:20] [INFO] [Nao_controller.py:1796]: x/y/z: [1.572825 0.004059 0.004067]
[2024/11/08 17:49:20] [INFO] [Nao_controller.py:1795]: ----------inertial unit----------
[2024/11/08 17:49:20] [INFO] [Nao_controller.py:1796]: x/y/z: [1.572839 0.004224 0.004232]
[2024/11/08 17:49:20] [INFO] [Nao_controller.py:1795]: ----------inertial unit----------
[2024/11/08 17:49:20] [INFO] [Nao_controller.py:1796]: x/y/z: [1.572854 0.004388 0.004397]
[2024/11/08 17:49:21] [INFO] [Nao_controller.py:1795]: ----------inertial unit----------
[2024/11/08 17:49:21] [INFO] [Nao_controller.py:1796]: x/y/z: [1.572869 0.004553 0.004562]
[2024/11/08 17:49:21] [INFO] [Nao_controller.py:1795]: ----------inertial unit----------
[2024/11/08 17:49:21] [INFO] [Nao_controller.py:1796]: x/y/z: [1.572884 0.004717 0.004727]
[2024/11/08 17:49:21] [INFO] [Nao_controller.py:1795]: ----------inertial unit----------
[2024/11/08 17:49:21] [INFO] [Nao_controller.py:1796]: x/y/z: [1.572899 0.004882 0.004892]
[2024/11/08 17:49:21] [INFO] [Nao_controller.py:1795]: ----------inertial unit----------
[2024/11/08 17:49:21] [INFO] [Nao_controller.py:1796]: x/y/z: [1.572914 0.005047 0.005057]
[2024/11/08 17:49:21] [INFO] [Nao_controller.py:1795]: ----------inertial unit----------
[2024/11/08 17:49:21] [INFO] [Nao_controller.py:1796]: x/y/z: [1.572929 0.005211 0.005222]
[2024/11/08 17:49:21] [INFO] [Nao_controller.py:1795]: ----------inertial unit----------
[2024/11/08 17:49:21] [INFO] [Nao_controller.py:1796]: x/y/z: [1.572944 0.005376 0.005387]
[2024/11/08 17:49:21] [INFO] [Nao_controller.py:1795]: ----------inertial unit----------
[2024/11/08 17:49:21] [INFO] [Nao_controller.py:1796]: x/y/z: [1.572959 0.005541 0.005553]
[2024/11/08 17:49:21] [INFO] [Nao_controller.py:1795]: ----------inertial unit----------
[2024/11/08 17:49:21] [INFO] [Nao_controller.py:1796]: x/y/z: [1.572975 0.005705 0.005718]
[2024/11/08 17:49:21] [INFO] [Nao_controller.py:1795]: ----------inertial unit----------
[2024/11/08 17:49:21] [INFO] [Nao_controller.py:1796]: x/y/z: [1.572990 0.005870 0.005883]
[2024/11/08 17:49:21] [INFO] [Nao_controller.py:1795]: ----------inertial unit----------
[2024/11/08 17:49:21] [INFO] [Nao_controller.py:1796]: x/y/z: [1.573005 0.006034 0.006048]
[2024/11/08 17:49:21] [INFO] [Nao_controller.py:1795]: ----------inertial unit----------
[2024/11/08 17:49:21] [INFO] [Nao_controller.py:1796]: x/y/z: [1.573021 0.006199 0.006213]
[2024/11/08 17:49:21] [INFO] [Nao_controller.py:1795]: ----------inertial unit----------
[2024/11/08 17:49:21] [INFO] [Nao_controller.py:1796]: x/y/z: [1.573036 0.006364 0.006378]
[2024/11/08 17:49:21] [INFO] [Nao_controller.py:1795]: ----------inertial unit----------
[2024/11/08 17:49:21] [INFO] [Nao_controller.py:1796]: x/y/z: [1.573052 0.006528 0.006543]
[2024/11/08 17:49:21] [INFO] [Nao_controller.py:1795]: ----------inertial unit----------
[2024/11/08 17:49:21] [INFO] [Nao_controller.py:1796]: x/y/z: [1.573067 0.006693 0.006708]
[2024/11/08 17:49:21] [INFO] [Nao_controller.py:1795]: ----------inertial unit----------
[2024/11/08 17:49:21] [INFO] [Nao_controller.py:1796]: x/y/z: [1.573083 0.006858 0.006873]
[2024/11/08 17:49:21] [INFO] [Nao_controller.py:1795]: ----------inertial unit----------
[2024/11/08 17:49:21] [INFO] [Nao_controller.py:1796]: x/y/z: [1.573099 0.007022 0.007039]
[2024/11/08 17:49:21] [INFO] [Nao_controller.py:1795]: ----------inertial unit----------
[2024/11/08 17:49:21] [INFO] [Nao_controller.py:1796]: x/y/z: [1.573114 0.007187 0.007204]
[2024/11/08 17:49:21] [INFO] [Nao_controller.py:1795]: ----------inertial unit----------
[2024/11/08 17:49:21] [INFO] [Nao_controller.py:1796]: x/y/z: [1.573130 0.007352 0.007369]
[2024/11/08 17:49:21] [INFO] [Nao_controller.py:1795]: ----------inertial unit----------
[2024/11/08 17:49:21] [INFO] [Nao_controller.py:1796]: x/y/z: [1.573146 0.007516 0.007534]
[2024/11/12 14:14:30] [INFO] [Nao_controller.py:1614]: Init NAO_MOTION!
[2024/11/12 14:15:37] [INFO] [Nao_controller.py:1614]: Init NAO_MOTION!
[2024/11/12 14:20:10] [INFO] [Nao_controller.py:1614]: Init NAO_MOTION!
[2024/11/12 14:20:10] [INFO] [Nao_controller.py:977]: LHipPitch is in Initial
[2024/11/12 14:20:10] [INFO] [Nao_controller.py:1055]: LKneePitch is in Initial
[2024/11/12 14:20:10] [INFO] [Nao_controller.py:1094]: LAnklePitch is in Initial
[2024/11/12 14:20:10] [INFO] [Nao_controller.py:1377]: RHipPitch is in Initial
[2024/11/12 14:20:10] [INFO] [Nao_controller.py:1456]: RKneePitch is in Initial
[2024/11/12 14:20:10] [INFO] [Nao_controller.py:1495]: RAnklePitch is in Initial
[2024/11/12 14:21:20] [INFO] [Nao_controller.py:1614]: Init NAO_MOTION!
[2024/11/12 14:21:20] [INFO] [Nao_controller.py:977]: LHipPitch is in Initial
[2024/11/12 14:21:20] [INFO] [Nao_controller.py:1055]: LKneePitch is in Initial
[2024/11/12 14:21:20] [INFO] [Nao_controller.py:1094]: LAnklePitch is in Initial
[2024/11/12 14:21:20] [INFO] [Nao_controller.py:1377]: RHipPitch is in Initial
[2024/11/12 14:21:20] [INFO] [Nao_controller.py:1456]: RKneePitch is in Initial
[2024/11/12 14:21:20] [INFO] [Nao_controller.py:1495]: RAnklePitch is in Initial
[2024/11/12 14:21:20] [INFO] [Nao_controller.py:982]: LHipPitch is in Prepare
[2024/11/12 14:21:20] [INFO] [Nao_controller.py:1060]: LKneePitch is in Prepare
[2024/11/12 14:21:20] [INFO] [Nao_controller.py:1099]: LAnklePitch is in Prepare
[2024/11/12 14:21:20] [INFO] [Nao_controller.py:1383]: RHipPitch is in Prepare
[2024/11/12 14:21:20] [INFO] [Nao_controller.py:1461]: RKneePitch is in Prepare
[2024/11/12 14:21:20] [INFO] [Nao_controller.py:1500]: RAnklePitch is in Prepare
[2024/11/12 14:21:20] [INFO] [Nao_controller.py:988]: LHipPitch is in Moving
[2024/11/12 14:21:20] [INFO] [Nao_controller.py:1066]: LKneePitch is in Moving
[2024/11/12 14:21:20] [INFO] [Nao_controller.py:1105]: LAnklePitch is in Moving
[2024/11/12 14:21:20] [INFO] [Nao_controller.py:1389]: RHipPitch is in Moving
[2024/11/12 14:21:20] [INFO] [Nao_controller.py:1467]: RKneePitch is in Moving
[2024/11/12 14:21:20] [INFO] [Nao_controller.py:1506]: RAnklePitch is in Moving
[2024/11/12 14:21:20] [INFO] [Nao_controller.py:997]: LHipPitch is in Finish
[2024/11/12 14:21:20] [INFO] [Nao_controller.py:1075]: LKneePitch is in Finish
[2024/11/12 14:21:20] [INFO] [Nao_controller.py:1105]: LAnklePitch is in Moving
[2024/11/12 14:21:20] [INFO] [Nao_controller.py:1398]: RHipPitch is in Finish
[2024/11/12 14:21:20] [INFO] [Nao_controller.py:1476]: RKneePitch is in Finish
[2024/11/12 14:21:20] [INFO] [Nao_controller.py:1506]: RAnklePitch is in Moving
[2024/11/12 14:21:20] [INFO] [Nao_controller.py:1003]: LHipPitch is in End
[2024/11/12 14:21:20] [INFO] [Nao_controller.py:1075]: LKneePitch is in Finish
[2024/11/12 14:21:20] [INFO] [Nao_controller.py:1105]: LAnklePitch is in Moving
[2024/11/12 14:21:20] [INFO] [Nao_controller.py:1404]: RHipPitch is in End
[2024/11/12 14:21:20] [INFO] [Nao_controller.py:1482]: RKneePitch is in End
[2024/11/12 14:21:20] [INFO] [Nao_controller.py:1506]: RAnklePitch is in Moving
[2024/11/12 14:21:20] [INFO] [Nao_controller.py:1003]: LHipPitch is in End
[2024/11/12 14:21:20] [INFO] [Nao_controller.py:1075]: LKneePitch is in Finish
[2024/11/12 14:21:20] [INFO] [Nao_controller.py:1105]: LAnklePitch is in Moving
[2024/11/12 14:21:20] [INFO] [Nao_controller.py:1404]: RHipPitch is in End
[2024/11/12 14:21:20] [INFO] [Nao_controller.py:1482]: RKneePitch is in End
[2024/11/12 14:21:20] [INFO] [Nao_controller.py:1506]: RAnklePitch is in Moving
[2024/11/12 14:21:20] [INFO] [Nao_controller.py:1003]: LHipPitch is in End
[2024/11/12 14:21:20] [INFO] [Nao_controller.py:1075]: LKneePitch is in Finish
[2024/11/12 14:21:20] [INFO] [Nao_controller.py:1105]: LAnklePitch is in Moving
[2024/11/12 14:21:20] [INFO] [Nao_controller.py:1404]: RHipPitch is in End
[2024/11/12 14:21:20] [INFO] [Nao_controller.py:1482]: RKneePitch is in End
[2024/11/12 14:21:20] [INFO] [Nao_controller.py:1506]: RAnklePitch is in Moving
[2024/11/12 14:21:20] [INFO] [Nao_controller.py:1003]: LHipPitch is in End
[2024/11/12 14:21:20] [INFO] [Nao_controller.py:1075]: LKneePitch is in Finish
[2024/11/12 14:21:20] [INFO] [Nao_controller.py:1105]: LAnklePitch is in Moving
[2024/11/12 14:21:20] [INFO] [Nao_controller.py:1404]: RHipPitch is in End
[2024/11/12 14:21:20] [INFO] [Nao_controller.py:1482]: RKneePitch is in End
[2024/11/12 14:21:20] [INFO] [Nao_controller.py:1506]: RAnklePitch is in Moving
[2024/11/12 14:21:20] [INFO] [Nao_controller.py:1003]: LHipPitch is in End
[2024/11/12 14:21:20] [INFO] [Nao_controller.py:1081]: LKneePitch is in End
[2024/11/12 14:21:20] [INFO] [Nao_controller.py:1105]: LAnklePitch is in Moving
[2024/11/12 14:21:20] [INFO] [Nao_controller.py:1404]: RHipPitch is in End
[2024/11/12 14:21:20] [INFO] [Nao_controller.py:1482]: RKneePitch is in End
[2024/11/12 14:21:20] [INFO] [Nao_controller.py:1506]: RAnklePitch is in Moving
[2024/11/12 14:21:20] [INFO] [Nao_controller.py:1003]: LHipPitch is in End
[2024/11/12 14:21:20] [INFO] [Nao_controller.py:1081]: LKneePitch is in End
[2024/11/12 14:21:20] [INFO] [Nao_controller.py:1105]: LAnklePitch is in Moving
[2024/11/12 14:21:20] [INFO] [Nao_controller.py:1404]: RHipPitch is in End
[2024/11/12 14:21:20] [INFO] [Nao_controller.py:1482]: RKneePitch is in End
[2024/11/12 14:21:20] [INFO] [Nao_controller.py:1506]: RAnklePitch is in Moving
[2024/11/12 14:21:20] [INFO] [Nao_controller.py:1003]: LHipPitch is in End
[2024/11/12 14:21:20] [INFO] [Nao_controller.py:1081]: LKneePitch is in End
[2024/11/12 14:21:20] [INFO] [Nao_controller.py:1105]: LAnklePitch is in Moving
[2024/11/12 14:21:20] [INFO] [Nao_controller.py:1404]: RHipPitch is in End
[2024/11/12 14:21:20] [INFO] [Nao_controller.py:1482]: RKneePitch is in End
[2024/11/12 14:21:20] [INFO] [Nao_controller.py:1506]: RAnklePitch is in Moving
[2024/11/12 14:21:20] [INFO] [Nao_controller.py:1003]: LHipPitch is in End
[2024/11/12 14:21:20] [INFO] [Nao_controller.py:1081]: LKneePitch is in End
[2024/11/12 14:21:20] [INFO] [Nao_controller.py:1105]: LAnklePitch is in Moving
[2024/11/12 14:21:20] [INFO] [Nao_controller.py:1404]: RHipPitch is in End
[2024/11/12 14:21:20] [INFO] [Nao_controller.py:1482]: RKneePitch is in End
[2024/11/12 14:21:20] [INFO] [Nao_controller.py:1506]: RAnklePitch is in Moving
[2024/11/12 14:21:20] [INFO] [Nao_controller.py:1003]: LHipPitch is in End
[2024/11/12 14:21:20] [INFO] [Nao_controller.py:1081]: LKneePitch is in End
[2024/11/12 14:21:20] [INFO] [Nao_controller.py:1105]: LAnklePitch is in Moving
[2024/11/12 14:21:20] [INFO] [Nao_controller.py:1404]: RHipPitch is in End
[2024/11/12 14:21:20] [INFO] [Nao_controller.py:1482]: RKneePitch is in End
[2024/11/12 14:21:20] [INFO] [Nao_controller.py:1506]: RAnklePitch is in Moving
[2024/11/12 14:21:20] [INFO] [Nao_controller.py:1003]: LHipPitch is in End
[2024/11/12 14:21:20] [INFO] [Nao_controller.py:1081]: LKneePitch is in End
[2024/11/12 14:21:20] [INFO] [Nao_controller.py:1105]: LAnklePitch is in Moving
[2024/11/12 14:21:20] [INFO] [Nao_controller.py:1404]: RHipPitch is in End
[2024/11/12 14:21:20] [INFO] [Nao_controller.py:1482]: RKneePitch is in End
[2024/11/12 14:21:20] [INFO] [Nao_controller.py:1506]: RAnklePitch is in Moving
[2024/11/12 14:21:20] [INFO] [Nao_controller.py:1003]: LHipPitch is in End
[2024/11/12 14:21:20] [INFO] [Nao_controller.py:1081]: LKneePitch is in End
[2024/11/12 14:21:20] [INFO] [Nao_controller.py:1105]: LAnklePitch is in Moving
[2024/11/12 14:21:20] [INFO] [Nao_controller.py:1404]: RHipPitch is in End
[2024/11/12 14:21:20] [INFO] [Nao_controller.py:1482]: RKneePitch is in End
[2024/11/12 14:21:20] [INFO] [Nao_controller.py:1506]: RAnklePitch is in Moving
[2024/11/12 14:21:20] [INFO] [Nao_controller.py:1003]: LHipPitch is in End
[2024/11/12 14:21:20] [INFO] [Nao_controller.py:1081]: LKneePitch is in End
[2024/11/12 14:21:20] [INFO] [Nao_controller.py:1105]: LAnklePitch is in Moving
[2024/11/12 14:21:20] [INFO] [Nao_controller.py:1404]: RHipPitch is in End
[2024/11/12 14:21:20] [INFO] [Nao_controller.py:1482]: RKneePitch is in End
[2024/11/12 14:21:20] [INFO] [Nao_controller.py:1506]: RAnklePitch is in Moving
[2024/11/12 14:21:20] [INFO] [Nao_controller.py:1003]: LHipPitch is in End
[2024/11/12 14:21:20] [INFO] [Nao_controller.py:1081]: LKneePitch is in End
[2024/11/12 14:21:20] [INFO] [Nao_controller.py:1105]: LAnklePitch is in Moving
[2024/11/12 14:21:20] [INFO] [Nao_controller.py:1404]: RHipPitch is in End
[2024/11/12 14:21:20] [INFO] [Nao_controller.py:1482]: RKneePitch is in End
[2024/11/12 14:21:20] [INFO] [Nao_controller.py:1506]: RAnklePitch is in Moving
[2024/11/12 14:21:20] [INFO] [Nao_controller.py:1003]: LHipPitch is in End
[2024/11/12 14:21:20] [INFO] [Nao_controller.py:1081]: LKneePitch is in End
[2024/11/12 14:21:20] [INFO] [Nao_controller.py:1105]: LAnklePitch is in Moving
[2024/11/12 14:21:20] [INFO] [Nao_controller.py:1404]: RHipPitch is in End
[2024/11/12 14:21:20] [INFO] [Nao_controller.py:1482]: RKneePitch is in End
[2024/11/12 14:21:20] [INFO] [Nao_controller.py:1506]: RAnklePitch is in Moving
[2024/11/12 14:21:20] [INFO] [Nao_controller.py:1003]: LHipPitch is in End
[2024/11/12 14:21:20] [INFO] [Nao_controller.py:1081]: LKneePitch is in End
[2024/11/12 14:21:20] [INFO] [Nao_controller.py:1105]: LAnklePitch is in Moving
[2024/11/12 14:21:20] [INFO] [Nao_controller.py:1404]: RHipPitch is in End
[2024/11/12 14:21:20] [INFO] [Nao_controller.py:1482]: RKneePitch is in End
[2024/11/12 14:21:20] [INFO] [Nao_controller.py:1506]: RAnklePitch is in Moving
[2024/11/12 14:21:20] [INFO] [Nao_controller.py:1003]: LHipPitch is in End
[2024/11/12 14:21:20] [INFO] [Nao_controller.py:1081]: LKneePitch is in End
[2024/11/12 14:21:20] [INFO] [Nao_controller.py:1105]: LAnklePitch is in Moving
[2024/11/12 14:21:20] [INFO] [Nao_controller.py:1404]: RHipPitch is in End
[2024/11/12 14:21:20] [INFO] [Nao_controller.py:1482]: RKneePitch is in End
[2024/11/12 14:21:20] [INFO] [Nao_controller.py:1506]: RAnklePitch is in Moving
[2024/11/12 14:21:20] [INFO] [Nao_controller.py:1003]: LHipPitch is in End
[2024/11/12 14:21:20] [INFO] [Nao_controller.py:1081]: LKneePitch is in End
[2024/11/12 14:21:20] [INFO] [Nao_controller.py:1105]: LAnklePitch is in Moving
[2024/11/12 14:21:20] [INFO] [Nao_controller.py:1404]: RHipPitch is in End
[2024/11/12 14:21:20] [INFO] [Nao_controller.py:1482]: RKneePitch is in End
[2024/11/12 14:21:20] [INFO] [Nao_controller.py:1506]: RAnklePitch is in Moving
[2024/11/12 14:21:20] [INFO] [Nao_controller.py:1003]: LHipPitch is in End
[2024/11/12 14:21:20] [INFO] [Nao_controller.py:1081]: LKneePitch is in End
[2024/11/12 14:21:20] [INFO] [Nao_controller.py:1105]: LAnklePitch is in Moving
[2024/11/12 14:21:20] [INFO] [Nao_controller.py:1404]: RHipPitch is in End
[2024/11/12 14:21:20] [INFO] [Nao_controller.py:1482]: RKneePitch is in End
[2024/11/12 14:21:20] [INFO] [Nao_controller.py:1506]: RAnklePitch is in Moving
[2024/11/12 14:21:20] [INFO] [Nao_controller.py:1003]: LHipPitch is in End
[2024/11/12 14:21:20] [INFO] [Nao_controller.py:1081]: LKneePitch is in End
[2024/11/12 14:21:20] [INFO] [Nao_controller.py:1105]: LAnklePitch is in Moving
[2024/11/12 14:21:20] [INFO] [Nao_controller.py:1404]: RHipPitch is in End
[2024/11/12 14:21:20] [INFO] [Nao_controller.py:1482]: RKneePitch is in End
[2024/11/12 14:21:20] [INFO] [Nao_controller.py:1506]: RAnklePitch is in Moving
[2024/11/12 14:21:21] [INFO] [Nao_controller.py:1003]: LHipPitch is in End
[2024/11/12 14:21:21] [INFO] [Nao_controller.py:1081]: LKneePitch is in End
[2024/11/12 14:21:21] [INFO] [Nao_controller.py:1105]: LAnklePitch is in Moving
[2024/11/12 14:21:21] [INFO] [Nao_controller.py:1404]: RHipPitch is in End
[2024/11/12 14:21:21] [INFO] [Nao_controller.py:1482]: RKneePitch is in End
[2024/11/12 14:21:21] [INFO] [Nao_controller.py:1506]: RAnklePitch is in Moving
[2024/11/12 14:21:21] [INFO] [Nao_controller.py:1003]: LHipPitch is in End
[2024/11/12 14:21:21] [INFO] [Nao_controller.py:1081]: LKneePitch is in End
[2024/11/12 14:21:21] [INFO] [Nao_controller.py:1105]: LAnklePitch is in Moving
[2024/11/12 14:21:21] [INFO] [Nao_controller.py:1404]: RHipPitch is in End
[2024/11/12 14:21:21] [INFO] [Nao_controller.py:1482]: RKneePitch is in End
[2024/11/12 14:21:21] [INFO] [Nao_controller.py:1506]: RAnklePitch is in Moving
[2024/11/12 14:21:21] [INFO] [Nao_controller.py:1003]: LHipPitch is in End
[2024/11/12 14:21:21] [INFO] [Nao_controller.py:1081]: LKneePitch is in End
[2024/11/12 14:21:21] [INFO] [Nao_controller.py:1105]: LAnklePitch is in Moving
[2024/11/12 14:21:21] [INFO] [Nao_controller.py:1404]: RHipPitch is in End
[2024/11/12 14:21:21] [INFO] [Nao_controller.py:1482]: RKneePitch is in End
[2024/11/12 14:21:21] [INFO] [Nao_controller.py:1506]: RAnklePitch is in Moving
[2024/11/12 14:21:21] [INFO] [Nao_controller.py:1003]: LHipPitch is in End
[2024/11/12 14:21:21] [INFO] [Nao_controller.py:1081]: LKneePitch is in End
[2024/11/12 14:21:21] [INFO] [Nao_controller.py:1105]: LAnklePitch is in Moving
[2024/11/12 14:21:21] [INFO] [Nao_controller.py:1404]: RHipPitch is in End
[2024/11/12 14:21:21] [INFO] [Nao_controller.py:1482]: RKneePitch is in End
[2024/11/12 14:21:21] [INFO] [Nao_controller.py:1506]: RAnklePitch is in Moving
[2024/11/12 14:21:21] [INFO] [Nao_controller.py:1003]: LHipPitch is in End
[2024/11/12 14:21:21] [INFO] [Nao_controller.py:1081]: LKneePitch is in End
[2024/11/12 14:21:21] [INFO] [Nao_controller.py:1105]: LAnklePitch is in Moving
[2024/11/12 14:21:21] [INFO] [Nao_controller.py:1404]: RHipPitch is in End
[2024/11/12 14:21:21] [INFO] [Nao_controller.py:1482]: RKneePitch is in End
[2024/11/12 14:21:21] [INFO] [Nao_controller.py:1515]: RAnklePitch is in Finish
[2024/11/12 14:21:21] [INFO] [Nao_controller.py:1003]: LHipPitch is in End
[2024/11/12 14:21:21] [INFO] [Nao_controller.py:1081]: LKneePitch is in End
[2024/11/12 14:21:21] [INFO] [Nao_controller.py:1105]: LAnklePitch is in Moving
[2024/11/12 14:21:21] [INFO] [Nao_controller.py:1404]: RHipPitch is in End
[2024/11/12 14:21:21] [INFO] [Nao_controller.py:1482]: RKneePitch is in End
[2024/11/12 14:21:21] [INFO] [Nao_controller.py:1521]: RAnklePitch is in End
[2024/11/12 14:21:21] [INFO] [Nao_controller.py:1003]: LHipPitch is in End
[2024/11/12 14:21:21] [INFO] [Nao_controller.py:1081]: LKneePitch is in End
[2024/11/12 14:21:21] [INFO] [Nao_controller.py:1105]: LAnklePitch is in Moving
[2024/11/12 14:21:21] [INFO] [Nao_controller.py:1404]: RHipPitch is in End
[2024/11/12 14:21:21] [INFO] [Nao_controller.py:1482]: RKneePitch is in End
[2024/11/12 14:21:21] [INFO] [Nao_controller.py:1521]: RAnklePitch is in End
[2024/11/12 14:21:21] [INFO] [Nao_controller.py:1003]: LHipPitch is in End
[2024/11/12 14:21:21] [INFO] [Nao_controller.py:1081]: LKneePitch is in End
[2024/11/12 14:21:21] [INFO] [Nao_controller.py:1105]: LAnklePitch is in Moving
[2024/11/12 14:21:21] [INFO] [Nao_controller.py:1404]: RHipPitch is in End
[2024/11/12 14:21:21] [INFO] [Nao_controller.py:1482]: RKneePitch is in End
[2024/11/12 14:21:21] [INFO] [Nao_controller.py:1521]: RAnklePitch is in End
[2024/11/12 14:21:21] [INFO] [Nao_controller.py:1003]: LHipPitch is in End
[2024/11/12 14:21:21] [INFO] [Nao_controller.py:1081]: LKneePitch is in End
[2024/11/12 14:21:21] [INFO] [Nao_controller.py:1105]: LAnklePitch is in Moving
[2024/11/12 14:21:21] [INFO] [Nao_controller.py:1404]: RHipPitch is in End
[2024/11/12 14:21:21] [INFO] [Nao_controller.py:1482]: RKneePitch is in End
[2024/11/12 14:21:21] [INFO] [Nao_controller.py:1521]: RAnklePitch is in End
[2024/11/12 14:21:21] [INFO] [Nao_controller.py:1003]: LHipPitch is in End
[2024/11/12 14:21:21] [INFO] [Nao_controller.py:1081]: LKneePitch is in End
[2024/11/12 14:21:21] [INFO] [Nao_controller.py:1105]: LAnklePitch is in Moving
[2024/11/12 14:21:21] [INFO] [Nao_controller.py:1404]: RHipPitch is in End
[2024/11/12 14:21:21] [INFO] [Nao_controller.py:1482]: RKneePitch is in End
[2024/11/12 14:21:21] [INFO] [Nao_controller.py:1521]: RAnklePitch is in End
[2024/11/12 14:21:21] [INFO] [Nao_controller.py:1003]: LHipPitch is in End
[2024/11/12 14:21:21] [INFO] [Nao_controller.py:1081]: LKneePitch is in End
[2024/11/12 14:21:21] [INFO] [Nao_controller.py:1114]: LAnklePitch is in Finish
[2024/11/12 14:21:21] [INFO] [Nao_controller.py:1404]: RHipPitch is in End
[2024/11/12 14:21:21] [INFO] [Nao_controller.py:1482]: RKneePitch is in End
[2024/11/12 14:21:21] [INFO] [Nao_controller.py:1521]: RAnklePitch is in End
[2024/11/12 14:21:21] [INFO] [Nao_controller.py:1003]: LHipPitch is in End
[2024/11/12 14:21:21] [INFO] [Nao_controller.py:1081]: LKneePitch is in End
[2024/11/12 14:21:21] [INFO] [Nao_controller.py:1120]: LAnklePitch is in End
[2024/11/12 14:21:21] [INFO] [Nao_controller.py:1404]: RHipPitch is in End
[2024/11/12 14:21:21] [INFO] [Nao_controller.py:1482]: RKneePitch is in End
[2024/11/12 14:21:21] [INFO] [Nao_controller.py:1521]: RAnklePitch is in End
[2024/11/12 14:21:21] [INFO] [Nao_controller.py:1003]: LHipPitch is in End
[2024/11/12 14:21:21] [INFO] [Nao_controller.py:1081]: LKneePitch is in End
[2024/11/12 14:21:21] [INFO] [Nao_controller.py:1120]: LAnklePitch is in End
[2024/11/12 14:21:21] [INFO] [Nao_controller.py:1404]: RHipPitch is in End
[2024/11/12 14:21:21] [INFO] [Nao_controller.py:1482]: RKneePitch is in End
[2024/11/12 14:21:21] [INFO] [Nao_controller.py:1521]: RAnklePitch is in End
[2024/11/12 14:21:21] [INFO] [Nao_controller.py:1003]: LHipPitch is in End
[2024/11/12 14:21:21] [INFO] [Nao_controller.py:1081]: LKneePitch is in End
[2024/11/12 14:21:21] [INFO] [Nao_controller.py:1120]: LAnklePitch is in End
[2024/11/12 14:21:21] [INFO] [Nao_controller.py:1404]: RHipPitch is in End
[2024/11/12 14:21:21] [INFO] [Nao_controller.py:1482]: RKneePitch is in End
[2024/11/12 14:21:21] [INFO] [Nao_controller.py:1521]: RAnklePitch is in End
[2024/11/12 14:21:21] [INFO] [Nao_controller.py:1003]: LHipPitch is in End
[2024/11/12 14:21:21] [INFO] [Nao_controller.py:1081]: LKneePitch is in End
[2024/11/12 14:21:21] [INFO] [Nao_controller.py:1120]: LAnklePitch is in End
[2024/11/12 14:21:21] [INFO] [Nao_controller.py:1404]: RHipPitch is in End
[2024/11/12 14:21:21] [INFO] [Nao_controller.py:1482]: RKneePitch is in End
[2024/11/12 14:21:21] [INFO] [Nao_controller.py:1521]: RAnklePitch is in End
[2024/11/12 14:21:21] [INFO] [Nao_controller.py:1003]: LHipPitch is in End
[2024/11/12 14:21:21] [INFO] [Nao_controller.py:1081]: LKneePitch is in End
[2024/11/12 14:21:21] [INFO] [Nao_controller.py:1120]: LAnklePitch is in End
[2024/11/12 14:21:21] [INFO] [Nao_controller.py:1404]: RHipPitch is in End
[2024/11/12 14:21:21] [INFO] [Nao_controller.py:1482]: RKneePitch is in End
[2024/11/12 14:21:21] [INFO] [Nao_controller.py:1521]: RAnklePitch is in End
[2024/11/12 14:21:21] [INFO] [Nao_controller.py:1003]: LHipPitch is in End
[2024/11/12 14:21:21] [INFO] [Nao_controller.py:1081]: LKneePitch is in End
[2024/11/12 14:21:21] [INFO] [Nao_controller.py:1120]: LAnklePitch is in End
[2024/11/12 14:21:21] [INFO] [Nao_controller.py:1404]: RHipPitch is in End
[2024/11/12 14:21:21] [INFO] [Nao_controller.py:1482]: RKneePitch is in End
[2024/11/12 14:21:21] [INFO] [Nao_controller.py:1521]: RAnklePitch is in End
[2024/11/12 14:21:21] [INFO] [Nao_controller.py:1003]: LHipPitch is in End
[2024/11/12 14:21:21] [INFO] [Nao_controller.py:1081]: LKneePitch is in End
[2024/11/12 14:21:21] [INFO] [Nao_controller.py:1120]: LAnklePitch is in End
[2024/11/12 14:21:21] [INFO] [Nao_controller.py:1404]: RHipPitch is in End
[2024/11/12 14:21:21] [INFO] [Nao_controller.py:1482]: RKneePitch is in End
[2024/11/12 14:21:21] [INFO] [Nao_controller.py:1521]: RAnklePitch is in End
[2024/11/12 14:21:21] [INFO] [Nao_controller.py:1003]: LHipPitch is in End
[2024/11/12 14:21:21] [INFO] [Nao_controller.py:1081]: LKneePitch is in End
[2024/11/12 14:21:21] [INFO] [Nao_controller.py:1120]: LAnklePitch is in End
[2024/11/12 14:21:21] [INFO] [Nao_controller.py:1404]: RHipPitch is in End
[2024/11/12 14:21:21] [INFO] [Nao_controller.py:1482]: RKneePitch is in End
[2024/11/12 14:21:21] [INFO] [Nao_controller.py:1521]: RAnklePitch is in End
[2024/11/12 14:21:21] [INFO] [Nao_controller.py:1003]: LHipPitch is in End
[2024/11/12 14:21:21] [INFO] [Nao_controller.py:1081]: LKneePitch is in End
[2024/11/12 14:21:21] [INFO] [Nao_controller.py:1120]: LAnklePitch is in End
[2024/11/12 14:21:21] [INFO] [Nao_controller.py:1404]: RHipPitch is in End
[2024/11/12 14:21:21] [INFO] [Nao_controller.py:1482]: RKneePitch is in End
[2024/11/12 14:21:21] [INFO] [Nao_controller.py:1521]: RAnklePitch is in End
[2024/11/12 14:21:21] [INFO] [Nao_controller.py:1003]: LHipPitch is in End
[2024/11/12 14:21:21] [INFO] [Nao_controller.py:1081]: LKneePitch is in End
[2024/11/12 14:21:21] [INFO] [Nao_controller.py:1120]: LAnklePitch is in End
[2024/11/12 14:21:21] [INFO] [Nao_controller.py:1404]: RHipPitch is in End
[2024/11/12 14:21:21] [INFO] [Nao_controller.py:1482]: RKneePitch is in End
[2024/11/12 14:21:21] [INFO] [Nao_controller.py:1521]: RAnklePitch is in End
[2024/11/12 14:21:21] [INFO] [Nao_controller.py:1003]: LHipPitch is in End
[2024/11/12 14:21:21] [INFO] [Nao_controller.py:1081]: LKneePitch is in End
[2024/11/12 14:21:21] [INFO] [Nao_controller.py:1120]: LAnklePitch is in End
[2024/11/12 14:21:21] [INFO] [Nao_controller.py:1404]: RHipPitch is in End
[2024/11/12 14:21:21] [INFO] [Nao_controller.py:1482]: RKneePitch is in End
[2024/11/12 14:21:21] [INFO] [Nao_controller.py:1521]: RAnklePitch is in End
[2024/11/12 14:21:21] [INFO] [Nao_controller.py:1003]: LHipPitch is in End
[2024/11/12 14:21:21] [INFO] [Nao_controller.py:1081]: LKneePitch is in End
[2024/11/12 14:21:21] [INFO] [Nao_controller.py:1120]: LAnklePitch is in End
[2024/11/12 14:21:21] [INFO] [Nao_controller.py:1404]: RHipPitch is in End
[2024/11/12 14:21:21] [INFO] [Nao_controller.py:1482]: RKneePitch is in End
[2024/11/12 14:21:21] [INFO] [Nao_controller.py:1521]: RAnklePitch is in End
[2024/11/12 14:21:21] [INFO] [Nao_controller.py:1003]: LHipPitch is in End
[2024/11/12 14:21:21] [INFO] [Nao_controller.py:1081]: LKneePitch is in End
[2024/11/12 14:21:21] [INFO] [Nao_controller.py:1120]: LAnklePitch is in End
[2024/11/12 14:21:21] [INFO] [Nao_controller.py:1404]: RHipPitch is in End
[2024/11/12 14:21:21] [INFO] [Nao_controller.py:1482]: RKneePitch is in End
[2024/11/12 14:21:21] [INFO] [Nao_controller.py:1521]: RAnklePitch is in End
[2024/11/12 14:21:21] [INFO] [Nao_controller.py:1003]: LHipPitch is in End
[2024/11/12 14:21:21] [INFO] [Nao_controller.py:1081]: LKneePitch is in End
[2024/11/12 14:21:21] [INFO] [Nao_controller.py:1120]: LAnklePitch is in End
[2024/11/12 14:21:21] [INFO] [Nao_controller.py:1404]: RHipPitch is in End
[2024/11/12 14:21:21] [INFO] [Nao_controller.py:1482]: RKneePitch is in End
[2024/11/12 14:21:21] [INFO] [Nao_controller.py:1521]: RAnklePitch is in End
[2024/11/12 14:21:21] [INFO] [Nao_controller.py:1003]: LHipPitch is in End
[2024/11/12 14:21:21] [INFO] [Nao_controller.py:1081]: LKneePitch is in End
[2024/11/12 14:21:21] [INFO] [Nao_controller.py:1120]: LAnklePitch is in End
[2024/11/12 14:21:21] [INFO] [Nao_controller.py:1404]: RHipPitch is in End
[2024/11/12 14:21:21] [INFO] [Nao_controller.py:1482]: RKneePitch is in End
[2024/11/12 14:21:21] [INFO] [Nao_controller.py:1521]: RAnklePitch is in End
[2024/11/12 14:21:22] [INFO] [Nao_controller.py:1003]: LHipPitch is in End
[2024/11/12 14:21:22] [INFO] [Nao_controller.py:1081]: LKneePitch is in End
[2024/11/12 14:21:22] [INFO] [Nao_controller.py:1120]: LAnklePitch is in End
[2024/11/12 14:21:22] [INFO] [Nao_controller.py:1404]: RHipPitch is in End
[2024/11/12 14:21:22] [INFO] [Nao_controller.py:1482]: RKneePitch is in End
[2024/11/12 14:21:22] [INFO] [Nao_controller.py:1521]: RAnklePitch is in End
[2024/11/12 14:21:22] [INFO] [Nao_controller.py:1003]: LHipPitch is in End
[2024/11/12 14:21:22] [INFO] [Nao_controller.py:1081]: LKneePitch is in End
[2024/11/12 14:21:22] [INFO] [Nao_controller.py:1120]: LAnklePitch is in End
[2024/11/12 14:21:22] [INFO] [Nao_controller.py:1404]: RHipPitch is in End
[2024/11/12 14:21:22] [INFO] [Nao_controller.py:1482]: RKneePitch is in End
[2024/11/12 14:21:22] [INFO] [Nao_controller.py:1521]: RAnklePitch is in End
[2024/11/12 14:21:22] [INFO] [Nao_controller.py:1003]: LHipPitch is in End
[2024/11/12 14:21:22] [INFO] [Nao_controller.py:1081]: LKneePitch is in End
[2024/11/12 14:21:22] [INFO] [Nao_controller.py:1120]: LAnklePitch is in End
[2024/11/12 14:21:22] [INFO] [Nao_controller.py:1404]: RHipPitch is in End
[2024/11/12 14:21:22] [INFO] [Nao_controller.py:1482]: RKneePitch is in End
[2024/11/12 14:21:22] [INFO] [Nao_controller.py:1521]: RAnklePitch is in End
[2024/11/12 14:21:22] [INFO] [Nao_controller.py:1003]: LHipPitch is in End
[2024/11/12 14:21:22] [INFO] [Nao_controller.py:1081]: LKneePitch is in End
[2024/11/12 14:21:22] [INFO] [Nao_controller.py:1120]: LAnklePitch is in End
[2024/11/12 14:21:22] [INFO] [Nao_controller.py:1404]: RHipPitch is in End
[2024/11/12 14:21:22] [INFO] [Nao_controller.py:1482]: RKneePitch is in End
[2024/11/12 14:21:22] [INFO] [Nao_controller.py:1521]: RAnklePitch is in End
[2024/11/12 14:21:22] [INFO] [Nao_controller.py:1003]: LHipPitch is in End
[2024/11/12 14:21:22] [INFO] [Nao_controller.py:1081]: LKneePitch is in End
[2024/11/12 14:21:22] [INFO] [Nao_controller.py:1120]: LAnklePitch is in End
[2024/11/12 14:21:22] [INFO] [Nao_controller.py:1404]: RHipPitch is in End
[2024/11/12 14:21:22] [INFO] [Nao_controller.py:1482]: RKneePitch is in End
[2024/11/12 14:21:22] [INFO] [Nao_controller.py:1521]: RAnklePitch is in End
[2024/11/12 14:21:22] [INFO] [Nao_controller.py:1003]: LHipPitch is in End
[2024/11/12 14:21:22] [INFO] [Nao_controller.py:1081]: LKneePitch is in End
[2024/11/12 14:21:22] [INFO] [Nao_controller.py:1120]: LAnklePitch is in End
[2024/11/12 14:21:22] [INFO] [Nao_controller.py:1404]: RHipPitch is in End
[2024/11/12 14:21:22] [INFO] [Nao_controller.py:1482]: RKneePitch is in End
[2024/11/12 14:21:22] [INFO] [Nao_controller.py:1521]: RAnklePitch is in End
[2024/11/12 14:21:22] [INFO] [Nao_controller.py:1003]: LHipPitch is in End
[2024/11/12 14:21:22] [INFO] [Nao_controller.py:1081]: LKneePitch is in End
[2024/11/12 14:21:22] [INFO] [Nao_controller.py:1120]: LAnklePitch is in End
[2024/11/12 14:21:22] [INFO] [Nao_controller.py:1404]: RHipPitch is in End
[2024/11/12 14:21:22] [INFO] [Nao_controller.py:1482]: RKneePitch is in End
[2024/11/12 14:21:22] [INFO] [Nao_controller.py:1521]: RAnklePitch is in End
[2024/11/12 14:21:22] [INFO] [Nao_controller.py:1003]: LHipPitch is in End
[2024/11/12 14:21:22] [INFO] [Nao_controller.py:1081]: LKneePitch is in End
[2024/11/12 14:21:22] [INFO] [Nao_controller.py:1120]: LAnklePitch is in End
[2024/11/12 14:21:22] [INFO] [Nao_controller.py:1404]: RHipPitch is in End
[2024/11/12 14:21:22] [INFO] [Nao_controller.py:1482]: RKneePitch is in End
[2024/11/12 14:21:22] [INFO] [Nao_controller.py:1521]: RAnklePitch is in End
[2024/11/12 14:21:22] [INFO] [Nao_controller.py:1003]: LHipPitch is in End
[2024/11/12 14:21:22] [INFO] [Nao_controller.py:1081]: LKneePitch is in End
[2024/11/12 14:21:22] [INFO] [Nao_controller.py:1120]: LAnklePitch is in End
[2024/11/12 14:21:22] [INFO] [Nao_controller.py:1404]: RHipPitch is in End
[2024/11/12 14:21:22] [INFO] [Nao_controller.py:1482]: RKneePitch is in End
[2024/11/12 14:21:22] [INFO] [Nao_controller.py:1521]: RAnklePitch is in End
[2024/11/12 14:21:22] [INFO] [Nao_controller.py:1003]: LHipPitch is in End
[2024/11/12 14:21:22] [INFO] [Nao_controller.py:1081]: LKneePitch is in End
[2024/11/12 14:21:22] [INFO] [Nao_controller.py:1120]: LAnklePitch is in End
[2024/11/12 14:21:22] [INFO] [Nao_controller.py:1404]: RHipPitch is in End
[2024/11/12 14:21:22] [INFO] [Nao_controller.py:1482]: RKneePitch is in End
[2024/11/12 14:21:22] [INFO] [Nao_controller.py:1521]: RAnklePitch is in End
[2024/11/12 14:21:22] [INFO] [Nao_controller.py:1003]: LHipPitch is in End
[2024/11/12 14:21:22] [INFO] [Nao_controller.py:1081]: LKneePitch is in End
[2024/11/12 14:21:22] [INFO] [Nao_controller.py:1120]: LAnklePitch is in End
[2024/11/12 14:21:22] [INFO] [Nao_controller.py:1404]: RHipPitch is in End
[2024/11/12 14:21:22] [INFO] [Nao_controller.py:1482]: RKneePitch is in End
[2024/11/12 14:21:22] [INFO] [Nao_controller.py:1521]: RAnklePitch is in End
[2024/11/12 14:21:22] [INFO] [Nao_controller.py:1003]: LHipPitch is in End
[2024/11/12 14:21:22] [INFO] [Nao_controller.py:1081]: LKneePitch is in End
[2024/11/12 14:21:22] [INFO] [Nao_controller.py:1120]: LAnklePitch is in End
[2024/11/12 14:21:22] [INFO] [Nao_controller.py:1404]: RHipPitch is in End
[2024/11/12 14:21:22] [INFO] [Nao_controller.py:1482]: RKneePitch is in End
[2024/11/12 14:21:22] [INFO] [Nao_controller.py:1521]: RAnklePitch is in End
[2024/11/12 14:21:22] [INFO] [Nao_controller.py:1003]: LHipPitch is in End
[2024/11/12 14:21:22] [INFO] [Nao_controller.py:1081]: LKneePitch is in End
[2024/11/12 14:21:22] [INFO] [Nao_controller.py:1120]: LAnklePitch is in End
[2024/11/12 14:21:22] [INFO] [Nao_controller.py:1404]: RHipPitch is in End
[2024/11/12 14:21:22] [INFO] [Nao_controller.py:1482]: RKneePitch is in End
[2024/11/12 14:21:22] [INFO] [Nao_controller.py:1521]: RAnklePitch is in End
[2024/11/12 14:21:22] [INFO] [Nao_controller.py:1003]: LHipPitch is in End
[2024/11/12 14:21:22] [INFO] [Nao_controller.py:1081]: LKneePitch is in End
[2024/11/12 14:21:22] [INFO] [Nao_controller.py:1120]: LAnklePitch is in End
[2024/11/12 14:21:22] [INFO] [Nao_controller.py:1404]: RHipPitch is in End
[2024/11/12 14:21:22] [INFO] [Nao_controller.py:1482]: RKneePitch is in End
[2024/11/12 14:21:22] [INFO] [Nao_controller.py:1521]: RAnklePitch is in End
[2024/11/12 14:21:22] [INFO] [Nao_controller.py:1003]: LHipPitch is in End
[2024/11/12 14:21:22] [INFO] [Nao_controller.py:1081]: LKneePitch is in End
[2024/11/12 14:21:22] [INFO] [Nao_controller.py:1120]: LAnklePitch is in End
[2024/11/12 14:21:22] [INFO] [Nao_controller.py:1404]: RHipPitch is in End
[2024/11/12 14:21:22] [INFO] [Nao_controller.py:1482]: RKneePitch is in End
[2024/11/12 14:21:22] [INFO] [Nao_controller.py:1521]: RAnklePitch is in End
[2024/11/12 14:21:22] [INFO] [Nao_controller.py:1003]: LHipPitch is in End
[2024/11/12 14:21:22] [INFO] [Nao_controller.py:1081]: LKneePitch is in End
[2024/11/12 14:21:22] [INFO] [Nao_controller.py:1120]: LAnklePitch is in End
[2024/11/12 14:21:22] [INFO] [Nao_controller.py:1404]: RHipPitch is in End
[2024/11/12 14:21:22] [INFO] [Nao_controller.py:1482]: RKneePitch is in End
[2024/11/12 14:21:22] [INFO] [Nao_controller.py:1521]: RAnklePitch is in End
[2024/11/12 14:21:22] [INFO] [Nao_controller.py:1003]: LHipPitch is in End
[2024/11/12 14:21:22] [INFO] [Nao_controller.py:1081]: LKneePitch is in End
[2024/11/12 14:21:22] [INFO] [Nao_controller.py:1120]: LAnklePitch is in End
[2024/11/12 14:21:22] [INFO] [Nao_controller.py:1404]: RHipPitch is in End
[2024/11/12 14:21:22] [INFO] [Nao_controller.py:1482]: RKneePitch is in End
[2024/11/12 14:21:22] [INFO] [Nao_controller.py:1521]: RAnklePitch is in End
[2024/11/12 14:21:22] [INFO] [Nao_controller.py:1003]: LHipPitch is in End
[2024/11/12 14:21:22] [INFO] [Nao_controller.py:1081]: LKneePitch is in End
[2024/11/12 14:21:22] [INFO] [Nao_controller.py:1120]: LAnklePitch is in End
[2024/11/12 14:21:22] [INFO] [Nao_controller.py:1404]: RHipPitch is in End
[2024/11/12 14:21:22] [INFO] [Nao_controller.py:1482]: RKneePitch is in End
[2024/11/12 14:21:22] [INFO] [Nao_controller.py:1521]: RAnklePitch is in End
[2024/11/12 14:21:22] [INFO] [Nao_controller.py:1003]: LHipPitch is in End
[2024/11/12 14:21:22] [INFO] [Nao_controller.py:1081]: LKneePitch is in End
[2024/11/12 14:21:22] [INFO] [Nao_controller.py:1120]: LAnklePitch is in End
[2024/11/12 14:21:22] [INFO] [Nao_controller.py:1404]: RHipPitch is in End
[2024/11/12 14:21:22] [INFO] [Nao_controller.py:1482]: RKneePitch is in End
[2024/11/12 14:21:22] [INFO] [Nao_controller.py:1521]: RAnklePitch is in End
[2024/11/12 14:21:22] [INFO] [Nao_controller.py:1003]: LHipPitch is in End
[2024/11/12 14:21:22] [INFO] [Nao_controller.py:1081]: LKneePitch is in End
[2024/11/12 14:21:22] [INFO] [Nao_controller.py:1120]: LAnklePitch is in End
[2024/11/12 14:21:22] [INFO] [Nao_controller.py:1404]: RHipPitch is in End
[2024/11/12 14:21:22] [INFO] [Nao_controller.py:1482]: RKneePitch is in End
[2024/11/12 14:21:22] [INFO] [Nao_controller.py:1521]: RAnklePitch is in End
[2024/11/12 14:21:22] [INFO] [Nao_controller.py:1003]: LHipPitch is in End
[2024/11/12 14:21:22] [INFO] [Nao_controller.py:1081]: LKneePitch is in End
[2024/11/12 14:21:22] [INFO] [Nao_controller.py:1120]: LAnklePitch is in End
[2024/11/12 14:21:22] [INFO] [Nao_controller.py:1404]: RHipPitch is in End
[2024/11/12 14:21:22] [INFO] [Nao_controller.py:1482]: RKneePitch is in End
[2024/11/12 14:21:22] [INFO] [Nao_controller.py:1521]: RAnklePitch is in End
[2024/11/12 14:21:22] [INFO] [Nao_controller.py:1003]: LHipPitch is in End
[2024/11/12 14:21:22] [INFO] [Nao_controller.py:1081]: LKneePitch is in End
[2024/11/12 14:21:22] [INFO] [Nao_controller.py:1120]: LAnklePitch is in End
[2024/11/12 14:21:22] [INFO] [Nao_controller.py:1404]: RHipPitch is in End
[2024/11/12 14:21:22] [INFO] [Nao_controller.py:1482]: RKneePitch is in End
[2024/11/12 14:21:22] [INFO] [Nao_controller.py:1521]: RAnklePitch is in End
[2024/11/12 14:21:22] [INFO] [Nao_controller.py:1003]: LHipPitch is in End
[2024/11/12 14:21:22] [INFO] [Nao_controller.py:1081]: LKneePitch is in End
[2024/11/12 14:21:22] [INFO] [Nao_controller.py:1120]: LAnklePitch is in End
[2024/11/12 14:21:22] [INFO] [Nao_controller.py:1404]: RHipPitch is in End
[2024/11/12 14:21:22] [INFO] [Nao_controller.py:1482]: RKneePitch is in End
[2024/11/12 14:21:22] [INFO] [Nao_controller.py:1521]: RAnklePitch is in End
[2024/11/12 14:21:22] [INFO] [Nao_controller.py:1003]: LHipPitch is in End
[2024/11/12 14:21:22] [INFO] [Nao_controller.py:1081]: LKneePitch is in End
[2024/11/12 14:21:22] [INFO] [Nao_controller.py:1120]: LAnklePitch is in End
[2024/11/12 14:21:22] [INFO] [Nao_controller.py:1404]: RHipPitch is in End
[2024/11/12 14:21:22] [INFO] [Nao_controller.py:1482]: RKneePitch is in End
[2024/11/12 14:21:22] [INFO] [Nao_controller.py:1521]: RAnklePitch is in End
[2024/11/12 14:21:22] [INFO] [Nao_controller.py:1003]: LHipPitch is in End
[2024/11/12 14:21:22] [INFO] [Nao_controller.py:1081]: LKneePitch is in End
[2024/11/12 14:21:22] [INFO] [Nao_controller.py:1120]: LAnklePitch is in End
[2024/11/12 14:21:22] [INFO] [Nao_controller.py:1404]: RHipPitch is in End
[2024/11/12 14:21:22] [INFO] [Nao_controller.py:1482]: RKneePitch is in End
[2024/11/12 14:21:22] [INFO] [Nao_controller.py:1521]: RAnklePitch is in End
[2024/11/12 14:21:22] [INFO] [Nao_controller.py:1003]: LHipPitch is in End
[2024/11/12 14:21:22] [INFO] [Nao_controller.py:1081]: LKneePitch is in End
[2024/11/12 14:21:22] [INFO] [Nao_controller.py:1120]: LAnklePitch is in End
[2024/11/12 14:21:22] [INFO] [Nao_controller.py:1404]: RHipPitch is in End
[2024/11/12 14:21:22] [INFO] [Nao_controller.py:1482]: RKneePitch is in End
[2024/11/12 14:21:22] [INFO] [Nao_controller.py:1521]: RAnklePitch is in End
[2024/11/12 14:21:22] [INFO] [Nao_controller.py:1003]: LHipPitch is in End
[2024/11/12 14:21:22] [INFO] [Nao_controller.py:1081]: LKneePitch is in End
[2024/11/12 14:21:22] [INFO] [Nao_controller.py:1120]: LAnklePitch is in End
[2024/11/12 14:21:22] [INFO] [Nao_controller.py:1404]: RHipPitch is in End
[2024/11/12 14:21:22] [INFO] [Nao_controller.py:1482]: RKneePitch is in End
[2024/11/12 14:21:22] [INFO] [Nao_controller.py:1521]: RAnklePitch is in End
[2024/11/12 14:21:22] [INFO] [Nao_controller.py:1003]: LHipPitch is in End
[2024/11/12 14:21:22] [INFO] [Nao_controller.py:1081]: LKneePitch is in End
[2024/11/12 14:21:22] [INFO] [Nao_controller.py:1120]: LAnklePitch is in End
[2024/11/12 14:21:22] [INFO] [Nao_controller.py:1404]: RHipPitch is in End
[2024/11/12 14:21:22] [INFO] [Nao_controller.py:1482]: RKneePitch is in End
[2024/11/12 14:21:22] [INFO] [Nao_controller.py:1521]: RAnklePitch is in End
[2024/11/12 14:21:22] [INFO] [Nao_controller.py:1003]: LHipPitch is in End
[2024/11/12 14:21:22] [INFO] [Nao_controller.py:1081]: LKneePitch is in End
[2024/11/12 14:21:22] [INFO] [Nao_controller.py:1120]: LAnklePitch is in End
[2024/11/12 14:21:22] [INFO] [Nao_controller.py:1404]: RHipPitch is in End
[2024/11/12 14:21:22] [INFO] [Nao_controller.py:1482]: RKneePitch is in End
[2024/11/12 14:21:22] [INFO] [Nao_controller.py:1521]: RAnklePitch is in End
[2024/11/12 14:21:22] [INFO] [Nao_controller.py:1003]: LHipPitch is in End
[2024/11/12 14:21:22] [INFO] [Nao_controller.py:1081]: LKneePitch is in End
[2024/11/12 14:21:22] [INFO] [Nao_controller.py:1120]: LAnklePitch is in End
[2024/11/12 14:21:22] [INFO] [Nao_controller.py:1404]: RHipPitch is in End
[2024/11/12 14:21:22] [INFO] [Nao_controller.py:1482]: RKneePitch is in End
[2024/11/12 14:21:22] [INFO] [Nao_controller.py:1521]: RAnklePitch is in End
[2024/11/12 14:21:22] [INFO] [Nao_controller.py:1003]: LHipPitch is in End
[2024/11/12 14:21:22] [INFO] [Nao_controller.py:1081]: LKneePitch is in End
[2024/11/12 14:21:22] [INFO] [Nao_controller.py:1120]: LAnklePitch is in End
[2024/11/12 14:21:22] [INFO] [Nao_controller.py:1404]: RHipPitch is in End
[2024/11/12 14:21:22] [INFO] [Nao_controller.py:1482]: RKneePitch is in End
[2024/11/12 14:21:22] [INFO] [Nao_controller.py:1521]: RAnklePitch is in End
[2024/11/12 14:21:23] [INFO] [Nao_controller.py:1003]: LHipPitch is in End
[2024/11/12 14:21:23] [INFO] [Nao_controller.py:1081]: LKneePitch is in End
[2024/11/12 14:21:23] [INFO] [Nao_controller.py:1120]: LAnklePitch is in End
[2024/11/12 14:21:23] [INFO] [Nao_controller.py:1404]: RHipPitch is in End
[2024/11/12 14:21:23] [INFO] [Nao_controller.py:1482]: RKneePitch is in End
[2024/11/12 14:21:23] [INFO] [Nao_controller.py:1521]: RAnklePitch is in End
[2024/11/12 14:21:23] [INFO] [Nao_controller.py:1003]: LHipPitch is in End
[2024/11/12 14:21:23] [INFO] [Nao_controller.py:1081]: LKneePitch is in End
[2024/11/12 14:21:23] [INFO] [Nao_controller.py:1120]: LAnklePitch is in End
[2024/11/12 14:21:23] [INFO] [Nao_controller.py:1404]: RHipPitch is in End
[2024/11/12 14:21:23] [INFO] [Nao_controller.py:1482]: RKneePitch is in End
[2024/11/12 14:21:23] [INFO] [Nao_controller.py:1521]: RAnklePitch is in End
[2024/11/12 14:21:23] [INFO] [Nao_controller.py:1003]: LHipPitch is in End
[2024/11/12 14:21:23] [INFO] [Nao_controller.py:1081]: LKneePitch is in End
[2024/11/12 14:21:23] [INFO] [Nao_controller.py:1120]: LAnklePitch is in End
[2024/11/12 14:21:23] [INFO] [Nao_controller.py:1404]: RHipPitch is in End
[2024/11/12 14:21:23] [INFO] [Nao_controller.py:1482]: RKneePitch is in End
[2024/11/12 14:21:23] [INFO] [Nao_controller.py:1521]: RAnklePitch is in End
[2024/11/12 14:21:23] [INFO] [Nao_controller.py:1003]: LHipPitch is in End
[2024/11/12 14:21:23] [INFO] [Nao_controller.py:1081]: LKneePitch is in End
[2024/11/12 14:21:23] [INFO] [Nao_controller.py:1120]: LAnklePitch is in End
[2024/11/12 14:21:23] [INFO] [Nao_controller.py:1404]: RHipPitch is in End
[2024/11/12 14:21:23] [INFO] [Nao_controller.py:1482]: RKneePitch is in End
[2024/11/12 14:21:23] [INFO] [Nao_controller.py:1521]: RAnklePitch is in End
[2024/11/12 14:21:23] [INFO] [Nao_controller.py:1003]: LHipPitch is in End
[2024/11/12 14:21:23] [INFO] [Nao_controller.py:1081]: LKneePitch is in End
[2024/11/12 14:21:23] [INFO] [Nao_controller.py:1120]: LAnklePitch is in End
[2024/11/12 14:21:23] [INFO] [Nao_controller.py:1404]: RHipPitch is in End
[2024/11/12 14:21:23] [INFO] [Nao_controller.py:1482]: RKneePitch is in End
[2024/11/12 14:21:23] [INFO] [Nao_controller.py:1521]: RAnklePitch is in End
[2024/11/12 14:21:23] [INFO] [Nao_controller.py:1003]: LHipPitch is in End
[2024/11/12 14:21:23] [INFO] [Nao_controller.py:1081]: LKneePitch is in End
[2024/11/12 14:21:23] [INFO] [Nao_controller.py:1120]: LAnklePitch is in End
[2024/11/12 14:21:23] [INFO] [Nao_controller.py:1404]: RHipPitch is in End
[2024/11/12 14:21:23] [INFO] [Nao_controller.py:1482]: RKneePitch is in End
[2024/11/12 14:21:23] [INFO] [Nao_controller.py:1521]: RAnklePitch is in End
[2024/11/12 14:21:23] [INFO] [Nao_controller.py:1003]: LHipPitch is in End
[2024/11/12 14:21:23] [INFO] [Nao_controller.py:1081]: LKneePitch is in End
[2024/11/12 14:21:23] [INFO] [Nao_controller.py:1120]: LAnklePitch is in End
[2024/11/12 14:21:23] [INFO] [Nao_controller.py:1404]: RHipPitch is in End
[2024/11/12 14:21:23] [INFO] [Nao_controller.py:1482]: RKneePitch is in End
[2024/11/12 14:21:23] [INFO] [Nao_controller.py:1521]: RAnklePitch is in End
[2024/11/12 14:21:23] [INFO] [Nao_controller.py:1003]: LHipPitch is in End
[2024/11/12 14:21:23] [INFO] [Nao_controller.py:1081]: LKneePitch is in End
[2024/11/12 14:21:23] [INFO] [Nao_controller.py:1120]: LAnklePitch is in End
[2024/11/12 14:21:23] [INFO] [Nao_controller.py:1404]: RHipPitch is in End
[2024/11/12 14:21:23] [INFO] [Nao_controller.py:1482]: RKneePitch is in End
[2024/11/12 14:21:23] [INFO] [Nao_controller.py:1521]: RAnklePitch is in End
[2024/11/12 14:21:23] [INFO] [Nao_controller.py:1003]: LHipPitch is in End
[2024/11/12 14:21:23] [INFO] [Nao_controller.py:1081]: LKneePitch is in End
[2024/11/12 14:21:23] [INFO] [Nao_controller.py:1120]: LAnklePitch is in End
[2024/11/12 14:21:23] [INFO] [Nao_controller.py:1404]: RHipPitch is in End
[2024/11/12 14:21:23] [INFO] [Nao_controller.py:1482]: RKneePitch is in End
[2024/11/12 14:21:23] [INFO] [Nao_controller.py:1521]: RAnklePitch is in End
[2024/11/12 14:21:23] [INFO] [Nao_controller.py:1003]: LHipPitch is in End
[2024/11/12 14:21:23] [INFO] [Nao_controller.py:1081]: LKneePitch is in End
[2024/11/12 14:21:23] [INFO] [Nao_controller.py:1120]: LAnklePitch is in End
[2024/11/12 14:21:23] [INFO] [Nao_controller.py:1404]: RHipPitch is in End
[2024/11/12 14:21:23] [INFO] [Nao_controller.py:1482]: RKneePitch is in End
[2024/11/12 14:21:23] [INFO] [Nao_controller.py:1521]: RAnklePitch is in End
[2024/11/12 14:21:23] [INFO] [Nao_controller.py:1003]: LHipPitch is in End
[2024/11/12 14:21:23] [INFO] [Nao_controller.py:1081]: LKneePitch is in End
[2024/11/12 14:21:23] [INFO] [Nao_controller.py:1120]: LAnklePitch is in End
[2024/11/12 14:21:23] [INFO] [Nao_controller.py:1404]: RHipPitch is in End
[2024/11/12 14:21:23] [INFO] [Nao_controller.py:1482]: RKneePitch is in End
[2024/11/12 14:21:23] [INFO] [Nao_controller.py:1521]: RAnklePitch is in End
[2024/11/12 14:21:23] [INFO] [Nao_controller.py:1003]: LHipPitch is in End
[2024/11/12 14:21:23] [INFO] [Nao_controller.py:1081]: LKneePitch is in End
[2024/11/12 14:21:23] [INFO] [Nao_controller.py:1120]: LAnklePitch is in End
[2024/11/12 14:21:23] [INFO] [Nao_controller.py:1404]: RHipPitch is in End
[2024/11/12 14:21:23] [INFO] [Nao_controller.py:1482]: RKneePitch is in End
[2024/11/12 14:21:23] [INFO] [Nao_controller.py:1521]: RAnklePitch is in End
[2024/11/12 14:21:23] [INFO] [Nao_controller.py:1003]: LHipPitch is in End
[2024/11/12 14:21:23] [INFO] [Nao_controller.py:1081]: LKneePitch is in End
[2024/11/12 14:21:23] [INFO] [Nao_controller.py:1120]: LAnklePitch is in End
[2024/11/12 14:21:23] [INFO] [Nao_controller.py:1404]: RHipPitch is in End
[2024/11/12 14:21:23] [INFO] [Nao_controller.py:1482]: RKneePitch is in End
[2024/11/12 14:21:23] [INFO] [Nao_controller.py:1521]: RAnklePitch is in End
[2024/11/12 14:21:23] [INFO] [Nao_controller.py:1003]: LHipPitch is in End
[2024/11/12 14:21:23] [INFO] [Nao_controller.py:1081]: LKneePitch is in End
[2024/11/12 14:21:23] [INFO] [Nao_controller.py:1120]: LAnklePitch is in End
[2024/11/12 14:21:23] [INFO] [Nao_controller.py:1404]: RHipPitch is in End
[2024/11/12 14:21:23] [INFO] [Nao_controller.py:1482]: RKneePitch is in End
[2024/11/12 14:21:23] [INFO] [Nao_controller.py:1521]: RAnklePitch is in End
[2024/11/12 14:21:23] [INFO] [Nao_controller.py:1003]: LHipPitch is in End
[2024/11/12 14:21:23] [INFO] [Nao_controller.py:1081]: LKneePitch is in End
[2024/11/12 14:21:23] [INFO] [Nao_controller.py:1120]: LAnklePitch is in End
[2024/11/12 14:21:23] [INFO] [Nao_controller.py:1404]: RHipPitch is in End
[2024/11/12 14:21:23] [INFO] [Nao_controller.py:1482]: RKneePitch is in End
[2024/11/12 14:21:23] [INFO] [Nao_controller.py:1521]: RAnklePitch is in End
[2024/11/12 14:21:23] [INFO] [Nao_controller.py:1003]: LHipPitch is in End
[2024/11/12 14:21:23] [INFO] [Nao_controller.py:1081]: LKneePitch is in End
[2024/11/12 14:21:23] [INFO] [Nao_controller.py:1120]: LAnklePitch is in End
[2024/11/12 14:21:23] [INFO] [Nao_controller.py:1404]: RHipPitch is in End
[2024/11/12 14:21:23] [INFO] [Nao_controller.py:1482]: RKneePitch is in End
[2024/11/12 14:21:23] [INFO] [Nao_controller.py:1521]: RAnklePitch is in End
[2024/11/12 14:21:23] [INFO] [Nao_controller.py:1003]: LHipPitch is in End
[2024/11/12 14:21:23] [INFO] [Nao_controller.py:1081]: LKneePitch is in End
[2024/11/12 14:21:23] [INFO] [Nao_controller.py:1120]: LAnklePitch is in End
[2024/11/12 14:21:23] [INFO] [Nao_controller.py:1404]: RHipPitch is in End
[2024/11/12 14:21:23] [INFO] [Nao_controller.py:1482]: RKneePitch is in End
[2024/11/12 14:21:23] [INFO] [Nao_controller.py:1521]: RAnklePitch is in End
[2024/11/12 14:21:23] [INFO] [Nao_controller.py:1003]: LHipPitch is in End
[2024/11/12 14:21:23] [INFO] [Nao_controller.py:1081]: LKneePitch is in End
[2024/11/12 14:21:23] [INFO] [Nao_controller.py:1120]: LAnklePitch is in End
[2024/11/12 14:21:23] [INFO] [Nao_controller.py:1404]: RHipPitch is in End
[2024/11/12 14:21:23] [INFO] [Nao_controller.py:1482]: RKneePitch is in End
[2024/11/12 14:21:23] [INFO] [Nao_controller.py:1521]: RAnklePitch is in End
[2024/11/12 14:21:23] [INFO] [Nao_controller.py:1003]: LHipPitch is in End
[2024/11/12 14:21:23] [INFO] [Nao_controller.py:1081]: LKneePitch is in End
[2024/11/12 14:21:23] [INFO] [Nao_controller.py:1120]: LAnklePitch is in End
[2024/11/12 14:21:23] [INFO] [Nao_controller.py:1404]: RHipPitch is in End
[2024/11/12 14:21:23] [INFO] [Nao_controller.py:1482]: RKneePitch is in End
[2024/11/12 14:21:23] [INFO] [Nao_controller.py:1521]: RAnklePitch is in End
[2024/11/12 14:21:23] [INFO] [Nao_controller.py:1003]: LHipPitch is in End
[2024/11/12 14:21:23] [INFO] [Nao_controller.py:1081]: LKneePitch is in End
[2024/11/12 14:21:23] [INFO] [Nao_controller.py:1120]: LAnklePitch is in End
[2024/11/12 14:21:23] [INFO] [Nao_controller.py:1404]: RHipPitch is in End
[2024/11/12 14:21:23] [INFO] [Nao_controller.py:1482]: RKneePitch is in End
[2024/11/12 14:21:23] [INFO] [Nao_controller.py:1521]: RAnklePitch is in End
[2024/11/12 14:21:23] [INFO] [Nao_controller.py:1003]: LHipPitch is in End
[2024/11/12 14:21:23] [INFO] [Nao_controller.py:1081]: LKneePitch is in End
[2024/11/12 14:21:23] [INFO] [Nao_controller.py:1120]: LAnklePitch is in End
[2024/11/12 14:21:23] [INFO] [Nao_controller.py:1404]: RHipPitch is in End
[2024/11/12 14:21:23] [INFO] [Nao_controller.py:1482]: RKneePitch is in End
[2024/11/12 14:21:23] [INFO] [Nao_controller.py:1521]: RAnklePitch is in End
[2024/11/12 14:21:23] [INFO] [Nao_controller.py:1003]: LHipPitch is in End
[2024/11/12 14:21:23] [INFO] [Nao_controller.py:1081]: LKneePitch is in End
[2024/11/12 14:21:23] [INFO] [Nao_controller.py:1120]: LAnklePitch is in End
[2024/11/12 14:21:23] [INFO] [Nao_controller.py:1404]: RHipPitch is in End
[2024/11/12 14:21:23] [INFO] [Nao_controller.py:1482]: RKneePitch is in End
[2024/11/12 14:21:23] [INFO] [Nao_controller.py:1521]: RAnklePitch is in End
[2024/11/12 14:21:23] [INFO] [Nao_controller.py:1003]: LHipPitch is in End
[2024/11/12 14:21:23] [INFO] [Nao_controller.py:1081]: LKneePitch is in End
[2024/11/12 14:21:23] [INFO] [Nao_controller.py:1120]: LAnklePitch is in End
[2024/11/12 14:21:23] [INFO] [Nao_controller.py:1404]: RHipPitch is in End
[2024/11/12 14:21:23] [INFO] [Nao_controller.py:1482]: RKneePitch is in End
[2024/11/12 14:21:23] [INFO] [Nao_controller.py:1521]: RAnklePitch is in End
[2024/11/12 14:21:23] [INFO] [Nao_controller.py:1003]: LHipPitch is in End
[2024/11/12 14:21:23] [INFO] [Nao_controller.py:1081]: LKneePitch is in End
[2024/11/12 14:21:23] [INFO] [Nao_controller.py:1120]: LAnklePitch is in End
[2024/11/12 14:21:23] [INFO] [Nao_controller.py:1404]: RHipPitch is in End
[2024/11/12 14:21:23] [INFO] [Nao_controller.py:1482]: RKneePitch is in End
[2024/11/12 14:21:23] [INFO] [Nao_controller.py:1521]: RAnklePitch is in End
[2024/11/12 14:21:23] [INFO] [Nao_controller.py:1003]: LHipPitch is in End
[2024/11/12 14:21:23] [INFO] [Nao_controller.py:1081]: LKneePitch is in End
[2024/11/12 14:21:23] [INFO] [Nao_controller.py:1120]: LAnklePitch is in End
[2024/11/12 14:21:23] [INFO] [Nao_controller.py:1404]: RHipPitch is in End
[2024/11/12 14:21:23] [INFO] [Nao_controller.py:1482]: RKneePitch is in End
[2024/11/12 14:21:23] [INFO] [Nao_controller.py:1521]: RAnklePitch is in End
[2024/11/12 14:21:23] [INFO] [Nao_controller.py:1003]: LHipPitch is in End
[2024/11/12 14:21:23] [INFO] [Nao_controller.py:1081]: LKneePitch is in End
[2024/11/12 14:21:23] [INFO] [Nao_controller.py:1120]: LAnklePitch is in End
[2024/11/12 14:21:23] [INFO] [Nao_controller.py:1404]: RHipPitch is in End
[2024/11/12 14:21:23] [INFO] [Nao_controller.py:1482]: RKneePitch is in End
[2024/11/12 14:21:23] [INFO] [Nao_controller.py:1521]: RAnklePitch is in End
[2024/11/12 14:21:23] [INFO] [Nao_controller.py:1003]: LHipPitch is in End
[2024/11/12 14:21:23] [INFO] [Nao_controller.py:1081]: LKneePitch is in End
[2024/11/12 14:21:23] [INFO] [Nao_controller.py:1120]: LAnklePitch is in End
[2024/11/12 14:21:23] [INFO] [Nao_controller.py:1404]: RHipPitch is in End
[2024/11/12 14:21:23] [INFO] [Nao_controller.py:1482]: RKneePitch is in End
[2024/11/12 14:21:23] [INFO] [Nao_controller.py:1521]: RAnklePitch is in End
[2024/11/12 14:21:23] [INFO] [Nao_controller.py:1003]: LHipPitch is in End
[2024/11/12 14:21:23] [INFO] [Nao_controller.py:1081]: LKneePitch is in End
[2024/11/12 14:21:23] [INFO] [Nao_controller.py:1120]: LAnklePitch is in End
[2024/11/12 14:21:23] [INFO] [Nao_controller.py:1404]: RHipPitch is in End
[2024/11/12 14:21:23] [INFO] [Nao_controller.py:1482]: RKneePitch is in End
[2024/11/12 14:21:23] [INFO] [Nao_controller.py:1521]: RAnklePitch is in End
[2024/11/12 14:21:23] [INFO] [Nao_controller.py:1003]: LHipPitch is in End
[2024/11/12 14:21:23] [INFO] [Nao_controller.py:1081]: LKneePitch is in End
[2024/11/12 14:21:23] [INFO] [Nao_controller.py:1120]: LAnklePitch is in End
[2024/11/12 14:21:23] [INFO] [Nao_controller.py:1404]: RHipPitch is in End
[2024/11/12 14:21:23] [INFO] [Nao_controller.py:1482]: RKneePitch is in End
[2024/11/12 14:21:23] [INFO] [Nao_controller.py:1521]: RAnklePitch is in End
[2024/11/12 14:21:23] [INFO] [Nao_controller.py:1003]: LHipPitch is in End
[2024/11/12 14:21:23] [INFO] [Nao_controller.py:1081]: LKneePitch is in End
[2024/11/12 14:21:23] [INFO] [Nao_controller.py:1120]: LAnklePitch is in End
[2024/11/12 14:21:23] [INFO] [Nao_controller.py:1404]: RHipPitch is in End
[2024/11/12 14:21:23] [INFO] [Nao_controller.py:1482]: RKneePitch is in End
[2024/11/12 14:21:23] [INFO] [Nao_controller.py:1521]: RAnklePitch is in End
[2024/11/12 14:21:23] [INFO] [Nao_controller.py:1003]: LHipPitch is in End
[2024/11/12 14:21:23] [INFO] [Nao_controller.py:1081]: LKneePitch is in End
[2024/11/12 14:21:23] [INFO] [Nao_controller.py:1120]: LAnklePitch is in End
[2024/11/12 14:21:23] [INFO] [Nao_controller.py:1404]: RHipPitch is in End
[2024/11/12 14:21:23] [INFO] [Nao_controller.py:1482]: RKneePitch is in End
[2024/11/12 14:21:23] [INFO] [Nao_controller.py:1521]: RAnklePitch is in End
[2024/11/12 14:21:24] [INFO] [Nao_controller.py:1003]: LHipPitch is in End
[2024/11/12 14:21:24] [INFO] [Nao_controller.py:1081]: LKneePitch is in End
[2024/11/12 14:21:24] [INFO] [Nao_controller.py:1120]: LAnklePitch is in End
[2024/11/12 14:21:24] [INFO] [Nao_controller.py:1404]: RHipPitch is in End
[2024/11/12 14:21:24] [INFO] [Nao_controller.py:1482]: RKneePitch is in End
[2024/11/12 14:21:24] [INFO] [Nao_controller.py:1521]: RAnklePitch is in End
[2024/11/12 14:21:24] [INFO] [Nao_controller.py:1003]: LHipPitch is in End
[2024/11/12 14:21:24] [INFO] [Nao_controller.py:1081]: LKneePitch is in End
[2024/11/12 14:21:24] [INFO] [Nao_controller.py:1120]: LAnklePitch is in End
[2024/11/12 14:21:24] [INFO] [Nao_controller.py:1404]: RHipPitch is in End
[2024/11/12 14:21:24] [INFO] [Nao_controller.py:1482]: RKneePitch is in End
[2024/11/12 14:21:24] [INFO] [Nao_controller.py:1521]: RAnklePitch is in End
[2024/11/12 14:21:24] [INFO] [Nao_controller.py:1003]: LHipPitch is in End
[2024/11/12 14:21:24] [INFO] [Nao_controller.py:1081]: LKneePitch is in End
[2024/11/12 14:21:24] [INFO] [Nao_controller.py:1120]: LAnklePitch is in End
[2024/11/12 14:21:24] [INFO] [Nao_controller.py:1404]: RHipPitch is in End
[2024/11/12 14:21:24] [INFO] [Nao_controller.py:1482]: RKneePitch is in End
[2024/11/12 14:21:24] [INFO] [Nao_controller.py:1521]: RAnklePitch is in End
[2024/11/12 14:21:24] [INFO] [Nao_controller.py:1003]: LHipPitch is in End
[2024/11/12 14:21:24] [INFO] [Nao_controller.py:1081]: LKneePitch is in End
[2024/11/12 14:21:24] [INFO] [Nao_controller.py:1120]: LAnklePitch is in End
[2024/11/12 14:21:24] [INFO] [Nao_controller.py:1404]: RHipPitch is in End
[2024/11/12 14:21:24] [INFO] [Nao_controller.py:1482]: RKneePitch is in End
[2024/11/12 14:21:24] [INFO] [Nao_controller.py:1521]: RAnklePitch is in End
[2024/11/12 14:21:24] [INFO] [Nao_controller.py:1003]: LHipPitch is in End
[2024/11/12 14:21:24] [INFO] [Nao_controller.py:1081]: LKneePitch is in End
[2024/11/12 14:21:24] [INFO] [Nao_controller.py:1120]: LAnklePitch is in End
[2024/11/12 14:21:24] [INFO] [Nao_controller.py:1404]: RHipPitch is in End
[2024/11/12 14:21:24] [INFO] [Nao_controller.py:1482]: RKneePitch is in End
[2024/11/12 14:21:24] [INFO] [Nao_controller.py:1521]: RAnklePitch is in End
[2024/11/12 14:21:24] [INFO] [Nao_controller.py:1003]: LHipPitch is in End
[2024/11/12 14:21:24] [INFO] [Nao_controller.py:1081]: LKneePitch is in End
[2024/11/12 14:21:24] [INFO] [Nao_controller.py:1120]: LAnklePitch is in End
[2024/11/12 14:21:24] [INFO] [Nao_controller.py:1404]: RHipPitch is in End
[2024/11/12 14:21:24] [INFO] [Nao_controller.py:1482]: RKneePitch is in End
[2024/11/12 14:21:24] [INFO] [Nao_controller.py:1521]: RAnklePitch is in End
[2024/11/12 14:21:24] [INFO] [Nao_controller.py:1003]: LHipPitch is in End
[2024/11/12 14:21:24] [INFO] [Nao_controller.py:1081]: LKneePitch is in End
[2024/11/12 14:21:24] [INFO] [Nao_controller.py:1120]: LAnklePitch is in End
[2024/11/12 14:21:24] [INFO] [Nao_controller.py:1404]: RHipPitch is in End
[2024/11/12 14:21:24] [INFO] [Nao_controller.py:1482]: RKneePitch is in End
[2024/11/12 14:21:24] [INFO] [Nao_controller.py:1521]: RAnklePitch is in End
[2024/11/12 14:21:24] [INFO] [Nao_controller.py:1003]: LHipPitch is in End
[2024/11/12 14:21:24] [INFO] [Nao_controller.py:1081]: LKneePitch is in End
[2024/11/12 14:21:24] [INFO] [Nao_controller.py:1120]: LAnklePitch is in End
[2024/11/12 14:21:24] [INFO] [Nao_controller.py:1404]: RHipPitch is in End
[2024/11/12 14:21:24] [INFO] [Nao_controller.py:1482]: RKneePitch is in End
[2024/11/12 14:21:24] [INFO] [Nao_controller.py:1521]: RAnklePitch is in End
[2024/11/12 14:21:24] [INFO] [Nao_controller.py:1003]: LHipPitch is in End
[2024/11/12 14:21:24] [INFO] [Nao_controller.py:1081]: LKneePitch is in End
[2024/11/12 14:21:24] [INFO] [Nao_controller.py:1120]: LAnklePitch is in End
[2024/11/12 14:21:24] [INFO] [Nao_controller.py:1404]: RHipPitch is in End
[2024/11/12 14:21:24] [INFO] [Nao_controller.py:1482]: RKneePitch is in End
[2024/11/12 14:21:24] [INFO] [Nao_controller.py:1521]: RAnklePitch is in End
[2024/11/12 14:21:24] [INFO] [Nao_controller.py:1003]: LHipPitch is in End
[2024/11/12 14:21:24] [INFO] [Nao_controller.py:1081]: LKneePitch is in End
[2024/11/12 14:21:24] [INFO] [Nao_controller.py:1120]: LAnklePitch is in End
[2024/11/12 14:21:24] [INFO] [Nao_controller.py:1404]: RHipPitch is in End
[2024/11/12 14:21:24] [INFO] [Nao_controller.py:1482]: RKneePitch is in End
[2024/11/12 14:21:24] [INFO] [Nao_controller.py:1521]: RAnklePitch is in End
[2024/11/12 14:21:24] [INFO] [Nao_controller.py:1003]: LHipPitch is in End
[2024/11/12 14:21:24] [INFO] [Nao_controller.py:1081]: LKneePitch is in End
[2024/11/12 14:21:24] [INFO] [Nao_controller.py:1120]: LAnklePitch is in End
[2024/11/12 14:21:24] [INFO] [Nao_controller.py:1404]: RHipPitch is in End
[2024/11/12 14:21:24] [INFO] [Nao_controller.py:1482]: RKneePitch is in End
[2024/11/12 14:21:24] [INFO] [Nao_controller.py:1521]: RAnklePitch is in End
[2024/11/12 14:21:24] [INFO] [Nao_controller.py:1003]: LHipPitch is in End
[2024/11/12 14:21:24] [INFO] [Nao_controller.py:1081]: LKneePitch is in End
[2024/11/12 14:21:24] [INFO] [Nao_controller.py:1120]: LAnklePitch is in End
[2024/11/12 14:21:24] [INFO] [Nao_controller.py:1404]: RHipPitch is in End
[2024/11/12 14:21:24] [INFO] [Nao_controller.py:1482]: RKneePitch is in End
[2024/11/12 14:21:24] [INFO] [Nao_controller.py:1521]: RAnklePitch is in End
[2024/11/12 14:21:24] [INFO] [Nao_controller.py:1003]: LHipPitch is in End
[2024/11/12 14:21:24] [INFO] [Nao_controller.py:1081]: LKneePitch is in End
[2024/11/12 14:21:24] [INFO] [Nao_controller.py:1120]: LAnklePitch is in End
[2024/11/12 14:21:24] [INFO] [Nao_controller.py:1404]: RHipPitch is in End
[2024/11/12 14:21:24] [INFO] [Nao_controller.py:1482]: RKneePitch is in End
[2024/11/12 14:21:24] [INFO] [Nao_controller.py:1521]: RAnklePitch is in End
[2024/11/12 14:21:24] [INFO] [Nao_controller.py:1003]: LHipPitch is in End
[2024/11/12 14:21:24] [INFO] [Nao_controller.py:1081]: LKneePitch is in End
[2024/11/12 14:21:24] [INFO] [Nao_controller.py:1120]: LAnklePitch is in End
[2024/11/12 14:21:24] [INFO] [Nao_controller.py:1404]: RHipPitch is in End
[2024/11/12 14:21:24] [INFO] [Nao_controller.py:1482]: RKneePitch is in End
[2024/11/12 14:21:24] [INFO] [Nao_controller.py:1521]: RAnklePitch is in End
[2024/11/12 14:21:24] [INFO] [Nao_controller.py:1003]: LHipPitch is in End
[2024/11/12 14:21:24] [INFO] [Nao_controller.py:1081]: LKneePitch is in End
[2024/11/12 14:21:24] [INFO] [Nao_controller.py:1120]: LAnklePitch is in End
[2024/11/12 14:21:24] [INFO] [Nao_controller.py:1404]: RHipPitch is in End
[2024/11/12 14:21:24] [INFO] [Nao_controller.py:1482]: RKneePitch is in End
[2024/11/12 14:21:24] [INFO] [Nao_controller.py:1521]: RAnklePitch is in End
[2024/11/12 14:21:24] [INFO] [Nao_controller.py:1003]: LHipPitch is in End
[2024/11/12 14:21:24] [INFO] [Nao_controller.py:1081]: LKneePitch is in End
[2024/11/12 14:21:24] [INFO] [Nao_controller.py:1120]: LAnklePitch is in End
[2024/11/12 14:21:24] [INFO] [Nao_controller.py:1404]: RHipPitch is in End
[2024/11/12 14:21:24] [INFO] [Nao_controller.py:1482]: RKneePitch is in End
[2024/11/12 14:21:24] [INFO] [Nao_controller.py:1521]: RAnklePitch is in End
[2024/11/12 14:21:24] [INFO] [Nao_controller.py:1003]: LHipPitch is in End
[2024/11/12 14:21:24] [INFO] [Nao_controller.py:1081]: LKneePitch is in End
[2024/11/12 14:21:24] [INFO] [Nao_controller.py:1120]: LAnklePitch is in End
[2024/11/12 14:21:24] [INFO] [Nao_controller.py:1404]: RHipPitch is in End
[2024/11/12 14:21:24] [INFO] [Nao_controller.py:1482]: RKneePitch is in End
[2024/11/12 14:21:24] [INFO] [Nao_controller.py:1521]: RAnklePitch is in End
[2024/11/12 14:21:24] [INFO] [Nao_controller.py:1003]: LHipPitch is in End
[2024/11/12 14:21:24] [INFO] [Nao_controller.py:1081]: LKneePitch is in End
[2024/11/12 14:21:24] [INFO] [Nao_controller.py:1120]: LAnklePitch is in End
[2024/11/12 14:21:24] [INFO] [Nao_controller.py:1404]: RHipPitch is in End
[2024/11/12 14:21:24] [INFO] [Nao_controller.py:1482]: RKneePitch is in End
[2024/11/12 14:21:24] [INFO] [Nao_controller.py:1521]: RAnklePitch is in End
[2024/11/12 14:21:24] [INFO] [Nao_controller.py:1003]: LHipPitch is in End
[2024/11/12 14:21:24] [INFO] [Nao_controller.py:1081]: LKneePitch is in End
[2024/11/12 14:21:24] [INFO] [Nao_controller.py:1120]: LAnklePitch is in End
[2024/11/12 14:21:24] [INFO] [Nao_controller.py:1404]: RHipPitch is in End
[2024/11/12 14:21:24] [INFO] [Nao_controller.py:1482]: RKneePitch is in End
[2024/11/12 14:21:24] [INFO] [Nao_controller.py:1521]: RAnklePitch is in End
[2024/11/12 14:21:24] [INFO] [Nao_controller.py:1003]: LHipPitch is in End
[2024/11/12 14:21:24] [INFO] [Nao_controller.py:1081]: LKneePitch is in End
[2024/11/12 14:21:24] [INFO] [Nao_controller.py:1120]: LAnklePitch is in End
[2024/11/12 14:21:24] [INFO] [Nao_controller.py:1404]: RHipPitch is in End
[2024/11/12 14:21:24] [INFO] [Nao_controller.py:1482]: RKneePitch is in End
[2024/11/12 14:21:24] [INFO] [Nao_controller.py:1521]: RAnklePitch is in End
[2024/11/12 14:21:24] [INFO] [Nao_controller.py:1003]: LHipPitch is in End
[2024/11/12 14:21:24] [INFO] [Nao_controller.py:1081]: LKneePitch is in End
[2024/11/12 14:21:24] [INFO] [Nao_controller.py:1120]: LAnklePitch is in End
[2024/11/12 14:21:24] [INFO] [Nao_controller.py:1404]: RHipPitch is in End
[2024/11/12 14:21:24] [INFO] [Nao_controller.py:1482]: RKneePitch is in End
[2024/11/12 14:21:24] [INFO] [Nao_controller.py:1521]: RAnklePitch is in End
[2024/11/12 14:21:24] [INFO] [Nao_controller.py:1003]: LHipPitch is in End
[2024/11/12 14:21:24] [INFO] [Nao_controller.py:1081]: LKneePitch is in End
[2024/11/12 14:21:24] [INFO] [Nao_controller.py:1120]: LAnklePitch is in End
[2024/11/12 14:21:24] [INFO] [Nao_controller.py:1404]: RHipPitch is in End
[2024/11/12 14:21:24] [INFO] [Nao_controller.py:1482]: RKneePitch is in End
[2024/11/12 14:21:24] [INFO] [Nao_controller.py:1521]: RAnklePitch is in End
[2024/11/12 14:21:24] [INFO] [Nao_controller.py:1003]: LHipPitch is in End
[2024/11/12 14:21:24] [INFO] [Nao_controller.py:1081]: LKneePitch is in End
[2024/11/12 14:21:24] [INFO] [Nao_controller.py:1120]: LAnklePitch is in End
[2024/11/12 14:21:24] [INFO] [Nao_controller.py:1404]: RHipPitch is in End
[2024/11/12 14:21:24] [INFO] [Nao_controller.py:1482]: RKneePitch is in End
[2024/11/12 14:21:24] [INFO] [Nao_controller.py:1521]: RAnklePitch is in End
[2024/11/12 14:21:24] [INFO] [Nao_controller.py:1003]: LHipPitch is in End
[2024/11/12 14:21:24] [INFO] [Nao_controller.py:1081]: LKneePitch is in End
[2024/11/12 14:21:24] [INFO] [Nao_controller.py:1120]: LAnklePitch is in End
[2024/11/12 14:21:24] [INFO] [Nao_controller.py:1404]: RHipPitch is in End
[2024/11/12 14:21:24] [INFO] [Nao_controller.py:1482]: RKneePitch is in End
[2024/11/12 14:21:24] [INFO] [Nao_controller.py:1521]: RAnklePitch is in End
[2024/11/12 14:21:24] [INFO] [Nao_controller.py:1003]: LHipPitch is in End
[2024/11/12 14:21:24] [INFO] [Nao_controller.py:1081]: LKneePitch is in End
[2024/11/12 14:21:24] [INFO] [Nao_controller.py:1120]: LAnklePitch is in End
[2024/11/12 14:21:24] [INFO] [Nao_controller.py:1404]: RHipPitch is in End
[2024/11/12 14:21:24] [INFO] [Nao_controller.py:1482]: RKneePitch is in End
[2024/11/12 14:21:24] [INFO] [Nao_controller.py:1521]: RAnklePitch is in End
[2024/11/12 14:21:24] [INFO] [Nao_controller.py:1003]: LHipPitch is in End
[2024/11/12 14:21:24] [INFO] [Nao_controller.py:1081]: LKneePitch is in End
[2024/11/12 14:21:24] [INFO] [Nao_controller.py:1120]: LAnklePitch is in End
[2024/11/12 14:21:24] [INFO] [Nao_controller.py:1404]: RHipPitch is in End
[2024/11/12 14:21:24] [INFO] [Nao_controller.py:1482]: RKneePitch is in End
[2024/11/12 14:21:24] [INFO] [Nao_controller.py:1521]: RAnklePitch is in End
[2024/11/12 14:21:24] [INFO] [Nao_controller.py:1003]: LHipPitch is in End
[2024/11/12 14:21:24] [INFO] [Nao_controller.py:1081]: LKneePitch is in End
[2024/11/12 14:21:24] [INFO] [Nao_controller.py:1120]: LAnklePitch is in End
[2024/11/12 14:21:24] [INFO] [Nao_controller.py:1404]: RHipPitch is in End
[2024/11/12 14:21:24] [INFO] [Nao_controller.py:1482]: RKneePitch is in End
[2024/11/12 14:21:24] [INFO] [Nao_controller.py:1521]: RAnklePitch is in End
[2024/11/12 14:21:24] [INFO] [Nao_controller.py:1003]: LHipPitch is in End
[2024/11/12 14:21:24] [INFO] [Nao_controller.py:1081]: LKneePitch is in End
[2024/11/12 14:21:24] [INFO] [Nao_controller.py:1120]: LAnklePitch is in End
[2024/11/12 14:21:24] [INFO] [Nao_controller.py:1404]: RHipPitch is in End
[2024/11/12 14:21:24] [INFO] [Nao_controller.py:1482]: RKneePitch is in End
[2024/11/12 14:21:24] [INFO] [Nao_controller.py:1521]: RAnklePitch is in End
[2024/11/12 14:21:24] [INFO] [Nao_controller.py:1003]: LHipPitch is in End
[2024/11/12 14:21:24] [INFO] [Nao_controller.py:1081]: LKneePitch is in End
[2024/11/12 14:21:24] [INFO] [Nao_controller.py:1120]: LAnklePitch is in End
[2024/11/12 14:21:24] [INFO] [Nao_controller.py:1404]: RHipPitch is in End
[2024/11/12 14:21:24] [INFO] [Nao_controller.py:1482]: RKneePitch is in End
[2024/11/12 14:21:24] [INFO] [Nao_controller.py:1521]: RAnklePitch is in End
[2024/11/12 14:21:24] [INFO] [Nao_controller.py:1003]: LHipPitch is in End
[2024/11/12 14:21:24] [INFO] [Nao_controller.py:1081]: LKneePitch is in End
[2024/11/12 14:21:24] [INFO] [Nao_controller.py:1120]: LAnklePitch is in End
[2024/11/12 14:21:24] [INFO] [Nao_controller.py:1404]: RHipPitch is in End
[2024/11/12 14:21:24] [INFO] [Nao_controller.py:1482]: RKneePitch is in End
[2024/11/12 14:21:24] [INFO] [Nao_controller.py:1521]: RAnklePitch is in End
[2024/11/12 14:21:24] [INFO] [Nao_controller.py:1003]: LHipPitch is in End
[2024/11/12 14:21:24] [INFO] [Nao_controller.py:1081]: LKneePitch is in End
[2024/11/12 14:21:24] [INFO] [Nao_controller.py:1120]: LAnklePitch is in End
[2024/11/12 14:21:24] [INFO] [Nao_controller.py:1404]: RHipPitch is in End
[2024/11/12 14:21:24] [INFO] [Nao_controller.py:1482]: RKneePitch is in End
[2024/11/12 14:21:24] [INFO] [Nao_controller.py:1521]: RAnklePitch is in End
[2024/11/12 14:21:25] [INFO] [Nao_controller.py:1003]: LHipPitch is in End
[2024/11/12 14:21:25] [INFO] [Nao_controller.py:1081]: LKneePitch is in End
[2024/11/12 14:21:25] [INFO] [Nao_controller.py:1120]: LAnklePitch is in End
[2024/11/12 14:21:25] [INFO] [Nao_controller.py:1404]: RHipPitch is in End
[2024/11/12 14:21:25] [INFO] [Nao_controller.py:1482]: RKneePitch is in End
[2024/11/12 14:21:25] [INFO] [Nao_controller.py:1521]: RAnklePitch is in End
[2024/11/12 14:21:25] [INFO] [Nao_controller.py:1003]: LHipPitch is in End
[2024/11/12 14:21:25] [INFO] [Nao_controller.py:1081]: LKneePitch is in End
[2024/11/12 14:21:25] [INFO] [Nao_controller.py:1120]: LAnklePitch is in End
[2024/11/12 14:21:25] [INFO] [Nao_controller.py:1404]: RHipPitch is in End
[2024/11/12 14:21:25] [INFO] [Nao_controller.py:1482]: RKneePitch is in End
[2024/11/12 14:21:25] [INFO] [Nao_controller.py:1521]: RAnklePitch is in End
[2024/11/12 14:21:25] [INFO] [Nao_controller.py:1003]: LHipPitch is in End
[2024/11/12 14:21:25] [INFO] [Nao_controller.py:1081]: LKneePitch is in End
[2024/11/12 14:21:25] [INFO] [Nao_controller.py:1120]: LAnklePitch is in End
[2024/11/12 14:21:25] [INFO] [Nao_controller.py:1404]: RHipPitch is in End
[2024/11/12 14:21:25] [INFO] [Nao_controller.py:1482]: RKneePitch is in End
[2024/11/12 14:21:25] [INFO] [Nao_controller.py:1521]: RAnklePitch is in End
[2024/11/12 14:21:25] [INFO] [Nao_controller.py:1003]: LHipPitch is in End
[2024/11/12 14:21:25] [INFO] [Nao_controller.py:1081]: LKneePitch is in End
[2024/11/12 14:21:25] [INFO] [Nao_controller.py:1120]: LAnklePitch is in End
[2024/11/12 14:21:25] [INFO] [Nao_controller.py:1404]: RHipPitch is in End
[2024/11/12 14:21:25] [INFO] [Nao_controller.py:1482]: RKneePitch is in End
[2024/11/12 14:21:25] [INFO] [Nao_controller.py:1521]: RAnklePitch is in End
[2024/11/12 14:21:25] [INFO] [Nao_controller.py:1003]: LHipPitch is in End
[2024/11/12 14:21:25] [INFO] [Nao_controller.py:1081]: LKneePitch is in End
[2024/11/12 14:21:25] [INFO] [Nao_controller.py:1120]: LAnklePitch is in End
[2024/11/12 14:21:25] [INFO] [Nao_controller.py:1404]: RHipPitch is in End
[2024/11/12 14:21:25] [INFO] [Nao_controller.py:1482]: RKneePitch is in End
[2024/11/12 14:21:25] [INFO] [Nao_controller.py:1521]: RAnklePitch is in End
[2024/11/12 14:21:25] [INFO] [Nao_controller.py:1003]: LHipPitch is in End
[2024/11/12 14:21:25] [INFO] [Nao_controller.py:1081]: LKneePitch is in End
[2024/11/12 14:21:25] [INFO] [Nao_controller.py:1120]: LAnklePitch is in End
[2024/11/12 14:21:25] [INFO] [Nao_controller.py:1404]: RHipPitch is in End
[2024/11/12 14:21:25] [INFO] [Nao_controller.py:1482]: RKneePitch is in End
[2024/11/12 14:21:25] [INFO] [Nao_controller.py:1521]: RAnklePitch is in End
[2024/11/12 14:21:25] [INFO] [Nao_controller.py:1003]: LHipPitch is in End
[2024/11/12 14:21:25] [INFO] [Nao_controller.py:1081]: LKneePitch is in End
[2024/11/12 14:21:25] [INFO] [Nao_controller.py:1120]: LAnklePitch is in End
[2024/11/12 14:21:25] [INFO] [Nao_controller.py:1404]: RHipPitch is in End
[2024/11/12 14:21:25] [INFO] [Nao_controller.py:1482]: RKneePitch is in End
[2024/11/12 14:21:25] [INFO] [Nao_controller.py:1521]: RAnklePitch is in End
[2024/11/12 14:21:25] [INFO] [Nao_controller.py:1003]: LHipPitch is in End
[2024/11/12 14:21:25] [INFO] [Nao_controller.py:1081]: LKneePitch is in End
[2024/11/12 14:21:25] [INFO] [Nao_controller.py:1120]: LAnklePitch is in End
[2024/11/12 14:21:25] [INFO] [Nao_controller.py:1404]: RHipPitch is in End
[2024/11/12 14:21:25] [INFO] [Nao_controller.py:1482]: RKneePitch is in End
[2024/11/12 14:21:25] [INFO] [Nao_controller.py:1521]: RAnklePitch is in End
[2024/11/12 14:21:25] [INFO] [Nao_controller.py:1003]: LHipPitch is in End
[2024/11/12 14:21:25] [INFO] [Nao_controller.py:1081]: LKneePitch is in End
[2024/11/12 14:21:25] [INFO] [Nao_controller.py:1120]: LAnklePitch is in End
[2024/11/12 14:21:25] [INFO] [Nao_controller.py:1404]: RHipPitch is in End
[2024/11/12 14:21:25] [INFO] [Nao_controller.py:1482]: RKneePitch is in End
[2024/11/12 14:21:25] [INFO] [Nao_controller.py:1521]: RAnklePitch is in End
[2024/11/12 14:21:25] [INFO] [Nao_controller.py:1003]: LHipPitch is in End
[2024/11/12 14:21:25] [INFO] [Nao_controller.py:1081]: LKneePitch is in End
[2024/11/12 14:21:25] [INFO] [Nao_controller.py:1120]: LAnklePitch is in End
[2024/11/12 14:21:25] [INFO] [Nao_controller.py:1404]: RHipPitch is in End
[2024/11/12 14:21:25] [INFO] [Nao_controller.py:1482]: RKneePitch is in End
[2024/11/12 14:21:25] [INFO] [Nao_controller.py:1521]: RAnklePitch is in End
[2024/11/12 14:21:25] [INFO] [Nao_controller.py:1003]: LHipPitch is in End
[2024/11/12 14:21:25] [INFO] [Nao_controller.py:1081]: LKneePitch is in End
[2024/11/12 14:21:25] [INFO] [Nao_controller.py:1120]: LAnklePitch is in End
[2024/11/12 14:21:25] [INFO] [Nao_controller.py:1404]: RHipPitch is in End
[2024/11/12 14:21:25] [INFO] [Nao_controller.py:1482]: RKneePitch is in End
[2024/11/12 14:21:25] [INFO] [Nao_controller.py:1521]: RAnklePitch is in End
[2024/11/12 14:21:25] [INFO] [Nao_controller.py:1003]: LHipPitch is in End
[2024/11/12 14:21:25] [INFO] [Nao_controller.py:1081]: LKneePitch is in End
[2024/11/12 14:21:25] [INFO] [Nao_controller.py:1120]: LAnklePitch is in End
[2024/11/12 14:21:25] [INFO] [Nao_controller.py:1404]: RHipPitch is in End
[2024/11/12 14:21:25] [INFO] [Nao_controller.py:1482]: RKneePitch is in End
[2024/11/12 14:21:25] [INFO] [Nao_controller.py:1521]: RAnklePitch is in End
[2024/11/12 14:21:25] [INFO] [Nao_controller.py:1003]: LHipPitch is in End
[2024/11/12 14:21:25] [INFO] [Nao_controller.py:1081]: LKneePitch is in End
[2024/11/12 14:21:25] [INFO] [Nao_controller.py:1120]: LAnklePitch is in End
[2024/11/12 14:21:25] [INFO] [Nao_controller.py:1404]: RHipPitch is in End
[2024/11/12 14:21:25] [INFO] [Nao_controller.py:1482]: RKneePitch is in End
[2024/11/12 14:21:25] [INFO] [Nao_controller.py:1521]: RAnklePitch is in End
[2024/11/12 14:21:25] [INFO] [Nao_controller.py:1003]: LHipPitch is in End
[2024/11/12 14:21:25] [INFO] [Nao_controller.py:1081]: LKneePitch is in End
[2024/11/12 14:21:25] [INFO] [Nao_controller.py:1120]: LAnklePitch is in End
[2024/11/12 14:21:25] [INFO] [Nao_controller.py:1404]: RHipPitch is in End
[2024/11/12 14:21:25] [INFO] [Nao_controller.py:1482]: RKneePitch is in End
[2024/11/12 14:21:25] [INFO] [Nao_controller.py:1521]: RAnklePitch is in End
[2024/11/12 14:21:25] [INFO] [Nao_controller.py:1003]: LHipPitch is in End
[2024/11/12 14:21:25] [INFO] [Nao_controller.py:1081]: LKneePitch is in End
[2024/11/12 14:21:25] [INFO] [Nao_controller.py:1120]: LAnklePitch is in End
[2024/11/12 14:21:25] [INFO] [Nao_controller.py:1404]: RHipPitch is in End
[2024/11/12 14:21:25] [INFO] [Nao_controller.py:1482]: RKneePitch is in End
[2024/11/12 14:21:25] [INFO] [Nao_controller.py:1521]: RAnklePitch is in End
[2024/11/12 14:21:32] [INFO] [Nao_controller.py:1614]: Init NAO_MOTION!
[2024/11/12 14:21:32] [INFO] [Nao_controller.py:977]: LHipPitch is in Initial
[2024/11/12 14:21:32] [INFO] [Nao_controller.py:1055]: LKneePitch is in Initial
[2024/11/12 14:21:32] [INFO] [Nao_controller.py:1094]: LAnklePitch is in Initial
[2024/11/12 14:21:32] [INFO] [Nao_controller.py:1377]: RHipPitch is in Initial
[2024/11/12 14:21:32] [INFO] [Nao_controller.py:1456]: RKneePitch is in Initial
[2024/11/12 14:21:32] [INFO] [Nao_controller.py:1495]: RAnklePitch is in Initial
[2024/11/12 14:21:32] [INFO] [Nao_controller.py:982]: LHipPitch is in Prepare
[2024/11/12 14:21:32] [INFO] [Nao_controller.py:1060]: LKneePitch is in Prepare
[2024/11/12 14:21:32] [INFO] [Nao_controller.py:1099]: LAnklePitch is in Prepare
[2024/11/12 14:21:32] [INFO] [Nao_controller.py:1383]: RHipPitch is in Prepare
[2024/11/12 14:21:32] [INFO] [Nao_controller.py:1461]: RKneePitch is in Prepare
[2024/11/12 14:21:32] [INFO] [Nao_controller.py:1500]: RAnklePitch is in Prepare
[2024/11/12 14:21:33] [INFO] [Nao_controller.py:988]: LHipPitch is in Moving
[2024/11/12 14:21:33] [INFO] [Nao_controller.py:1066]: LKneePitch is in Moving
[2024/11/12 14:21:33] [INFO] [Nao_controller.py:1105]: LAnklePitch is in Moving
[2024/11/12 14:21:33] [INFO] [Nao_controller.py:1389]: RHipPitch is in Moving
[2024/11/12 14:21:33] [INFO] [Nao_controller.py:1467]: RKneePitch is in Moving
[2024/11/12 14:21:33] [INFO] [Nao_controller.py:1506]: RAnklePitch is in Moving
[2024/11/12 14:21:33] [INFO] [Nao_controller.py:997]: LHipPitch is in Finish
[2024/11/12 14:21:33] [INFO] [Nao_controller.py:1075]: LKneePitch is in Finish
[2024/11/12 14:21:33] [INFO] [Nao_controller.py:1114]: LAnklePitch is in Finish
[2024/11/12 14:21:33] [INFO] [Nao_controller.py:1398]: RHipPitch is in Finish
[2024/11/12 14:21:33] [INFO] [Nao_controller.py:1476]: RKneePitch is in Finish
[2024/11/12 14:21:33] [INFO] [Nao_controller.py:1515]: RAnklePitch is in Finish
[2024/11/12 14:21:33] [INFO] [Nao_controller.py:1003]: LHipPitch is in End
[2024/11/12 14:21:33] [INFO] [Nao_controller.py:1081]: LKneePitch is in End
[2024/11/12 14:21:33] [INFO] [Nao_controller.py:1120]: LAnklePitch is in End
[2024/11/12 14:21:33] [INFO] [Nao_controller.py:1404]: RHipPitch is in End
[2024/11/12 14:21:33] [INFO] [Nao_controller.py:1482]: RKneePitch is in End
[2024/11/12 14:21:33] [INFO] [Nao_controller.py:1521]: RAnklePitch is in End
[2024/11/12 14:21:33] [INFO] [Nao_controller.py:1003]: LHipPitch is in End
[2024/11/12 14:21:33] [INFO] [Nao_controller.py:1081]: LKneePitch is in End
[2024/11/12 14:21:33] [INFO] [Nao_controller.py:1120]: LAnklePitch is in End
[2024/11/12 14:21:33] [INFO] [Nao_controller.py:1404]: RHipPitch is in End
[2024/11/12 14:21:33] [INFO] [Nao_controller.py:1482]: RKneePitch is in End
[2024/11/12 14:21:33] [INFO] [Nao_controller.py:1521]: RAnklePitch is in End
[2024/11/12 14:21:33] [INFO] [Nao_controller.py:1003]: LHipPitch is in End
[2024/11/12 14:21:33] [INFO] [Nao_controller.py:1081]: LKneePitch is in End
[2024/11/12 14:21:33] [INFO] [Nao_controller.py:1120]: LAnklePitch is in End
[2024/11/12 14:21:33] [INFO] [Nao_controller.py:1404]: RHipPitch is in End
[2024/11/12 14:21:33] [INFO] [Nao_controller.py:1482]: RKneePitch is in End
[2024/11/12 14:21:33] [INFO] [Nao_controller.py:1521]: RAnklePitch is in End
[2024/11/12 14:21:33] [INFO] [Nao_controller.py:1003]: LHipPitch is in End
[2024/11/12 14:21:33] [INFO] [Nao_controller.py:1081]: LKneePitch is in End
[2024/11/12 14:21:33] [INFO] [Nao_controller.py:1120]: LAnklePitch is in End
[2024/11/12 14:21:33] [INFO] [Nao_controller.py:1404]: RHipPitch is in End
[2024/11/12 14:21:33] [INFO] [Nao_controller.py:1482]: RKneePitch is in End
[2024/11/12 14:21:33] [INFO] [Nao_controller.py:1521]: RAnklePitch is in End
[2024/11/12 14:21:33] [INFO] [Nao_controller.py:1003]: LHipPitch is in End
[2024/11/12 14:21:33] [INFO] [Nao_controller.py:1081]: LKneePitch is in End
[2024/11/12 14:21:33] [INFO] [Nao_controller.py:1120]: LAnklePitch is in End
[2024/11/12 14:21:33] [INFO] [Nao_controller.py:1404]: RHipPitch is in End
[2024/11/12 14:21:33] [INFO] [Nao_controller.py:1482]: RKneePitch is in End
[2024/11/12 14:21:33] [INFO] [Nao_controller.py:1521]: RAnklePitch is in End
[2024/11/12 14:21:33] [INFO] [Nao_controller.py:1003]: LHipPitch is in End
[2024/11/12 14:21:33] [INFO] [Nao_controller.py:1081]: LKneePitch is in End
[2024/11/12 14:21:33] [INFO] [Nao_controller.py:1120]: LAnklePitch is in End
[2024/11/12 14:21:33] [INFO] [Nao_controller.py:1404]: RHipPitch is in End
[2024/11/12 14:21:33] [INFO] [Nao_controller.py:1482]: RKneePitch is in End
[2024/11/12 14:21:33] [INFO] [Nao_controller.py:1521]: RAnklePitch is in End
[2024/11/12 14:21:33] [INFO] [Nao_controller.py:1003]: LHipPitch is in End
[2024/11/12 14:21:33] [INFO] [Nao_controller.py:1081]: LKneePitch is in End
[2024/11/12 14:21:33] [INFO] [Nao_controller.py:1120]: LAnklePitch is in End
[2024/11/12 14:21:33] [INFO] [Nao_controller.py:1404]: RHipPitch is in End
[2024/11/12 14:21:33] [INFO] [Nao_controller.py:1482]: RKneePitch is in End
[2024/11/12 14:21:33] [INFO] [Nao_controller.py:1521]: RAnklePitch is in End
[2024/11/12 14:21:33] [INFO] [Nao_controller.py:1003]: LHipPitch is in End
[2024/11/12 14:21:33] [INFO] [Nao_controller.py:1081]: LKneePitch is in End
[2024/11/12 14:21:33] [INFO] [Nao_controller.py:1120]: LAnklePitch is in End
[2024/11/12 14:21:33] [INFO] [Nao_controller.py:1404]: RHipPitch is in End
[2024/11/12 14:21:33] [INFO] [Nao_controller.py:1482]: RKneePitch is in End
[2024/11/12 14:21:33] [INFO] [Nao_controller.py:1521]: RAnklePitch is in End
[2024/11/12 14:21:33] [INFO] [Nao_controller.py:1003]: LHipPitch is in End
[2024/11/12 14:21:33] [INFO] [Nao_controller.py:1081]: LKneePitch is in End
[2024/11/12 14:21:33] [INFO] [Nao_controller.py:1120]: LAnklePitch is in End
[2024/11/12 14:21:33] [INFO] [Nao_controller.py:1404]: RHipPitch is in End
[2024/11/12 14:21:33] [INFO] [Nao_controller.py:1482]: RKneePitch is in End
[2024/11/12 14:21:33] [INFO] [Nao_controller.py:1521]: RAnklePitch is in End
[2024/11/12 14:21:33] [INFO] [Nao_controller.py:1003]: LHipPitch is in End
[2024/11/12 14:21:33] [INFO] [Nao_controller.py:1081]: LKneePitch is in End
[2024/11/12 14:21:33] [INFO] [Nao_controller.py:1120]: LAnklePitch is in End
[2024/11/12 14:21:33] [INFO] [Nao_controller.py:1404]: RHipPitch is in End
[2024/11/12 14:21:33] [INFO] [Nao_controller.py:1482]: RKneePitch is in End
[2024/11/12 14:21:33] [INFO] [Nao_controller.py:1521]: RAnklePitch is in End
[2024/11/12 14:21:33] [INFO] [Nao_controller.py:1003]: LHipPitch is in End
[2024/11/12 14:21:33] [INFO] [Nao_controller.py:1081]: LKneePitch is in End
[2024/11/12 14:21:33] [INFO] [Nao_controller.py:1120]: LAnklePitch is in End
[2024/11/12 14:21:33] [INFO] [Nao_controller.py:1404]: RHipPitch is in End
[2024/11/12 14:21:33] [INFO] [Nao_controller.py:1482]: RKneePitch is in End
[2024/11/12 14:21:33] [INFO] [Nao_controller.py:1521]: RAnklePitch is in End
[2024/11/12 14:21:33] [INFO] [Nao_controller.py:1003]: LHipPitch is in End
[2024/11/12 14:21:33] [INFO] [Nao_controller.py:1081]: LKneePitch is in End
[2024/11/12 14:21:33] [INFO] [Nao_controller.py:1120]: LAnklePitch is in End
[2024/11/12 14:21:33] [INFO] [Nao_controller.py:1404]: RHipPitch is in End
[2024/11/12 14:21:33] [INFO] [Nao_controller.py:1482]: RKneePitch is in End
[2024/11/12 14:21:33] [INFO] [Nao_controller.py:1521]: RAnklePitch is in End
[2024/11/12 14:21:33] [INFO] [Nao_controller.py:1003]: LHipPitch is in End
[2024/11/12 14:21:33] [INFO] [Nao_controller.py:1081]: LKneePitch is in End
[2024/11/12 14:21:33] [INFO] [Nao_controller.py:1120]: LAnklePitch is in End
[2024/11/12 14:21:33] [INFO] [Nao_controller.py:1404]: RHipPitch is in End
[2024/11/12 14:21:33] [INFO] [Nao_controller.py:1482]: RKneePitch is in End
[2024/11/12 14:21:33] [INFO] [Nao_controller.py:1521]: RAnklePitch is in End
[2024/11/12 14:21:33] [INFO] [Nao_controller.py:1003]: LHipPitch is in End
[2024/11/12 14:21:33] [INFO] [Nao_controller.py:1081]: LKneePitch is in End
[2024/11/12 14:21:33] [INFO] [Nao_controller.py:1120]: LAnklePitch is in End
[2024/11/12 14:21:33] [INFO] [Nao_controller.py:1404]: RHipPitch is in End
[2024/11/12 14:21:33] [INFO] [Nao_controller.py:1482]: RKneePitch is in End
[2024/11/12 14:21:33] [INFO] [Nao_controller.py:1521]: RAnklePitch is in End
[2024/11/12 14:21:33] [INFO] [Nao_controller.py:1003]: LHipPitch is in End
[2024/11/12 14:21:33] [INFO] [Nao_controller.py:1081]: LKneePitch is in End
[2024/11/12 14:21:33] [INFO] [Nao_controller.py:1120]: LAnklePitch is in End
[2024/11/12 14:21:33] [INFO] [Nao_controller.py:1404]: RHipPitch is in End
[2024/11/12 14:21:33] [INFO] [Nao_controller.py:1482]: RKneePitch is in End
[2024/11/12 14:21:33] [INFO] [Nao_controller.py:1521]: RAnklePitch is in End
[2024/11/12 14:21:33] [INFO] [Nao_controller.py:1003]: LHipPitch is in End
[2024/11/12 14:21:33] [INFO] [Nao_controller.py:1081]: LKneePitch is in End
[2024/11/12 14:21:33] [INFO] [Nao_controller.py:1120]: LAnklePitch is in End
[2024/11/12 14:21:33] [INFO] [Nao_controller.py:1404]: RHipPitch is in End
[2024/11/12 14:21:33] [INFO] [Nao_controller.py:1482]: RKneePitch is in End
[2024/11/12 14:21:33] [INFO] [Nao_controller.py:1521]: RAnklePitch is in End
[2024/11/12 14:21:33] [INFO] [Nao_controller.py:1003]: LHipPitch is in End
[2024/11/12 14:21:33] [INFO] [Nao_controller.py:1081]: LKneePitch is in End
[2024/11/12 14:21:33] [INFO] [Nao_controller.py:1120]: LAnklePitch is in End
[2024/11/12 14:21:33] [INFO] [Nao_controller.py:1404]: RHipPitch is in End
[2024/11/12 14:21:33] [INFO] [Nao_controller.py:1482]: RKneePitch is in End
[2024/11/12 14:21:33] [INFO] [Nao_controller.py:1521]: RAnklePitch is in End
[2024/11/12 14:21:33] [INFO] [Nao_controller.py:1003]: LHipPitch is in End
[2024/11/12 14:21:33] [INFO] [Nao_controller.py:1081]: LKneePitch is in End
[2024/11/12 14:21:33] [INFO] [Nao_controller.py:1120]: LAnklePitch is in End
[2024/11/12 14:21:33] [INFO] [Nao_controller.py:1404]: RHipPitch is in End
[2024/11/12 14:21:33] [INFO] [Nao_controller.py:1482]: RKneePitch is in End
[2024/11/12 14:21:33] [INFO] [Nao_controller.py:1521]: RAnklePitch is in End
[2024/11/12 14:21:33] [INFO] [Nao_controller.py:1003]: LHipPitch is in End
[2024/11/12 14:21:33] [INFO] [Nao_controller.py:1081]: LKneePitch is in End
[2024/11/12 14:21:33] [INFO] [Nao_controller.py:1120]: LAnklePitch is in End
[2024/11/12 14:21:33] [INFO] [Nao_controller.py:1404]: RHipPitch is in End
[2024/11/12 14:21:33] [INFO] [Nao_controller.py:1482]: RKneePitch is in End
[2024/11/12 14:21:33] [INFO] [Nao_controller.py:1521]: RAnklePitch is in End
[2024/11/12 14:21:33] [INFO] [Nao_controller.py:1003]: LHipPitch is in End
[2024/11/12 14:21:33] [INFO] [Nao_controller.py:1081]: LKneePitch is in End
[2024/11/12 14:21:33] [INFO] [Nao_controller.py:1120]: LAnklePitch is in End
[2024/11/12 14:21:33] [INFO] [Nao_controller.py:1404]: RHipPitch is in End
[2024/11/12 14:21:33] [INFO] [Nao_controller.py:1482]: RKneePitch is in End
[2024/11/12 14:21:33] [INFO] [Nao_controller.py:1521]: RAnklePitch is in End
[2024/11/12 14:21:33] [INFO] [Nao_controller.py:1003]: LHipPitch is in End
[2024/11/12 14:21:33] [INFO] [Nao_controller.py:1081]: LKneePitch is in End
[2024/11/12 14:21:33] [INFO] [Nao_controller.py:1120]: LAnklePitch is in End
[2024/11/12 14:21:33] [INFO] [Nao_controller.py:1404]: RHipPitch is in End
[2024/11/12 14:21:33] [INFO] [Nao_controller.py:1482]: RKneePitch is in End
[2024/11/12 14:21:33] [INFO] [Nao_controller.py:1521]: RAnklePitch is in End
[2024/11/12 14:21:33] [INFO] [Nao_controller.py:1003]: LHipPitch is in End
[2024/11/12 14:21:33] [INFO] [Nao_controller.py:1081]: LKneePitch is in End
[2024/11/12 14:21:33] [INFO] [Nao_controller.py:1120]: LAnklePitch is in End
[2024/11/12 14:21:33] [INFO] [Nao_controller.py:1404]: RHipPitch is in End
[2024/11/12 14:21:33] [INFO] [Nao_controller.py:1482]: RKneePitch is in End
[2024/11/12 14:21:33] [INFO] [Nao_controller.py:1521]: RAnklePitch is in End
[2024/11/12 14:21:33] [INFO] [Nao_controller.py:1003]: LHipPitch is in End
[2024/11/12 14:21:33] [INFO] [Nao_controller.py:1081]: LKneePitch is in End
[2024/11/12 14:21:33] [INFO] [Nao_controller.py:1120]: LAnklePitch is in End
[2024/11/12 14:21:33] [INFO] [Nao_controller.py:1404]: RHipPitch is in End
[2024/11/12 14:21:33] [INFO] [Nao_controller.py:1482]: RKneePitch is in End
[2024/11/12 14:21:33] [INFO] [Nao_controller.py:1521]: RAnklePitch is in End
[2024/11/12 14:21:33] [INFO] [Nao_controller.py:1003]: LHipPitch is in End
[2024/11/12 14:21:33] [INFO] [Nao_controller.py:1081]: LKneePitch is in End
[2024/11/12 14:21:33] [INFO] [Nao_controller.py:1120]: LAnklePitch is in End
[2024/11/12 14:21:33] [INFO] [Nao_controller.py:1404]: RHipPitch is in End
[2024/11/12 14:21:33] [INFO] [Nao_controller.py:1482]: RKneePitch is in End
[2024/11/12 14:21:33] [INFO] [Nao_controller.py:1521]: RAnklePitch is in End
[2024/11/12 14:21:33] [INFO] [Nao_controller.py:1003]: LHipPitch is in End
[2024/11/12 14:21:33] [INFO] [Nao_controller.py:1081]: LKneePitch is in End
[2024/11/12 14:21:33] [INFO] [Nao_controller.py:1120]: LAnklePitch is in End
[2024/11/12 14:21:33] [INFO] [Nao_controller.py:1404]: RHipPitch is in End
[2024/11/12 14:21:33] [INFO] [Nao_controller.py:1482]: RKneePitch is in End
[2024/11/12 14:21:33] [INFO] [Nao_controller.py:1521]: RAnklePitch is in End
[2024/11/12 14:21:33] [INFO] [Nao_controller.py:1003]: LHipPitch is in End
[2024/11/12 14:21:33] [INFO] [Nao_controller.py:1081]: LKneePitch is in End
[2024/11/12 14:21:33] [INFO] [Nao_controller.py:1120]: LAnklePitch is in End
[2024/11/12 14:21:33] [INFO] [Nao_controller.py:1404]: RHipPitch is in End
[2024/11/12 14:21:33] [INFO] [Nao_controller.py:1482]: RKneePitch is in End
[2024/11/12 14:21:33] [INFO] [Nao_controller.py:1521]: RAnklePitch is in End
[2024/11/12 14:21:33] [INFO] [Nao_controller.py:1003]: LHipPitch is in End
[2024/11/12 14:21:33] [INFO] [Nao_controller.py:1081]: LKneePitch is in End
[2024/11/12 14:21:33] [INFO] [Nao_controller.py:1120]: LAnklePitch is in End
[2024/11/12 14:21:33] [INFO] [Nao_controller.py:1404]: RHipPitch is in End
[2024/11/12 14:21:33] [INFO] [Nao_controller.py:1482]: RKneePitch is in End
[2024/11/12 14:21:33] [INFO] [Nao_controller.py:1521]: RAnklePitch is in End
[2024/11/12 14:21:33] [INFO] [Nao_controller.py:1003]: LHipPitch is in End
[2024/11/12 14:21:33] [INFO] [Nao_controller.py:1081]: LKneePitch is in End
[2024/11/12 14:21:33] [INFO] [Nao_controller.py:1120]: LAnklePitch is in End
[2024/11/12 14:21:33] [INFO] [Nao_controller.py:1404]: RHipPitch is in End
[2024/11/12 14:21:33] [INFO] [Nao_controller.py:1482]: RKneePitch is in End
[2024/11/12 14:21:33] [INFO] [Nao_controller.py:1521]: RAnklePitch is in End
[2024/11/12 14:21:33] [INFO] [Nao_controller.py:1003]: LHipPitch is in End
[2024/11/12 14:21:33] [INFO] [Nao_controller.py:1081]: LKneePitch is in End
[2024/11/12 14:21:33] [INFO] [Nao_controller.py:1120]: LAnklePitch is in End
[2024/11/12 14:21:33] [INFO] [Nao_controller.py:1404]: RHipPitch is in End
[2024/11/12 14:21:33] [INFO] [Nao_controller.py:1482]: RKneePitch is in End
[2024/11/12 14:21:33] [INFO] [Nao_controller.py:1521]: RAnklePitch is in End
[2024/11/12 14:21:34] [INFO] [Nao_controller.py:1003]: LHipPitch is in End
[2024/11/12 14:21:34] [INFO] [Nao_controller.py:1081]: LKneePitch is in End
[2024/11/12 14:21:34] [INFO] [Nao_controller.py:1120]: LAnklePitch is in End
[2024/11/12 14:21:34] [INFO] [Nao_controller.py:1404]: RHipPitch is in End
[2024/11/12 14:21:34] [INFO] [Nao_controller.py:1482]: RKneePitch is in End
[2024/11/12 14:21:34] [INFO] [Nao_controller.py:1521]: RAnklePitch is in End
[2024/11/12 14:21:34] [INFO] [Nao_controller.py:1003]: LHipPitch is in End
[2024/11/12 14:21:34] [INFO] [Nao_controller.py:1081]: LKneePitch is in End
[2024/11/12 14:21:34] [INFO] [Nao_controller.py:1120]: LAnklePitch is in End
[2024/11/12 14:21:34] [INFO] [Nao_controller.py:1404]: RHipPitch is in End
[2024/11/12 14:21:34] [INFO] [Nao_controller.py:1482]: RKneePitch is in End
[2024/11/12 14:21:34] [INFO] [Nao_controller.py:1521]: RAnklePitch is in End
[2024/11/12 14:21:34] [INFO] [Nao_controller.py:1003]: LHipPitch is in End
[2024/11/12 14:21:34] [INFO] [Nao_controller.py:1081]: LKneePitch is in End
[2024/11/12 14:21:34] [INFO] [Nao_controller.py:1120]: LAnklePitch is in End
[2024/11/12 14:21:34] [INFO] [Nao_controller.py:1404]: RHipPitch is in End
[2024/11/12 14:21:34] [INFO] [Nao_controller.py:1482]: RKneePitch is in End
[2024/11/12 14:21:34] [INFO] [Nao_controller.py:1521]: RAnklePitch is in End
[2024/11/12 14:21:34] [INFO] [Nao_controller.py:1003]: LHipPitch is in End
[2024/11/12 14:21:34] [INFO] [Nao_controller.py:1081]: LKneePitch is in End
[2024/11/12 14:21:34] [INFO] [Nao_controller.py:1120]: LAnklePitch is in End
[2024/11/12 14:21:34] [INFO] [Nao_controller.py:1404]: RHipPitch is in End
[2024/11/12 14:21:34] [INFO] [Nao_controller.py:1482]: RKneePitch is in End
[2024/11/12 14:21:34] [INFO] [Nao_controller.py:1521]: RAnklePitch is in End
[2024/11/12 14:21:34] [INFO] [Nao_controller.py:1003]: LHipPitch is in End
[2024/11/12 14:21:34] [INFO] [Nao_controller.py:1081]: LKneePitch is in End
[2024/11/12 14:21:34] [INFO] [Nao_controller.py:1120]: LAnklePitch is in End
[2024/11/12 14:21:34] [INFO] [Nao_controller.py:1404]: RHipPitch is in End
[2024/11/12 14:21:34] [INFO] [Nao_controller.py:1482]: RKneePitch is in End
[2024/11/12 14:21:34] [INFO] [Nao_controller.py:1521]: RAnklePitch is in End
[2024/11/12 14:21:34] [INFO] [Nao_controller.py:1003]: LHipPitch is in End
[2024/11/12 14:21:34] [INFO] [Nao_controller.py:1081]: LKneePitch is in End
[2024/11/12 14:21:34] [INFO] [Nao_controller.py:1120]: LAnklePitch is in End
[2024/11/12 14:21:34] [INFO] [Nao_controller.py:1404]: RHipPitch is in End
[2024/11/12 14:21:34] [INFO] [Nao_controller.py:1482]: RKneePitch is in End
[2024/11/12 14:21:34] [INFO] [Nao_controller.py:1521]: RAnklePitch is in End
[2024/11/12 14:21:34] [INFO] [Nao_controller.py:1003]: LHipPitch is in End
[2024/11/12 14:21:34] [INFO] [Nao_controller.py:1081]: LKneePitch is in End
[2024/11/12 14:21:34] [INFO] [Nao_controller.py:1120]: LAnklePitch is in End
[2024/11/12 14:21:34] [INFO] [Nao_controller.py:1404]: RHipPitch is in End
[2024/11/12 14:21:34] [INFO] [Nao_controller.py:1482]: RKneePitch is in End
[2024/11/12 14:21:34] [INFO] [Nao_controller.py:1521]: RAnklePitch is in End
[2024/11/12 14:21:34] [INFO] [Nao_controller.py:1003]: LHipPitch is in End
[2024/11/12 14:21:34] [INFO] [Nao_controller.py:1081]: LKneePitch is in End
[2024/11/12 14:21:34] [INFO] [Nao_controller.py:1120]: LAnklePitch is in End
[2024/11/12 14:21:34] [INFO] [Nao_controller.py:1404]: RHipPitch is in End
[2024/11/12 14:21:34] [INFO] [Nao_controller.py:1482]: RKneePitch is in End
[2024/11/12 14:21:34] [INFO] [Nao_controller.py:1521]: RAnklePitch is in End
[2024/11/12 14:21:34] [INFO] [Nao_controller.py:1003]: LHipPitch is in End
[2024/11/12 14:21:34] [INFO] [Nao_controller.py:1081]: LKneePitch is in End
[2024/11/12 14:21:34] [INFO] [Nao_controller.py:1120]: LAnklePitch is in End
[2024/11/12 14:21:34] [INFO] [Nao_controller.py:1404]: RHipPitch is in End
[2024/11/12 14:21:34] [INFO] [Nao_controller.py:1482]: RKneePitch is in End
[2024/11/12 14:21:34] [INFO] [Nao_controller.py:1521]: RAnklePitch is in End
[2024/11/12 14:21:34] [INFO] [Nao_controller.py:1003]: LHipPitch is in End
[2024/11/12 14:21:34] [INFO] [Nao_controller.py:1081]: LKneePitch is in End
[2024/11/12 14:21:34] [INFO] [Nao_controller.py:1120]: LAnklePitch is in End
[2024/11/12 14:21:34] [INFO] [Nao_controller.py:1404]: RHipPitch is in End
[2024/11/12 14:21:34] [INFO] [Nao_controller.py:1482]: RKneePitch is in End
[2024/11/12 14:21:34] [INFO] [Nao_controller.py:1521]: RAnklePitch is in End
[2024/11/12 14:21:34] [INFO] [Nao_controller.py:1003]: LHipPitch is in End
[2024/11/12 14:21:34] [INFO] [Nao_controller.py:1081]: LKneePitch is in End
[2024/11/12 14:21:34] [INFO] [Nao_controller.py:1120]: LAnklePitch is in End
[2024/11/12 14:21:34] [INFO] [Nao_controller.py:1404]: RHipPitch is in End
[2024/11/12 14:21:34] [INFO] [Nao_controller.py:1482]: RKneePitch is in End
[2024/11/12 14:21:34] [INFO] [Nao_controller.py:1521]: RAnklePitch is in End
[2024/11/12 14:21:34] [INFO] [Nao_controller.py:1003]: LHipPitch is in End
[2024/11/12 14:21:34] [INFO] [Nao_controller.py:1081]: LKneePitch is in End
[2024/11/12 14:21:34] [INFO] [Nao_controller.py:1120]: LAnklePitch is in End
[2024/11/12 14:21:34] [INFO] [Nao_controller.py:1404]: RHipPitch is in End
[2024/11/12 14:21:34] [INFO] [Nao_controller.py:1482]: RKneePitch is in End
[2024/11/12 14:21:34] [INFO] [Nao_controller.py:1521]: RAnklePitch is in End
[2024/11/12 14:21:34] [INFO] [Nao_controller.py:1003]: LHipPitch is in End
[2024/11/12 14:21:34] [INFO] [Nao_controller.py:1081]: LKneePitch is in End
[2024/11/12 14:21:34] [INFO] [Nao_controller.py:1120]: LAnklePitch is in End
[2024/11/12 14:21:34] [INFO] [Nao_controller.py:1404]: RHipPitch is in End
[2024/11/12 14:21:34] [INFO] [Nao_controller.py:1482]: RKneePitch is in End
[2024/11/12 14:21:34] [INFO] [Nao_controller.py:1521]: RAnklePitch is in End
[2024/11/12 14:21:34] [INFO] [Nao_controller.py:1003]: LHipPitch is in End
[2024/11/12 14:21:34] [INFO] [Nao_controller.py:1081]: LKneePitch is in End
[2024/11/12 14:21:34] [INFO] [Nao_controller.py:1120]: LAnklePitch is in End
[2024/11/12 14:21:34] [INFO] [Nao_controller.py:1404]: RHipPitch is in End
[2024/11/12 14:21:34] [INFO] [Nao_controller.py:1482]: RKneePitch is in End
[2024/11/12 14:21:34] [INFO] [Nao_controller.py:1521]: RAnklePitch is in End
[2024/11/12 14:21:34] [INFO] [Nao_controller.py:1003]: LHipPitch is in End
[2024/11/12 14:21:34] [INFO] [Nao_controller.py:1081]: LKneePitch is in End
[2024/11/12 14:21:34] [INFO] [Nao_controller.py:1120]: LAnklePitch is in End
[2024/11/12 14:21:34] [INFO] [Nao_controller.py:1404]: RHipPitch is in End
[2024/11/12 14:21:34] [INFO] [Nao_controller.py:1482]: RKneePitch is in End
[2024/11/12 14:21:34] [INFO] [Nao_controller.py:1521]: RAnklePitch is in End
[2024/11/12 14:21:34] [INFO] [Nao_controller.py:1003]: LHipPitch is in End
[2024/11/12 14:21:34] [INFO] [Nao_controller.py:1081]: LKneePitch is in End
[2024/11/12 14:21:34] [INFO] [Nao_controller.py:1120]: LAnklePitch is in End
[2024/11/12 14:21:34] [INFO] [Nao_controller.py:1404]: RHipPitch is in End
[2024/11/12 14:21:34] [INFO] [Nao_controller.py:1482]: RKneePitch is in End
[2024/11/12 14:21:34] [INFO] [Nao_controller.py:1521]: RAnklePitch is in End
[2024/11/12 14:21:34] [INFO] [Nao_controller.py:1003]: LHipPitch is in End
[2024/11/12 14:21:34] [INFO] [Nao_controller.py:1081]: LKneePitch is in End
[2024/11/12 14:21:34] [INFO] [Nao_controller.py:1120]: LAnklePitch is in End
[2024/11/12 14:21:34] [INFO] [Nao_controller.py:1404]: RHipPitch is in End
[2024/11/12 14:21:34] [INFO] [Nao_controller.py:1482]: RKneePitch is in End
[2024/11/12 14:21:34] [INFO] [Nao_controller.py:1521]: RAnklePitch is in End
[2024/11/12 14:21:34] [INFO] [Nao_controller.py:1003]: LHipPitch is in End
[2024/11/12 14:21:34] [INFO] [Nao_controller.py:1081]: LKneePitch is in End
[2024/11/12 14:21:34] [INFO] [Nao_controller.py:1120]: LAnklePitch is in End
[2024/11/12 14:21:34] [INFO] [Nao_controller.py:1404]: RHipPitch is in End
[2024/11/12 14:21:34] [INFO] [Nao_controller.py:1482]: RKneePitch is in End
[2024/11/12 14:21:34] [INFO] [Nao_controller.py:1521]: RAnklePitch is in End
[2024/11/12 14:21:34] [INFO] [Nao_controller.py:1003]: LHipPitch is in End
[2024/11/12 14:21:34] [INFO] [Nao_controller.py:1081]: LKneePitch is in End
[2024/11/12 14:21:34] [INFO] [Nao_controller.py:1120]: LAnklePitch is in End
[2024/11/12 14:21:34] [INFO] [Nao_controller.py:1404]: RHipPitch is in End
[2024/11/12 14:21:34] [INFO] [Nao_controller.py:1482]: RKneePitch is in End
[2024/11/12 14:21:34] [INFO] [Nao_controller.py:1521]: RAnklePitch is in End
[2024/11/12 14:21:34] [INFO] [Nao_controller.py:1003]: LHipPitch is in End
[2024/11/12 14:21:34] [INFO] [Nao_controller.py:1081]: LKneePitch is in End
[2024/11/12 14:21:34] [INFO] [Nao_controller.py:1120]: LAnklePitch is in End
[2024/11/12 14:21:34] [INFO] [Nao_controller.py:1404]: RHipPitch is in End
[2024/11/12 14:21:34] [INFO] [Nao_controller.py:1482]: RKneePitch is in End
[2024/11/12 14:21:34] [INFO] [Nao_controller.py:1521]: RAnklePitch is in End
[2024/11/12 14:21:34] [INFO] [Nao_controller.py:1003]: LHipPitch is in End
[2024/11/12 14:21:34] [INFO] [Nao_controller.py:1081]: LKneePitch is in End
[2024/11/12 14:21:34] [INFO] [Nao_controller.py:1120]: LAnklePitch is in End
[2024/11/12 14:21:34] [INFO] [Nao_controller.py:1404]: RHipPitch is in End
[2024/11/12 14:21:34] [INFO] [Nao_controller.py:1482]: RKneePitch is in End
[2024/11/12 14:21:34] [INFO] [Nao_controller.py:1521]: RAnklePitch is in End
[2024/11/12 14:21:34] [INFO] [Nao_controller.py:1003]: LHipPitch is in End
[2024/11/12 14:21:34] [INFO] [Nao_controller.py:1081]: LKneePitch is in End
[2024/11/12 14:21:34] [INFO] [Nao_controller.py:1120]: LAnklePitch is in End
[2024/11/12 14:21:34] [INFO] [Nao_controller.py:1404]: RHipPitch is in End
[2024/11/12 14:21:34] [INFO] [Nao_controller.py:1482]: RKneePitch is in End
[2024/11/12 14:21:34] [INFO] [Nao_controller.py:1521]: RAnklePitch is in End
[2024/11/12 14:21:34] [INFO] [Nao_controller.py:1003]: LHipPitch is in End
[2024/11/12 14:21:34] [INFO] [Nao_controller.py:1081]: LKneePitch is in End
[2024/11/12 14:21:34] [INFO] [Nao_controller.py:1120]: LAnklePitch is in End
[2024/11/12 14:21:34] [INFO] [Nao_controller.py:1404]: RHipPitch is in End
[2024/11/12 14:21:34] [INFO] [Nao_controller.py:1482]: RKneePitch is in End
[2024/11/12 14:21:34] [INFO] [Nao_controller.py:1521]: RAnklePitch is in End
[2024/11/12 14:21:34] [INFO] [Nao_controller.py:1003]: LHipPitch is in End
[2024/11/12 14:21:34] [INFO] [Nao_controller.py:1081]: LKneePitch is in End
[2024/11/12 14:21:34] [INFO] [Nao_controller.py:1120]: LAnklePitch is in End
[2024/11/12 14:21:34] [INFO] [Nao_controller.py:1404]: RHipPitch is in End
[2024/11/12 14:21:34] [INFO] [Nao_controller.py:1482]: RKneePitch is in End
[2024/11/12 14:21:34] [INFO] [Nao_controller.py:1521]: RAnklePitch is in End
[2024/11/12 14:21:34] [INFO] [Nao_controller.py:1003]: LHipPitch is in End
[2024/11/12 14:21:34] [INFO] [Nao_controller.py:1081]: LKneePitch is in End
[2024/11/12 14:21:34] [INFO] [Nao_controller.py:1120]: LAnklePitch is in End
[2024/11/12 14:21:34] [INFO] [Nao_controller.py:1404]: RHipPitch is in End
[2024/11/12 14:21:34] [INFO] [Nao_controller.py:1482]: RKneePitch is in End
[2024/11/12 14:21:34] [INFO] [Nao_controller.py:1521]: RAnklePitch is in End
[2024/11/12 14:21:34] [INFO] [Nao_controller.py:1003]: LHipPitch is in End
[2024/11/12 14:21:34] [INFO] [Nao_controller.py:1081]: LKneePitch is in End
[2024/11/12 14:21:34] [INFO] [Nao_controller.py:1120]: LAnklePitch is in End
[2024/11/12 14:21:34] [INFO] [Nao_controller.py:1404]: RHipPitch is in End
[2024/11/12 14:21:34] [INFO] [Nao_controller.py:1482]: RKneePitch is in End
[2024/11/12 14:21:34] [INFO] [Nao_controller.py:1521]: RAnklePitch is in End
[2024/11/12 14:21:34] [INFO] [Nao_controller.py:1003]: LHipPitch is in End
[2024/11/12 14:21:34] [INFO] [Nao_controller.py:1081]: LKneePitch is in End
[2024/11/12 14:21:34] [INFO] [Nao_controller.py:1120]: LAnklePitch is in End
[2024/11/12 14:21:34] [INFO] [Nao_controller.py:1404]: RHipPitch is in End
[2024/11/12 14:21:34] [INFO] [Nao_controller.py:1482]: RKneePitch is in End
[2024/11/12 14:21:34] [INFO] [Nao_controller.py:1521]: RAnklePitch is in End
[2024/11/12 14:21:34] [INFO] [Nao_controller.py:1003]: LHipPitch is in End
[2024/11/12 14:21:34] [INFO] [Nao_controller.py:1081]: LKneePitch is in End
[2024/11/12 14:21:34] [INFO] [Nao_controller.py:1120]: LAnklePitch is in End
[2024/11/12 14:21:34] [INFO] [Nao_controller.py:1404]: RHipPitch is in End
[2024/11/12 14:21:34] [INFO] [Nao_controller.py:1482]: RKneePitch is in End
[2024/11/12 14:21:34] [INFO] [Nao_controller.py:1521]: RAnklePitch is in End
[2024/11/12 14:21:34] [INFO] [Nao_controller.py:1003]: LHipPitch is in End
[2024/11/12 14:21:34] [INFO] [Nao_controller.py:1081]: LKneePitch is in End
[2024/11/12 14:21:34] [INFO] [Nao_controller.py:1120]: LAnklePitch is in End
[2024/11/12 14:21:34] [INFO] [Nao_controller.py:1404]: RHipPitch is in End
[2024/11/12 14:21:34] [INFO] [Nao_controller.py:1482]: RKneePitch is in End
[2024/11/12 14:21:34] [INFO] [Nao_controller.py:1521]: RAnklePitch is in End
[2024/11/12 14:21:34] [INFO] [Nao_controller.py:1003]: LHipPitch is in End
[2024/11/12 14:21:34] [INFO] [Nao_controller.py:1081]: LKneePitch is in End
[2024/11/12 14:21:34] [INFO] [Nao_controller.py:1120]: LAnklePitch is in End
[2024/11/12 14:21:34] [INFO] [Nao_controller.py:1404]: RHipPitch is in End
[2024/11/12 14:21:34] [INFO] [Nao_controller.py:1482]: RKneePitch is in End
[2024/11/12 14:21:34] [INFO] [Nao_controller.py:1521]: RAnklePitch is in End
[2024/11/12 14:21:34] [INFO] [Nao_controller.py:1003]: LHipPitch is in End
[2024/11/12 14:21:34] [INFO] [Nao_controller.py:1081]: LKneePitch is in End
[2024/11/12 14:21:34] [INFO] [Nao_controller.py:1120]: LAnklePitch is in End
[2024/11/12 14:21:34] [INFO] [Nao_controller.py:1404]: RHipPitch is in End
[2024/11/12 14:21:34] [INFO] [Nao_controller.py:1482]: RKneePitch is in End
[2024/11/12 14:21:34] [INFO] [Nao_controller.py:1521]: RAnklePitch is in End
[2024/11/12 14:21:35] [INFO] [Nao_controller.py:1003]: LHipPitch is in End
[2024/11/12 14:21:35] [INFO] [Nao_controller.py:1081]: LKneePitch is in End
[2024/11/12 14:21:35] [INFO] [Nao_controller.py:1120]: LAnklePitch is in End
[2024/11/12 14:21:35] [INFO] [Nao_controller.py:1404]: RHipPitch is in End
[2024/11/12 14:21:35] [INFO] [Nao_controller.py:1482]: RKneePitch is in End
[2024/11/12 14:21:35] [INFO] [Nao_controller.py:1521]: RAnklePitch is in End
[2024/11/12 14:21:35] [INFO] [Nao_controller.py:1003]: LHipPitch is in End
[2024/11/12 14:21:35] [INFO] [Nao_controller.py:1081]: LKneePitch is in End
[2024/11/12 14:21:35] [INFO] [Nao_controller.py:1120]: LAnklePitch is in End
[2024/11/12 14:21:35] [INFO] [Nao_controller.py:1404]: RHipPitch is in End
[2024/11/12 14:21:35] [INFO] [Nao_controller.py:1482]: RKneePitch is in End
[2024/11/12 14:21:35] [INFO] [Nao_controller.py:1521]: RAnklePitch is in End
[2024/11/12 14:21:35] [INFO] [Nao_controller.py:1003]: LHipPitch is in End
[2024/11/12 14:21:35] [INFO] [Nao_controller.py:1081]: LKneePitch is in End
[2024/11/12 14:21:35] [INFO] [Nao_controller.py:1120]: LAnklePitch is in End
[2024/11/12 14:21:35] [INFO] [Nao_controller.py:1404]: RHipPitch is in End
[2024/11/12 14:21:35] [INFO] [Nao_controller.py:1482]: RKneePitch is in End
[2024/11/12 14:21:35] [INFO] [Nao_controller.py:1521]: RAnklePitch is in End
[2024/11/12 14:21:35] [INFO] [Nao_controller.py:1003]: LHipPitch is in End
[2024/11/12 14:21:35] [INFO] [Nao_controller.py:1081]: LKneePitch is in End
[2024/11/12 14:21:35] [INFO] [Nao_controller.py:1120]: LAnklePitch is in End
[2024/11/12 14:21:35] [INFO] [Nao_controller.py:1404]: RHipPitch is in End
[2024/11/12 14:21:35] [INFO] [Nao_controller.py:1482]: RKneePitch is in End
[2024/11/12 14:21:35] [INFO] [Nao_controller.py:1521]: RAnklePitch is in End
[2024/11/12 14:21:35] [INFO] [Nao_controller.py:1003]: LHipPitch is in End
[2024/11/12 14:21:35] [INFO] [Nao_controller.py:1081]: LKneePitch is in End
[2024/11/12 14:21:35] [INFO] [Nao_controller.py:1120]: LAnklePitch is in End
[2024/11/12 14:21:35] [INFO] [Nao_controller.py:1404]: RHipPitch is in End
[2024/11/12 14:21:35] [INFO] [Nao_controller.py:1482]: RKneePitch is in End
[2024/11/12 14:21:35] [INFO] [Nao_controller.py:1521]: RAnklePitch is in End
[2024/11/12 14:21:35] [INFO] [Nao_controller.py:1003]: LHipPitch is in End
[2024/11/12 14:21:35] [INFO] [Nao_controller.py:1081]: LKneePitch is in End
[2024/11/12 14:21:35] [INFO] [Nao_controller.py:1120]: LAnklePitch is in End
[2024/11/12 14:21:35] [INFO] [Nao_controller.py:1404]: RHipPitch is in End
[2024/11/12 14:21:35] [INFO] [Nao_controller.py:1482]: RKneePitch is in End
[2024/11/12 14:21:35] [INFO] [Nao_controller.py:1521]: RAnklePitch is in End
[2024/11/12 14:21:35] [INFO] [Nao_controller.py:1003]: LHipPitch is in End
[2024/11/12 14:21:35] [INFO] [Nao_controller.py:1081]: LKneePitch is in End
[2024/11/12 14:21:35] [INFO] [Nao_controller.py:1120]: LAnklePitch is in End
[2024/11/12 14:21:35] [INFO] [Nao_controller.py:1404]: RHipPitch is in End
[2024/11/12 14:21:35] [INFO] [Nao_controller.py:1482]: RKneePitch is in End
[2024/11/12 14:21:35] [INFO] [Nao_controller.py:1521]: RAnklePitch is in End
[2024/11/12 14:21:35] [INFO] [Nao_controller.py:1003]: LHipPitch is in End
[2024/11/12 14:21:35] [INFO] [Nao_controller.py:1081]: LKneePitch is in End
[2024/11/12 14:21:35] [INFO] [Nao_controller.py:1120]: LAnklePitch is in End
[2024/11/12 14:21:35] [INFO] [Nao_controller.py:1404]: RHipPitch is in End
[2024/11/12 14:21:35] [INFO] [Nao_controller.py:1482]: RKneePitch is in End
[2024/11/12 14:21:35] [INFO] [Nao_controller.py:1521]: RAnklePitch is in End
[2024/11/12 14:21:35] [INFO] [Nao_controller.py:1003]: LHipPitch is in End
[2024/11/12 14:21:35] [INFO] [Nao_controller.py:1081]: LKneePitch is in End
[2024/11/12 14:21:35] [INFO] [Nao_controller.py:1120]: LAnklePitch is in End
[2024/11/12 14:21:35] [INFO] [Nao_controller.py:1404]: RHipPitch is in End
[2024/11/12 14:21:35] [INFO] [Nao_controller.py:1482]: RKneePitch is in End
[2024/11/12 14:21:35] [INFO] [Nao_controller.py:1521]: RAnklePitch is in End
[2024/11/12 14:21:35] [INFO] [Nao_controller.py:1003]: LHipPitch is in End
[2024/11/12 14:21:35] [INFO] [Nao_controller.py:1081]: LKneePitch is in End
[2024/11/12 14:21:35] [INFO] [Nao_controller.py:1120]: LAnklePitch is in End
[2024/11/12 14:21:35] [INFO] [Nao_controller.py:1404]: RHipPitch is in End
[2024/11/12 14:21:35] [INFO] [Nao_controller.py:1482]: RKneePitch is in End
[2024/11/12 14:21:35] [INFO] [Nao_controller.py:1521]: RAnklePitch is in End
[2024/11/12 14:21:35] [INFO] [Nao_controller.py:1003]: LHipPitch is in End
[2024/11/12 14:21:35] [INFO] [Nao_controller.py:1081]: LKneePitch is in End
[2024/11/12 14:21:35] [INFO] [Nao_controller.py:1120]: LAnklePitch is in End
[2024/11/12 14:21:35] [INFO] [Nao_controller.py:1404]: RHipPitch is in End
[2024/11/12 14:21:35] [INFO] [Nao_controller.py:1482]: RKneePitch is in End
[2024/11/12 14:21:35] [INFO] [Nao_controller.py:1521]: RAnklePitch is in End
[2024/11/12 14:21:35] [INFO] [Nao_controller.py:1003]: LHipPitch is in End
[2024/11/12 14:21:35] [INFO] [Nao_controller.py:1081]: LKneePitch is in End
[2024/11/12 14:21:35] [INFO] [Nao_controller.py:1120]: LAnklePitch is in End
[2024/11/12 14:21:35] [INFO] [Nao_controller.py:1404]: RHipPitch is in End
[2024/11/12 14:21:35] [INFO] [Nao_controller.py:1482]: RKneePitch is in End
[2024/11/12 14:21:35] [INFO] [Nao_controller.py:1521]: RAnklePitch is in End
[2024/11/12 14:21:35] [INFO] [Nao_controller.py:1003]: LHipPitch is in End
[2024/11/12 14:21:35] [INFO] [Nao_controller.py:1081]: LKneePitch is in End
[2024/11/12 14:21:35] [INFO] [Nao_controller.py:1120]: LAnklePitch is in End
[2024/11/12 14:21:35] [INFO] [Nao_controller.py:1404]: RHipPitch is in End
[2024/11/12 14:21:35] [INFO] [Nao_controller.py:1482]: RKneePitch is in End
[2024/11/12 14:21:35] [INFO] [Nao_controller.py:1521]: RAnklePitch is in End
[2024/11/12 14:21:35] [INFO] [Nao_controller.py:1003]: LHipPitch is in End
[2024/11/12 14:21:35] [INFO] [Nao_controller.py:1081]: LKneePitch is in End
[2024/11/12 14:21:35] [INFO] [Nao_controller.py:1120]: LAnklePitch is in End
[2024/11/12 14:21:35] [INFO] [Nao_controller.py:1404]: RHipPitch is in End
[2024/11/12 14:21:35] [INFO] [Nao_controller.py:1482]: RKneePitch is in End
[2024/11/12 14:21:35] [INFO] [Nao_controller.py:1521]: RAnklePitch is in End
[2024/11/12 14:21:35] [INFO] [Nao_controller.py:1003]: LHipPitch is in End
[2024/11/12 14:21:35] [INFO] [Nao_controller.py:1081]: LKneePitch is in End
[2024/11/12 14:21:35] [INFO] [Nao_controller.py:1120]: LAnklePitch is in End
[2024/11/12 14:21:35] [INFO] [Nao_controller.py:1404]: RHipPitch is in End
[2024/11/12 14:21:35] [INFO] [Nao_controller.py:1482]: RKneePitch is in End
[2024/11/12 14:21:35] [INFO] [Nao_controller.py:1521]: RAnklePitch is in End
[2024/11/12 14:21:35] [INFO] [Nao_controller.py:1003]: LHipPitch is in End
[2024/11/12 14:21:35] [INFO] [Nao_controller.py:1081]: LKneePitch is in End
[2024/11/12 14:21:35] [INFO] [Nao_controller.py:1120]: LAnklePitch is in End
[2024/11/12 14:21:35] [INFO] [Nao_controller.py:1404]: RHipPitch is in End
[2024/11/12 14:21:35] [INFO] [Nao_controller.py:1482]: RKneePitch is in End
[2024/11/12 14:21:35] [INFO] [Nao_controller.py:1521]: RAnklePitch is in End
[2024/11/12 14:21:35] [INFO] [Nao_controller.py:1003]: LHipPitch is in End
[2024/11/12 14:21:35] [INFO] [Nao_controller.py:1081]: LKneePitch is in End
[2024/11/12 14:21:35] [INFO] [Nao_controller.py:1120]: LAnklePitch is in End
[2024/11/12 14:21:35] [INFO] [Nao_controller.py:1404]: RHipPitch is in End
[2024/11/12 14:21:35] [INFO] [Nao_controller.py:1482]: RKneePitch is in End
[2024/11/12 14:21:35] [INFO] [Nao_controller.py:1521]: RAnklePitch is in End
[2024/11/12 14:21:35] [INFO] [Nao_controller.py:1003]: LHipPitch is in End
[2024/11/12 14:21:35] [INFO] [Nao_controller.py:1081]: LKneePitch is in End
[2024/11/12 14:21:35] [INFO] [Nao_controller.py:1120]: LAnklePitch is in End
[2024/11/12 14:21:35] [INFO] [Nao_controller.py:1404]: RHipPitch is in End
[2024/11/12 14:21:35] [INFO] [Nao_controller.py:1482]: RKneePitch is in End
[2024/11/12 14:21:35] [INFO] [Nao_controller.py:1521]: RAnklePitch is in End
[2024/11/12 14:21:35] [INFO] [Nao_controller.py:1003]: LHipPitch is in End
[2024/11/12 14:21:35] [INFO] [Nao_controller.py:1081]: LKneePitch is in End
[2024/11/12 14:21:35] [INFO] [Nao_controller.py:1120]: LAnklePitch is in End
[2024/11/12 14:21:35] [INFO] [Nao_controller.py:1404]: RHipPitch is in End
[2024/11/12 14:21:35] [INFO] [Nao_controller.py:1482]: RKneePitch is in End
[2024/11/12 14:21:35] [INFO] [Nao_controller.py:1521]: RAnklePitch is in End
[2024/11/12 14:21:35] [INFO] [Nao_controller.py:1003]: LHipPitch is in End
[2024/11/12 14:21:35] [INFO] [Nao_controller.py:1081]: LKneePitch is in End
[2024/11/12 14:21:35] [INFO] [Nao_controller.py:1120]: LAnklePitch is in End
[2024/11/12 14:21:35] [INFO] [Nao_controller.py:1404]: RHipPitch is in End
[2024/11/12 14:21:35] [INFO] [Nao_controller.py:1482]: RKneePitch is in End
[2024/11/12 14:21:35] [INFO] [Nao_controller.py:1521]: RAnklePitch is in End
[2024/11/12 14:21:35] [INFO] [Nao_controller.py:1003]: LHipPitch is in End
[2024/11/12 14:21:35] [INFO] [Nao_controller.py:1081]: LKneePitch is in End
[2024/11/12 14:21:35] [INFO] [Nao_controller.py:1120]: LAnklePitch is in End
[2024/11/12 14:21:35] [INFO] [Nao_controller.py:1404]: RHipPitch is in End
[2024/11/12 14:21:35] [INFO] [Nao_controller.py:1482]: RKneePitch is in End
[2024/11/12 14:21:35] [INFO] [Nao_controller.py:1521]: RAnklePitch is in End
[2024/11/12 14:21:35] [INFO] [Nao_controller.py:1003]: LHipPitch is in End
[2024/11/12 14:21:35] [INFO] [Nao_controller.py:1081]: LKneePitch is in End
[2024/11/12 14:21:35] [INFO] [Nao_controller.py:1120]: LAnklePitch is in End
[2024/11/12 14:21:35] [INFO] [Nao_controller.py:1404]: RHipPitch is in End
[2024/11/12 14:21:35] [INFO] [Nao_controller.py:1482]: RKneePitch is in End
[2024/11/12 14:21:35] [INFO] [Nao_controller.py:1521]: RAnklePitch is in End
[2024/11/12 14:21:35] [INFO] [Nao_controller.py:1003]: LHipPitch is in End
[2024/11/12 14:21:35] [INFO] [Nao_controller.py:1081]: LKneePitch is in End
[2024/11/12 14:21:35] [INFO] [Nao_controller.py:1120]: LAnklePitch is in End
[2024/11/12 14:21:35] [INFO] [Nao_controller.py:1404]: RHipPitch is in End
[2024/11/12 14:21:35] [INFO] [Nao_controller.py:1482]: RKneePitch is in End
[2024/11/12 14:21:35] [INFO] [Nao_controller.py:1521]: RAnklePitch is in End
[2024/11/12 14:21:35] [INFO] [Nao_controller.py:1003]: LHipPitch is in End
[2024/11/12 14:21:35] [INFO] [Nao_controller.py:1081]: LKneePitch is in End
[2024/11/12 14:21:35] [INFO] [Nao_controller.py:1120]: LAnklePitch is in End
[2024/11/12 14:21:35] [INFO] [Nao_controller.py:1404]: RHipPitch is in End
[2024/11/12 14:21:35] [INFO] [Nao_controller.py:1482]: RKneePitch is in End
[2024/11/12 14:21:35] [INFO] [Nao_controller.py:1521]: RAnklePitch is in End
[2024/11/12 14:21:35] [INFO] [Nao_controller.py:1003]: LHipPitch is in End
[2024/11/12 14:21:35] [INFO] [Nao_controller.py:1081]: LKneePitch is in End
[2024/11/12 14:21:35] [INFO] [Nao_controller.py:1120]: LAnklePitch is in End
[2024/11/12 14:21:35] [INFO] [Nao_controller.py:1404]: RHipPitch is in End
[2024/11/12 14:21:35] [INFO] [Nao_controller.py:1482]: RKneePitch is in End
[2024/11/12 14:21:35] [INFO] [Nao_controller.py:1521]: RAnklePitch is in End
[2024/11/12 14:21:35] [INFO] [Nao_controller.py:1003]: LHipPitch is in End
[2024/11/12 14:21:35] [INFO] [Nao_controller.py:1081]: LKneePitch is in End
[2024/11/12 14:21:35] [INFO] [Nao_controller.py:1120]: LAnklePitch is in End
[2024/11/12 14:21:35] [INFO] [Nao_controller.py:1404]: RHipPitch is in End
[2024/11/12 14:21:35] [INFO] [Nao_controller.py:1482]: RKneePitch is in End
[2024/11/12 14:21:35] [INFO] [Nao_controller.py:1521]: RAnklePitch is in End
[2024/11/12 14:21:35] [INFO] [Nao_controller.py:1003]: LHipPitch is in End
[2024/11/12 14:21:35] [INFO] [Nao_controller.py:1081]: LKneePitch is in End
[2024/11/12 14:21:35] [INFO] [Nao_controller.py:1120]: LAnklePitch is in End
[2024/11/12 14:21:35] [INFO] [Nao_controller.py:1404]: RHipPitch is in End
[2024/11/12 14:21:35] [INFO] [Nao_controller.py:1482]: RKneePitch is in End
[2024/11/12 14:21:35] [INFO] [Nao_controller.py:1521]: RAnklePitch is in End
[2024/11/12 14:21:35] [INFO] [Nao_controller.py:1003]: LHipPitch is in End
[2024/11/12 14:21:35] [INFO] [Nao_controller.py:1081]: LKneePitch is in End
[2024/11/12 14:21:35] [INFO] [Nao_controller.py:1120]: LAnklePitch is in End
[2024/11/12 14:21:35] [INFO] [Nao_controller.py:1404]: RHipPitch is in End
[2024/11/12 14:21:35] [INFO] [Nao_controller.py:1482]: RKneePitch is in End
[2024/11/12 14:21:35] [INFO] [Nao_controller.py:1521]: RAnklePitch is in End
[2024/11/12 14:21:35] [INFO] [Nao_controller.py:1003]: LHipPitch is in End
[2024/11/12 14:21:35] [INFO] [Nao_controller.py:1081]: LKneePitch is in End
[2024/11/12 14:21:35] [INFO] [Nao_controller.py:1120]: LAnklePitch is in End
[2024/11/12 14:21:35] [INFO] [Nao_controller.py:1404]: RHipPitch is in End
[2024/11/12 14:21:35] [INFO] [Nao_controller.py:1482]: RKneePitch is in End
[2024/11/12 14:21:35] [INFO] [Nao_controller.py:1521]: RAnklePitch is in End
[2024/11/12 14:21:35] [INFO] [Nao_controller.py:1003]: LHipPitch is in End
[2024/11/12 14:21:35] [INFO] [Nao_controller.py:1081]: LKneePitch is in End
[2024/11/12 14:21:35] [INFO] [Nao_controller.py:1120]: LAnklePitch is in End
[2024/11/12 14:21:35] [INFO] [Nao_controller.py:1404]: RHipPitch is in End
[2024/11/12 14:21:35] [INFO] [Nao_controller.py:1482]: RKneePitch is in End
[2024/11/12 14:21:35] [INFO] [Nao_controller.py:1521]: RAnklePitch is in End
[2024/11/12 14:21:35] [INFO] [Nao_controller.py:1003]: LHipPitch is in End
[2024/11/12 14:21:35] [INFO] [Nao_controller.py:1081]: LKneePitch is in End
[2024/11/12 14:21:35] [INFO] [Nao_controller.py:1120]: LAnklePitch is in End
[2024/11/12 14:21:35] [INFO] [Nao_controller.py:1404]: RHipPitch is in End
[2024/11/12 14:21:35] [INFO] [Nao_controller.py:1482]: RKneePitch is in End
[2024/11/12 14:21:35] [INFO] [Nao_controller.py:1521]: RAnklePitch is in End
[2024/11/12 14:21:36] [INFO] [Nao_controller.py:1003]: LHipPitch is in End
[2024/11/12 14:21:36] [INFO] [Nao_controller.py:1081]: LKneePitch is in End
[2024/11/12 14:21:36] [INFO] [Nao_controller.py:1120]: LAnklePitch is in End
[2024/11/12 14:21:36] [INFO] [Nao_controller.py:1404]: RHipPitch is in End
[2024/11/12 14:21:36] [INFO] [Nao_controller.py:1482]: RKneePitch is in End
[2024/11/12 14:21:36] [INFO] [Nao_controller.py:1521]: RAnklePitch is in End
[2024/11/12 14:21:36] [INFO] [Nao_controller.py:1003]: LHipPitch is in End
[2024/11/12 14:21:36] [INFO] [Nao_controller.py:1081]: LKneePitch is in End
[2024/11/12 14:21:36] [INFO] [Nao_controller.py:1120]: LAnklePitch is in End
[2024/11/12 14:21:36] [INFO] [Nao_controller.py:1404]: RHipPitch is in End
[2024/11/12 14:21:36] [INFO] [Nao_controller.py:1482]: RKneePitch is in End
[2024/11/12 14:21:36] [INFO] [Nao_controller.py:1521]: RAnklePitch is in End
[2024/11/12 14:21:36] [INFO] [Nao_controller.py:1003]: LHipPitch is in End
[2024/11/12 14:21:36] [INFO] [Nao_controller.py:1081]: LKneePitch is in End
[2024/11/12 14:21:36] [INFO] [Nao_controller.py:1120]: LAnklePitch is in End
[2024/11/12 14:21:36] [INFO] [Nao_controller.py:1404]: RHipPitch is in End
[2024/11/12 14:21:36] [INFO] [Nao_controller.py:1482]: RKneePitch is in End
[2024/11/12 14:21:36] [INFO] [Nao_controller.py:1521]: RAnklePitch is in End
[2024/11/12 14:21:36] [INFO] [Nao_controller.py:1003]: LHipPitch is in End
[2024/11/12 14:21:36] [INFO] [Nao_controller.py:1081]: LKneePitch is in End
[2024/11/12 14:21:36] [INFO] [Nao_controller.py:1120]: LAnklePitch is in End
[2024/11/12 14:21:36] [INFO] [Nao_controller.py:1404]: RHipPitch is in End
[2024/11/12 14:21:36] [INFO] [Nao_controller.py:1482]: RKneePitch is in End
[2024/11/12 14:21:36] [INFO] [Nao_controller.py:1521]: RAnklePitch is in End
[2024/11/12 14:21:36] [INFO] [Nao_controller.py:1003]: LHipPitch is in End
[2024/11/12 14:21:36] [INFO] [Nao_controller.py:1081]: LKneePitch is in End
[2024/11/12 14:21:36] [INFO] [Nao_controller.py:1120]: LAnklePitch is in End
[2024/11/12 14:21:36] [INFO] [Nao_controller.py:1404]: RHipPitch is in End
[2024/11/12 14:21:36] [INFO] [Nao_controller.py:1482]: RKneePitch is in End
[2024/11/12 14:21:36] [INFO] [Nao_controller.py:1521]: RAnklePitch is in End
[2024/11/12 14:21:36] [INFO] [Nao_controller.py:1003]: LHipPitch is in End
[2024/11/12 14:21:36] [INFO] [Nao_controller.py:1081]: LKneePitch is in End
[2024/11/12 14:21:36] [INFO] [Nao_controller.py:1120]: LAnklePitch is in End
[2024/11/12 14:21:36] [INFO] [Nao_controller.py:1404]: RHipPitch is in End
[2024/11/12 14:21:36] [INFO] [Nao_controller.py:1482]: RKneePitch is in End
[2024/11/12 14:21:36] [INFO] [Nao_controller.py:1521]: RAnklePitch is in End
[2024/11/12 14:21:36] [INFO] [Nao_controller.py:1003]: LHipPitch is in End
[2024/11/12 14:21:36] [INFO] [Nao_controller.py:1081]: LKneePitch is in End
[2024/11/12 14:21:36] [INFO] [Nao_controller.py:1120]: LAnklePitch is in End
[2024/11/12 14:21:36] [INFO] [Nao_controller.py:1404]: RHipPitch is in End
[2024/11/12 14:21:36] [INFO] [Nao_controller.py:1482]: RKneePitch is in End
[2024/11/12 14:21:36] [INFO] [Nao_controller.py:1521]: RAnklePitch is in End
[2024/11/12 14:21:36] [INFO] [Nao_controller.py:1003]: LHipPitch is in End
[2024/11/12 14:21:36] [INFO] [Nao_controller.py:1081]: LKneePitch is in End
[2024/11/12 14:21:36] [INFO] [Nao_controller.py:1120]: LAnklePitch is in End
[2024/11/12 14:21:36] [INFO] [Nao_controller.py:1404]: RHipPitch is in End
[2024/11/12 14:21:36] [INFO] [Nao_controller.py:1482]: RKneePitch is in End
[2024/11/12 14:21:36] [INFO] [Nao_controller.py:1521]: RAnklePitch is in End
[2024/11/12 14:21:36] [INFO] [Nao_controller.py:1003]: LHipPitch is in End
[2024/11/12 14:21:36] [INFO] [Nao_controller.py:1081]: LKneePitch is in End
[2024/11/12 14:21:36] [INFO] [Nao_controller.py:1120]: LAnklePitch is in End
[2024/11/12 14:21:36] [INFO] [Nao_controller.py:1404]: RHipPitch is in End
[2024/11/12 14:21:36] [INFO] [Nao_controller.py:1482]: RKneePitch is in End
[2024/11/12 14:21:36] [INFO] [Nao_controller.py:1521]: RAnklePitch is in End
[2024/11/12 14:21:36] [INFO] [Nao_controller.py:1003]: LHipPitch is in End
[2024/11/12 14:21:36] [INFO] [Nao_controller.py:1081]: LKneePitch is in End
[2024/11/12 14:21:36] [INFO] [Nao_controller.py:1120]: LAnklePitch is in End
[2024/11/12 14:21:36] [INFO] [Nao_controller.py:1404]: RHipPitch is in End
[2024/11/12 14:21:36] [INFO] [Nao_controller.py:1482]: RKneePitch is in End
[2024/11/12 14:21:36] [INFO] [Nao_controller.py:1521]: RAnklePitch is in End
[2024/11/12 14:21:36] [INFO] [Nao_controller.py:1003]: LHipPitch is in End
[2024/11/12 14:21:36] [INFO] [Nao_controller.py:1081]: LKneePitch is in End
[2024/11/12 14:21:36] [INFO] [Nao_controller.py:1120]: LAnklePitch is in End
[2024/11/12 14:21:36] [INFO] [Nao_controller.py:1404]: RHipPitch is in End
[2024/11/12 14:21:36] [INFO] [Nao_controller.py:1482]: RKneePitch is in End
[2024/11/12 14:21:36] [INFO] [Nao_controller.py:1521]: RAnklePitch is in End
[2024/11/12 14:21:36] [INFO] [Nao_controller.py:1003]: LHipPitch is in End
[2024/11/12 14:21:36] [INFO] [Nao_controller.py:1081]: LKneePitch is in End
[2024/11/12 14:21:36] [INFO] [Nao_controller.py:1120]: LAnklePitch is in End
[2024/11/12 14:21:36] [INFO] [Nao_controller.py:1404]: RHipPitch is in End
[2024/11/12 14:21:36] [INFO] [Nao_controller.py:1482]: RKneePitch is in End
[2024/11/12 14:21:36] [INFO] [Nao_controller.py:1521]: RAnklePitch is in End
[2024/11/12 14:21:36] [INFO] [Nao_controller.py:1003]: LHipPitch is in End
[2024/11/12 14:21:36] [INFO] [Nao_controller.py:1081]: LKneePitch is in End
[2024/11/12 14:21:36] [INFO] [Nao_controller.py:1120]: LAnklePitch is in End
[2024/11/12 14:21:36] [INFO] [Nao_controller.py:1404]: RHipPitch is in End
[2024/11/12 14:21:36] [INFO] [Nao_controller.py:1482]: RKneePitch is in End
[2024/11/12 14:21:36] [INFO] [Nao_controller.py:1521]: RAnklePitch is in End
[2024/11/12 14:21:36] [INFO] [Nao_controller.py:1003]: LHipPitch is in End
[2024/11/12 14:21:36] [INFO] [Nao_controller.py:1081]: LKneePitch is in End
[2024/11/12 14:21:36] [INFO] [Nao_controller.py:1120]: LAnklePitch is in End
[2024/11/12 14:21:36] [INFO] [Nao_controller.py:1404]: RHipPitch is in End
[2024/11/12 14:21:36] [INFO] [Nao_controller.py:1482]: RKneePitch is in End
[2024/11/12 14:21:36] [INFO] [Nao_controller.py:1521]: RAnklePitch is in End
[2024/11/12 14:21:36] [INFO] [Nao_controller.py:1003]: LHipPitch is in End
[2024/11/12 14:21:36] [INFO] [Nao_controller.py:1081]: LKneePitch is in End
[2024/11/12 14:21:36] [INFO] [Nao_controller.py:1120]: LAnklePitch is in End
[2024/11/12 14:21:36] [INFO] [Nao_controller.py:1404]: RHipPitch is in End
[2024/11/12 14:21:36] [INFO] [Nao_controller.py:1482]: RKneePitch is in End
[2024/11/12 14:21:36] [INFO] [Nao_controller.py:1521]: RAnklePitch is in End
[2024/11/12 14:21:36] [INFO] [Nao_controller.py:1003]: LHipPitch is in End
[2024/11/12 14:21:36] [INFO] [Nao_controller.py:1081]: LKneePitch is in End
[2024/11/12 14:21:36] [INFO] [Nao_controller.py:1120]: LAnklePitch is in End
[2024/11/12 14:21:36] [INFO] [Nao_controller.py:1404]: RHipPitch is in End
[2024/11/12 14:21:36] [INFO] [Nao_controller.py:1482]: RKneePitch is in End
[2024/11/12 14:21:36] [INFO] [Nao_controller.py:1521]: RAnklePitch is in End
[2024/11/12 14:21:36] [INFO] [Nao_controller.py:1003]: LHipPitch is in End
[2024/11/12 14:21:36] [INFO] [Nao_controller.py:1081]: LKneePitch is in End
[2024/11/12 14:21:36] [INFO] [Nao_controller.py:1120]: LAnklePitch is in End
[2024/11/12 14:21:36] [INFO] [Nao_controller.py:1404]: RHipPitch is in End
[2024/11/12 14:21:36] [INFO] [Nao_controller.py:1482]: RKneePitch is in End
[2024/11/12 14:21:36] [INFO] [Nao_controller.py:1521]: RAnklePitch is in End
[2024/11/12 14:21:36] [INFO] [Nao_controller.py:1003]: LHipPitch is in End
[2024/11/12 14:21:36] [INFO] [Nao_controller.py:1081]: LKneePitch is in End
[2024/11/12 14:21:36] [INFO] [Nao_controller.py:1120]: LAnklePitch is in End
[2024/11/12 14:21:36] [INFO] [Nao_controller.py:1404]: RHipPitch is in End
[2024/11/12 14:21:36] [INFO] [Nao_controller.py:1482]: RKneePitch is in End
[2024/11/12 14:21:36] [INFO] [Nao_controller.py:1521]: RAnklePitch is in End
[2024/11/12 14:21:36] [INFO] [Nao_controller.py:1003]: LHipPitch is in End
[2024/11/12 14:21:36] [INFO] [Nao_controller.py:1081]: LKneePitch is in End
[2024/11/12 14:21:36] [INFO] [Nao_controller.py:1120]: LAnklePitch is in End
[2024/11/12 14:21:36] [INFO] [Nao_controller.py:1404]: RHipPitch is in End
[2024/11/12 14:21:36] [INFO] [Nao_controller.py:1482]: RKneePitch is in End
[2024/11/12 14:21:36] [INFO] [Nao_controller.py:1521]: RAnklePitch is in End
[2024/11/12 14:21:36] [INFO] [Nao_controller.py:1003]: LHipPitch is in End
[2024/11/12 14:21:36] [INFO] [Nao_controller.py:1081]: LKneePitch is in End
[2024/11/12 14:21:36] [INFO] [Nao_controller.py:1120]: LAnklePitch is in End
[2024/11/12 14:21:36] [INFO] [Nao_controller.py:1404]: RHipPitch is in End
[2024/11/12 14:21:36] [INFO] [Nao_controller.py:1482]: RKneePitch is in End
[2024/11/12 14:21:36] [INFO] [Nao_controller.py:1521]: RAnklePitch is in End
[2024/11/12 14:21:36] [INFO] [Nao_controller.py:1003]: LHipPitch is in End
[2024/11/12 14:21:36] [INFO] [Nao_controller.py:1081]: LKneePitch is in End
[2024/11/12 14:21:36] [INFO] [Nao_controller.py:1120]: LAnklePitch is in End
[2024/11/12 14:21:36] [INFO] [Nao_controller.py:1404]: RHipPitch is in End
[2024/11/12 14:21:36] [INFO] [Nao_controller.py:1482]: RKneePitch is in End
[2024/11/12 14:21:36] [INFO] [Nao_controller.py:1521]: RAnklePitch is in End
[2024/11/12 14:21:36] [INFO] [Nao_controller.py:1003]: LHipPitch is in End
[2024/11/12 14:21:36] [INFO] [Nao_controller.py:1081]: LKneePitch is in End
[2024/11/12 14:21:36] [INFO] [Nao_controller.py:1120]: LAnklePitch is in End
[2024/11/12 14:21:36] [INFO] [Nao_controller.py:1404]: RHipPitch is in End
[2024/11/12 14:21:36] [INFO] [Nao_controller.py:1482]: RKneePitch is in End
[2024/11/12 14:21:36] [INFO] [Nao_controller.py:1521]: RAnklePitch is in End
[2024/11/12 14:21:36] [INFO] [Nao_controller.py:1003]: LHipPitch is in End
[2024/11/12 14:21:36] [INFO] [Nao_controller.py:1081]: LKneePitch is in End
[2024/11/12 14:21:36] [INFO] [Nao_controller.py:1120]: LAnklePitch is in End
[2024/11/12 14:21:36] [INFO] [Nao_controller.py:1404]: RHipPitch is in End
[2024/11/12 14:21:36] [INFO] [Nao_controller.py:1482]: RKneePitch is in End
[2024/11/12 14:21:36] [INFO] [Nao_controller.py:1521]: RAnklePitch is in End
[2024/11/12 14:21:36] [INFO] [Nao_controller.py:1003]: LHipPitch is in End
[2024/11/12 14:21:36] [INFO] [Nao_controller.py:1081]: LKneePitch is in End
[2024/11/12 14:21:36] [INFO] [Nao_controller.py:1120]: LAnklePitch is in End
[2024/11/12 14:21:36] [INFO] [Nao_controller.py:1404]: RHipPitch is in End
[2024/11/12 14:21:36] [INFO] [Nao_controller.py:1482]: RKneePitch is in End
[2024/11/12 14:21:36] [INFO] [Nao_controller.py:1521]: RAnklePitch is in End
[2024/11/12 14:21:36] [INFO] [Nao_controller.py:1003]: LHipPitch is in End
[2024/11/12 14:21:36] [INFO] [Nao_controller.py:1081]: LKneePitch is in End
[2024/11/12 14:21:36] [INFO] [Nao_controller.py:1120]: LAnklePitch is in End
[2024/11/12 14:21:36] [INFO] [Nao_controller.py:1404]: RHipPitch is in End
[2024/11/12 14:21:36] [INFO] [Nao_controller.py:1482]: RKneePitch is in End
[2024/11/12 14:21:36] [INFO] [Nao_controller.py:1521]: RAnklePitch is in End
[2024/11/12 14:21:36] [INFO] [Nao_controller.py:1003]: LHipPitch is in End
[2024/11/12 14:21:36] [INFO] [Nao_controller.py:1081]: LKneePitch is in End
[2024/11/12 14:21:36] [INFO] [Nao_controller.py:1120]: LAnklePitch is in End
[2024/11/12 14:21:36] [INFO] [Nao_controller.py:1404]: RHipPitch is in End
[2024/11/12 14:21:36] [INFO] [Nao_controller.py:1482]: RKneePitch is in End
[2024/11/12 14:21:36] [INFO] [Nao_controller.py:1521]: RAnklePitch is in End
[2024/11/12 14:21:36] [INFO] [Nao_controller.py:1003]: LHipPitch is in End
[2024/11/12 14:21:36] [INFO] [Nao_controller.py:1081]: LKneePitch is in End
[2024/11/12 14:21:36] [INFO] [Nao_controller.py:1120]: LAnklePitch is in End
[2024/11/12 14:21:36] [INFO] [Nao_controller.py:1404]: RHipPitch is in End
[2024/11/12 14:21:36] [INFO] [Nao_controller.py:1482]: RKneePitch is in End
[2024/11/12 14:21:36] [INFO] [Nao_controller.py:1521]: RAnklePitch is in End
[2024/11/12 14:21:36] [INFO] [Nao_controller.py:1003]: LHipPitch is in End
[2024/11/12 14:21:36] [INFO] [Nao_controller.py:1081]: LKneePitch is in End
[2024/11/12 14:21:36] [INFO] [Nao_controller.py:1120]: LAnklePitch is in End
[2024/11/12 14:21:36] [INFO] [Nao_controller.py:1404]: RHipPitch is in End
[2024/11/12 14:21:36] [INFO] [Nao_controller.py:1482]: RKneePitch is in End
[2024/11/12 14:21:36] [INFO] [Nao_controller.py:1521]: RAnklePitch is in End
[2024/11/12 14:21:36] [INFO] [Nao_controller.py:1003]: LHipPitch is in End
[2024/11/12 14:21:36] [INFO] [Nao_controller.py:1081]: LKneePitch is in End
[2024/11/12 14:21:36] [INFO] [Nao_controller.py:1120]: LAnklePitch is in End
[2024/11/12 14:21:36] [INFO] [Nao_controller.py:1404]: RHipPitch is in End
[2024/11/12 14:21:36] [INFO] [Nao_controller.py:1482]: RKneePitch is in End
[2024/11/12 14:21:36] [INFO] [Nao_controller.py:1521]: RAnklePitch is in End
[2024/11/12 14:21:36] [INFO] [Nao_controller.py:1003]: LHipPitch is in End
[2024/11/12 14:21:36] [INFO] [Nao_controller.py:1081]: LKneePitch is in End
[2024/11/12 14:21:36] [INFO] [Nao_controller.py:1120]: LAnklePitch is in End
[2024/11/12 14:21:36] [INFO] [Nao_controller.py:1404]: RHipPitch is in End
[2024/11/12 14:21:36] [INFO] [Nao_controller.py:1482]: RKneePitch is in End
[2024/11/12 14:21:36] [INFO] [Nao_controller.py:1521]: RAnklePitch is in End
[2024/11/12 14:21:36] [INFO] [Nao_controller.py:1003]: LHipPitch is in End
[2024/11/12 14:21:36] [INFO] [Nao_controller.py:1081]: LKneePitch is in End
[2024/11/12 14:21:36] [INFO] [Nao_controller.py:1120]: LAnklePitch is in End
[2024/11/12 14:21:36] [INFO] [Nao_controller.py:1404]: RHipPitch is in End
[2024/11/12 14:21:36] [INFO] [Nao_controller.py:1482]: RKneePitch is in End
[2024/11/12 14:21:36] [INFO] [Nao_controller.py:1521]: RAnklePitch is in End
[2024/11/12 14:21:37] [INFO] [Nao_controller.py:1003]: LHipPitch is in End
[2024/11/12 14:21:37] [INFO] [Nao_controller.py:1081]: LKneePitch is in End
[2024/11/12 14:21:37] [INFO] [Nao_controller.py:1120]: LAnklePitch is in End
[2024/11/12 14:21:37] [INFO] [Nao_controller.py:1404]: RHipPitch is in End
[2024/11/12 14:21:37] [INFO] [Nao_controller.py:1482]: RKneePitch is in End
[2024/11/12 14:21:37] [INFO] [Nao_controller.py:1521]: RAnklePitch is in End
[2024/11/12 14:21:37] [INFO] [Nao_controller.py:1003]: LHipPitch is in End
[2024/11/12 14:21:37] [INFO] [Nao_controller.py:1081]: LKneePitch is in End
[2024/11/12 14:21:37] [INFO] [Nao_controller.py:1120]: LAnklePitch is in End
[2024/11/12 14:21:37] [INFO] [Nao_controller.py:1404]: RHipPitch is in End
[2024/11/12 14:21:37] [INFO] [Nao_controller.py:1482]: RKneePitch is in End
[2024/11/12 14:21:37] [INFO] [Nao_controller.py:1521]: RAnklePitch is in End
[2024/11/12 14:21:37] [INFO] [Nao_controller.py:1003]: LHipPitch is in End
[2024/11/12 14:21:37] [INFO] [Nao_controller.py:1081]: LKneePitch is in End
[2024/11/12 14:21:37] [INFO] [Nao_controller.py:1120]: LAnklePitch is in End
[2024/11/12 14:21:37] [INFO] [Nao_controller.py:1404]: RHipPitch is in End
[2024/11/12 14:21:37] [INFO] [Nao_controller.py:1482]: RKneePitch is in End
[2024/11/12 14:21:37] [INFO] [Nao_controller.py:1521]: RAnklePitch is in End
[2024/11/12 14:21:37] [INFO] [Nao_controller.py:1003]: LHipPitch is in End
[2024/11/12 14:21:37] [INFO] [Nao_controller.py:1081]: LKneePitch is in End
[2024/11/12 14:21:37] [INFO] [Nao_controller.py:1120]: LAnklePitch is in End
[2024/11/12 14:21:37] [INFO] [Nao_controller.py:1404]: RHipPitch is in End
[2024/11/12 14:21:37] [INFO] [Nao_controller.py:1482]: RKneePitch is in End
[2024/11/12 14:21:37] [INFO] [Nao_controller.py:1521]: RAnklePitch is in End
[2024/11/12 14:21:37] [INFO] [Nao_controller.py:1003]: LHipPitch is in End
[2024/11/12 14:21:37] [INFO] [Nao_controller.py:1081]: LKneePitch is in End
[2024/11/12 14:21:37] [INFO] [Nao_controller.py:1120]: LAnklePitch is in End
[2024/11/12 14:21:37] [INFO] [Nao_controller.py:1404]: RHipPitch is in End
[2024/11/12 14:21:37] [INFO] [Nao_controller.py:1482]: RKneePitch is in End
[2024/11/12 14:21:37] [INFO] [Nao_controller.py:1521]: RAnklePitch is in End
[2024/11/12 14:21:37] [INFO] [Nao_controller.py:1003]: LHipPitch is in End
[2024/11/12 14:21:37] [INFO] [Nao_controller.py:1081]: LKneePitch is in End
[2024/11/12 14:21:37] [INFO] [Nao_controller.py:1120]: LAnklePitch is in End
[2024/11/12 14:21:37] [INFO] [Nao_controller.py:1404]: RHipPitch is in End
[2024/11/12 14:21:37] [INFO] [Nao_controller.py:1482]: RKneePitch is in End
[2024/11/12 14:21:37] [INFO] [Nao_controller.py:1521]: RAnklePitch is in End
[2024/11/12 14:21:37] [INFO] [Nao_controller.py:1003]: LHipPitch is in End
[2024/11/12 14:21:37] [INFO] [Nao_controller.py:1081]: LKneePitch is in End
[2024/11/12 14:21:37] [INFO] [Nao_controller.py:1120]: LAnklePitch is in End
[2024/11/12 14:21:37] [INFO] [Nao_controller.py:1404]: RHipPitch is in End
[2024/11/12 14:21:37] [INFO] [Nao_controller.py:1482]: RKneePitch is in End
[2024/11/12 14:21:37] [INFO] [Nao_controller.py:1521]: RAnklePitch is in End
[2024/11/12 14:21:37] [INFO] [Nao_controller.py:1003]: LHipPitch is in End
[2024/11/12 14:21:37] [INFO] [Nao_controller.py:1081]: LKneePitch is in End
[2024/11/12 14:21:37] [INFO] [Nao_controller.py:1120]: LAnklePitch is in End
[2024/11/12 14:21:37] [INFO] [Nao_controller.py:1404]: RHipPitch is in End
[2024/11/12 14:21:37] [INFO] [Nao_controller.py:1482]: RKneePitch is in End
[2024/11/12 14:21:37] [INFO] [Nao_controller.py:1521]: RAnklePitch is in End
[2024/11/12 14:21:49] [INFO] [Nao_controller.py:1614]: Init NAO_MOTION!
[2024/11/12 14:21:49] [INFO] [Nao_controller.py:977]: LHipPitch is in Initial
[2024/11/12 14:21:49] [INFO] [Nao_controller.py:1055]: LKneePitch is in Initial
[2024/11/12 14:21:49] [INFO] [Nao_controller.py:1094]: LAnklePitch is in Initial
[2024/11/12 14:21:49] [INFO] [Nao_controller.py:1377]: RHipPitch is in Initial
[2024/11/12 14:21:49] [INFO] [Nao_controller.py:1456]: RKneePitch is in Initial
[2024/11/12 14:21:49] [INFO] [Nao_controller.py:1495]: RAnklePitch is in Initial
[2024/11/12 14:21:49] [INFO] [Nao_controller.py:982]: LHipPitch is in Prepare
[2024/11/12 14:21:49] [INFO] [Nao_controller.py:1060]: LKneePitch is in Prepare
[2024/11/12 14:21:49] [INFO] [Nao_controller.py:1099]: LAnklePitch is in Prepare
[2024/11/12 14:21:49] [INFO] [Nao_controller.py:1383]: RHipPitch is in Prepare
[2024/11/12 14:21:49] [INFO] [Nao_controller.py:1461]: RKneePitch is in Prepare
[2024/11/12 14:21:49] [INFO] [Nao_controller.py:1500]: RAnklePitch is in Prepare
[2024/11/12 14:21:49] [INFO] [Nao_controller.py:988]: LHipPitch is in Moving
[2024/11/12 14:21:49] [INFO] [Nao_controller.py:1066]: LKneePitch is in Moving
[2024/11/12 14:21:49] [INFO] [Nao_controller.py:1105]: LAnklePitch is in Moving
[2024/11/12 14:21:49] [INFO] [Nao_controller.py:1389]: RHipPitch is in Moving
[2024/11/12 14:21:49] [INFO] [Nao_controller.py:1467]: RKneePitch is in Moving
[2024/11/12 14:21:49] [INFO] [Nao_controller.py:1506]: RAnklePitch is in Moving
[2024/11/12 14:21:49] [INFO] [Nao_controller.py:997]: LHipPitch is in Finish
[2024/11/12 14:21:49] [INFO] [Nao_controller.py:1075]: LKneePitch is in Finish
[2024/11/12 14:21:49] [INFO] [Nao_controller.py:1114]: LAnklePitch is in Finish
[2024/11/12 14:21:49] [INFO] [Nao_controller.py:1398]: RHipPitch is in Finish
[2024/11/12 14:21:49] [INFO] [Nao_controller.py:1476]: RKneePitch is in Finish
[2024/11/12 14:21:49] [INFO] [Nao_controller.py:1515]: RAnklePitch is in Finish
[2024/11/12 14:21:49] [INFO] [Nao_controller.py:1003]: LHipPitch is in End
[2024/11/12 14:21:49] [INFO] [Nao_controller.py:1081]: LKneePitch is in End
[2024/11/12 14:21:49] [INFO] [Nao_controller.py:1120]: LAnklePitch is in End
[2024/11/12 14:21:49] [INFO] [Nao_controller.py:1404]: RHipPitch is in End
[2024/11/12 14:21:49] [INFO] [Nao_controller.py:1482]: RKneePitch is in End
[2024/11/12 14:21:49] [INFO] [Nao_controller.py:1521]: RAnklePitch is in End
[2024/11/12 14:21:49] [INFO] [Nao_controller.py:1003]: LHipPitch is in End
[2024/11/12 14:21:49] [INFO] [Nao_controller.py:1081]: LKneePitch is in End
[2024/11/12 14:21:49] [INFO] [Nao_controller.py:1120]: LAnklePitch is in End
[2024/11/12 14:21:49] [INFO] [Nao_controller.py:1404]: RHipPitch is in End
[2024/11/12 14:21:49] [INFO] [Nao_controller.py:1482]: RKneePitch is in End
[2024/11/12 14:21:49] [INFO] [Nao_controller.py:1521]: RAnklePitch is in End
[2024/11/12 14:21:49] [INFO] [Nao_controller.py:1003]: LHipPitch is in End
[2024/11/12 14:21:49] [INFO] [Nao_controller.py:1081]: LKneePitch is in End
[2024/11/12 14:21:49] [INFO] [Nao_controller.py:1120]: LAnklePitch is in End
[2024/11/12 14:21:49] [INFO] [Nao_controller.py:1404]: RHipPitch is in End
[2024/11/12 14:21:49] [INFO] [Nao_controller.py:1482]: RKneePitch is in End
[2024/11/12 14:21:49] [INFO] [Nao_controller.py:1521]: RAnklePitch is in End
[2024/11/12 14:21:49] [INFO] [Nao_controller.py:1003]: LHipPitch is in End
[2024/11/12 14:21:49] [INFO] [Nao_controller.py:1081]: LKneePitch is in End
[2024/11/12 14:21:49] [INFO] [Nao_controller.py:1120]: LAnklePitch is in End
[2024/11/12 14:21:49] [INFO] [Nao_controller.py:1404]: RHipPitch is in End
[2024/11/12 14:21:49] [INFO] [Nao_controller.py:1482]: RKneePitch is in End
[2024/11/12 14:21:49] [INFO] [Nao_controller.py:1521]: RAnklePitch is in End
[2024/11/12 14:21:50] [INFO] [Nao_controller.py:1003]: LHipPitch is in End
[2024/11/12 14:21:50] [INFO] [Nao_controller.py:1081]: LKneePitch is in End
[2024/11/12 14:21:50] [INFO] [Nao_controller.py:1120]: LAnklePitch is in End
[2024/11/12 14:21:50] [INFO] [Nao_controller.py:1404]: RHipPitch is in End
[2024/11/12 14:21:50] [INFO] [Nao_controller.py:1482]: RKneePitch is in End
[2024/11/12 14:21:50] [INFO] [Nao_controller.py:1521]: RAnklePitch is in End
[2024/11/12 14:21:50] [INFO] [Nao_controller.py:1003]: LHipPitch is in End
[2024/11/12 14:21:50] [INFO] [Nao_controller.py:1081]: LKneePitch is in End
[2024/11/12 14:21:50] [INFO] [Nao_controller.py:1120]: LAnklePitch is in End
[2024/11/12 14:21:50] [INFO] [Nao_controller.py:1404]: RHipPitch is in End
[2024/11/12 14:21:50] [INFO] [Nao_controller.py:1482]: RKneePitch is in End
[2024/11/12 14:21:50] [INFO] [Nao_controller.py:1521]: RAnklePitch is in End
[2024/11/12 14:21:50] [INFO] [Nao_controller.py:1003]: LHipPitch is in End
[2024/11/12 14:21:50] [INFO] [Nao_controller.py:1081]: LKneePitch is in End
[2024/11/12 14:21:50] [INFO] [Nao_controller.py:1120]: LAnklePitch is in End
[2024/11/12 14:21:50] [INFO] [Nao_controller.py:1404]: RHipPitch is in End
[2024/11/12 14:21:50] [INFO] [Nao_controller.py:1482]: RKneePitch is in End
[2024/11/12 14:21:50] [INFO] [Nao_controller.py:1521]: RAnklePitch is in End
[2024/11/12 14:21:50] [INFO] [Nao_controller.py:1003]: LHipPitch is in End
[2024/11/12 14:21:50] [INFO] [Nao_controller.py:1081]: LKneePitch is in End
[2024/11/12 14:21:50] [INFO] [Nao_controller.py:1120]: LAnklePitch is in End
[2024/11/12 14:21:50] [INFO] [Nao_controller.py:1404]: RHipPitch is in End
[2024/11/12 14:21:50] [INFO] [Nao_controller.py:1482]: RKneePitch is in End
[2024/11/12 14:21:50] [INFO] [Nao_controller.py:1521]: RAnklePitch is in End
[2024/11/12 14:21:50] [INFO] [Nao_controller.py:1003]: LHipPitch is in End
[2024/11/12 14:21:50] [INFO] [Nao_controller.py:1081]: LKneePitch is in End
[2024/11/12 14:21:50] [INFO] [Nao_controller.py:1120]: LAnklePitch is in End
[2024/11/12 14:21:50] [INFO] [Nao_controller.py:1404]: RHipPitch is in End
[2024/11/12 14:21:50] [INFO] [Nao_controller.py:1482]: RKneePitch is in End
[2024/11/12 14:21:50] [INFO] [Nao_controller.py:1521]: RAnklePitch is in End
[2024/11/12 14:21:50] [INFO] [Nao_controller.py:1003]: LHipPitch is in End
[2024/11/12 14:21:50] [INFO] [Nao_controller.py:1081]: LKneePitch is in End
[2024/11/12 14:21:50] [INFO] [Nao_controller.py:1120]: LAnklePitch is in End
[2024/11/12 14:21:50] [INFO] [Nao_controller.py:1404]: RHipPitch is in End
[2024/11/12 14:21:50] [INFO] [Nao_controller.py:1482]: RKneePitch is in End
[2024/11/12 14:21:50] [INFO] [Nao_controller.py:1521]: RAnklePitch is in End
[2024/11/12 14:21:50] [INFO] [Nao_controller.py:1003]: LHipPitch is in End
[2024/11/12 14:21:50] [INFO] [Nao_controller.py:1081]: LKneePitch is in End
[2024/11/12 14:21:50] [INFO] [Nao_controller.py:1120]: LAnklePitch is in End
[2024/11/12 14:21:50] [INFO] [Nao_controller.py:1404]: RHipPitch is in End
[2024/11/12 14:21:50] [INFO] [Nao_controller.py:1482]: RKneePitch is in End
[2024/11/12 14:21:50] [INFO] [Nao_controller.py:1521]: RAnklePitch is in End
[2024/11/12 14:21:50] [INFO] [Nao_controller.py:1003]: LHipPitch is in End
[2024/11/12 14:21:50] [INFO] [Nao_controller.py:1081]: LKneePitch is in End
[2024/11/12 14:21:50] [INFO] [Nao_controller.py:1120]: LAnklePitch is in End
[2024/11/12 14:21:50] [INFO] [Nao_controller.py:1404]: RHipPitch is in End
[2024/11/12 14:21:50] [INFO] [Nao_controller.py:1482]: RKneePitch is in End
[2024/11/12 14:21:50] [INFO] [Nao_controller.py:1521]: RAnklePitch is in End
[2024/11/12 14:21:50] [INFO] [Nao_controller.py:1003]: LHipPitch is in End
[2024/11/12 14:21:50] [INFO] [Nao_controller.py:1081]: LKneePitch is in End
[2024/11/12 14:21:50] [INFO] [Nao_controller.py:1120]: LAnklePitch is in End
[2024/11/12 14:21:50] [INFO] [Nao_controller.py:1404]: RHipPitch is in End
[2024/11/12 14:21:50] [INFO] [Nao_controller.py:1482]: RKneePitch is in End
[2024/11/12 14:21:50] [INFO] [Nao_controller.py:1521]: RAnklePitch is in End
[2024/11/12 14:21:50] [INFO] [Nao_controller.py:1003]: LHipPitch is in End
[2024/11/12 14:21:50] [INFO] [Nao_controller.py:1081]: LKneePitch is in End
[2024/11/12 14:21:50] [INFO] [Nao_controller.py:1120]: LAnklePitch is in End
[2024/11/12 14:21:50] [INFO] [Nao_controller.py:1404]: RHipPitch is in End
[2024/11/12 14:21:50] [INFO] [Nao_controller.py:1482]: RKneePitch is in End
[2024/11/12 14:21:50] [INFO] [Nao_controller.py:1521]: RAnklePitch is in End
[2024/11/12 14:21:50] [INFO] [Nao_controller.py:1003]: LHipPitch is in End
[2024/11/12 14:21:50] [INFO] [Nao_controller.py:1081]: LKneePitch is in End
[2024/11/12 14:21:50] [INFO] [Nao_controller.py:1120]: LAnklePitch is in End
[2024/11/12 14:21:50] [INFO] [Nao_controller.py:1404]: RHipPitch is in End
[2024/11/12 14:21:50] [INFO] [Nao_controller.py:1482]: RKneePitch is in End
[2024/11/12 14:21:50] [INFO] [Nao_controller.py:1521]: RAnklePitch is in End
[2024/11/12 14:21:50] [INFO] [Nao_controller.py:1003]: LHipPitch is in End
[2024/11/12 14:21:50] [INFO] [Nao_controller.py:1081]: LKneePitch is in End
[2024/11/12 14:21:50] [INFO] [Nao_controller.py:1120]: LAnklePitch is in End
[2024/11/12 14:21:50] [INFO] [Nao_controller.py:1404]: RHipPitch is in End
[2024/11/12 14:21:50] [INFO] [Nao_controller.py:1482]: RKneePitch is in End
[2024/11/12 14:21:50] [INFO] [Nao_controller.py:1521]: RAnklePitch is in End
[2024/11/12 14:21:50] [INFO] [Nao_controller.py:1003]: LHipPitch is in End
[2024/11/12 14:21:50] [INFO] [Nao_controller.py:1081]: LKneePitch is in End
[2024/11/12 14:21:50] [INFO] [Nao_controller.py:1120]: LAnklePitch is in End
[2024/11/12 14:21:50] [INFO] [Nao_controller.py:1404]: RHipPitch is in End
[2024/11/12 14:21:50] [INFO] [Nao_controller.py:1482]: RKneePitch is in End
[2024/11/12 14:21:50] [INFO] [Nao_controller.py:1521]: RAnklePitch is in End
[2024/11/12 14:21:50] [INFO] [Nao_controller.py:1003]: LHipPitch is in End
[2024/11/12 14:21:50] [INFO] [Nao_controller.py:1081]: LKneePitch is in End
[2024/11/12 14:21:50] [INFO] [Nao_controller.py:1120]: LAnklePitch is in End
[2024/11/12 14:21:50] [INFO] [Nao_controller.py:1404]: RHipPitch is in End
[2024/11/12 14:21:50] [INFO] [Nao_controller.py:1482]: RKneePitch is in End
[2024/11/12 14:21:50] [INFO] [Nao_controller.py:1521]: RAnklePitch is in End
[2024/11/12 14:21:50] [INFO] [Nao_controller.py:1003]: LHipPitch is in End
[2024/11/12 14:21:50] [INFO] [Nao_controller.py:1081]: LKneePitch is in End
[2024/11/12 14:21:50] [INFO] [Nao_controller.py:1120]: LAnklePitch is in End
[2024/11/12 14:21:50] [INFO] [Nao_controller.py:1404]: RHipPitch is in End
[2024/11/12 14:21:50] [INFO] [Nao_controller.py:1482]: RKneePitch is in End
[2024/11/12 14:21:50] [INFO] [Nao_controller.py:1521]: RAnklePitch is in End
[2024/11/12 14:21:50] [INFO] [Nao_controller.py:1003]: LHipPitch is in End
[2024/11/12 14:21:50] [INFO] [Nao_controller.py:1081]: LKneePitch is in End
[2024/11/12 14:21:50] [INFO] [Nao_controller.py:1120]: LAnklePitch is in End
[2024/11/12 14:21:50] [INFO] [Nao_controller.py:1404]: RHipPitch is in End
[2024/11/12 14:21:50] [INFO] [Nao_controller.py:1482]: RKneePitch is in End
[2024/11/12 14:21:50] [INFO] [Nao_controller.py:1521]: RAnklePitch is in End
[2024/11/12 14:21:50] [INFO] [Nao_controller.py:1003]: LHipPitch is in End
[2024/11/12 14:21:50] [INFO] [Nao_controller.py:1081]: LKneePitch is in End
[2024/11/12 14:21:50] [INFO] [Nao_controller.py:1120]: LAnklePitch is in End
[2024/11/12 14:21:50] [INFO] [Nao_controller.py:1404]: RHipPitch is in End
[2024/11/12 14:21:50] [INFO] [Nao_controller.py:1482]: RKneePitch is in End
[2024/11/12 14:21:50] [INFO] [Nao_controller.py:1521]: RAnklePitch is in End
[2024/11/12 14:21:50] [INFO] [Nao_controller.py:1003]: LHipPitch is in End
[2024/11/12 14:21:50] [INFO] [Nao_controller.py:1081]: LKneePitch is in End
[2024/11/12 14:21:50] [INFO] [Nao_controller.py:1120]: LAnklePitch is in End
[2024/11/12 14:21:50] [INFO] [Nao_controller.py:1404]: RHipPitch is in End
[2024/11/12 14:21:50] [INFO] [Nao_controller.py:1482]: RKneePitch is in End
[2024/11/12 14:21:50] [INFO] [Nao_controller.py:1521]: RAnklePitch is in End
[2024/11/12 14:21:50] [INFO] [Nao_controller.py:1003]: LHipPitch is in End
[2024/11/12 14:21:50] [INFO] [Nao_controller.py:1081]: LKneePitch is in End
[2024/11/12 14:21:50] [INFO] [Nao_controller.py:1120]: LAnklePitch is in End
[2024/11/12 14:21:50] [INFO] [Nao_controller.py:1404]: RHipPitch is in End
[2024/11/12 14:21:50] [INFO] [Nao_controller.py:1482]: RKneePitch is in End
[2024/11/12 14:21:50] [INFO] [Nao_controller.py:1521]: RAnklePitch is in End
[2024/11/12 14:21:50] [INFO] [Nao_controller.py:1003]: LHipPitch is in End
[2024/11/12 14:21:50] [INFO] [Nao_controller.py:1081]: LKneePitch is in End
[2024/11/12 14:21:50] [INFO] [Nao_controller.py:1120]: LAnklePitch is in End
[2024/11/12 14:21:50] [INFO] [Nao_controller.py:1404]: RHipPitch is in End
[2024/11/12 14:21:50] [INFO] [Nao_controller.py:1482]: RKneePitch is in End
[2024/11/12 14:21:50] [INFO] [Nao_controller.py:1521]: RAnklePitch is in End
[2024/11/12 14:21:50] [INFO] [Nao_controller.py:1003]: LHipPitch is in End
[2024/11/12 14:21:50] [INFO] [Nao_controller.py:1081]: LKneePitch is in End
[2024/11/12 14:21:50] [INFO] [Nao_controller.py:1120]: LAnklePitch is in End
[2024/11/12 14:21:50] [INFO] [Nao_controller.py:1404]: RHipPitch is in End
[2024/11/12 14:21:50] [INFO] [Nao_controller.py:1482]: RKneePitch is in End
[2024/11/12 14:21:50] [INFO] [Nao_controller.py:1521]: RAnklePitch is in End
[2024/11/12 14:21:50] [INFO] [Nao_controller.py:1003]: LHipPitch is in End
[2024/11/12 14:21:50] [INFO] [Nao_controller.py:1081]: LKneePitch is in End
[2024/11/12 14:21:50] [INFO] [Nao_controller.py:1120]: LAnklePitch is in End
[2024/11/12 14:21:50] [INFO] [Nao_controller.py:1404]: RHipPitch is in End
[2024/11/12 14:21:50] [INFO] [Nao_controller.py:1482]: RKneePitch is in End
[2024/11/12 14:21:50] [INFO] [Nao_controller.py:1521]: RAnklePitch is in End
[2024/11/12 14:21:50] [INFO] [Nao_controller.py:1003]: LHipPitch is in End
[2024/11/12 14:21:50] [INFO] [Nao_controller.py:1081]: LKneePitch is in End
[2024/11/12 14:21:50] [INFO] [Nao_controller.py:1120]: LAnklePitch is in End
[2024/11/12 14:21:50] [INFO] [Nao_controller.py:1404]: RHipPitch is in End
[2024/11/12 14:21:50] [INFO] [Nao_controller.py:1482]: RKneePitch is in End
[2024/11/12 14:21:50] [INFO] [Nao_controller.py:1521]: RAnklePitch is in End
[2024/11/12 14:21:50] [INFO] [Nao_controller.py:1003]: LHipPitch is in End
[2024/11/12 14:21:50] [INFO] [Nao_controller.py:1081]: LKneePitch is in End
[2024/11/12 14:21:50] [INFO] [Nao_controller.py:1120]: LAnklePitch is in End
[2024/11/12 14:21:50] [INFO] [Nao_controller.py:1404]: RHipPitch is in End
[2024/11/12 14:21:50] [INFO] [Nao_controller.py:1482]: RKneePitch is in End
[2024/11/12 14:21:50] [INFO] [Nao_controller.py:1521]: RAnklePitch is in End
[2024/11/12 14:21:50] [INFO] [Nao_controller.py:1003]: LHipPitch is in End
[2024/11/12 14:21:50] [INFO] [Nao_controller.py:1081]: LKneePitch is in End
[2024/11/12 14:21:50] [INFO] [Nao_controller.py:1120]: LAnklePitch is in End
[2024/11/12 14:21:50] [INFO] [Nao_controller.py:1404]: RHipPitch is in End
[2024/11/12 14:21:50] [INFO] [Nao_controller.py:1482]: RKneePitch is in End
[2024/11/12 14:21:50] [INFO] [Nao_controller.py:1521]: RAnklePitch is in End
[2024/11/12 14:21:50] [INFO] [Nao_controller.py:1003]: LHipPitch is in End
[2024/11/12 14:21:50] [INFO] [Nao_controller.py:1081]: LKneePitch is in End
[2024/11/12 14:21:50] [INFO] [Nao_controller.py:1120]: LAnklePitch is in End
[2024/11/12 14:21:50] [INFO] [Nao_controller.py:1404]: RHipPitch is in End
[2024/11/12 14:21:50] [INFO] [Nao_controller.py:1482]: RKneePitch is in End
[2024/11/12 14:21:50] [INFO] [Nao_controller.py:1521]: RAnklePitch is in End
[2024/11/12 14:21:50] [INFO] [Nao_controller.py:1003]: LHipPitch is in End
[2024/11/12 14:21:50] [INFO] [Nao_controller.py:1081]: LKneePitch is in End
[2024/11/12 14:21:50] [INFO] [Nao_controller.py:1120]: LAnklePitch is in End
[2024/11/12 14:21:50] [INFO] [Nao_controller.py:1404]: RHipPitch is in End
[2024/11/12 14:21:50] [INFO] [Nao_controller.py:1482]: RKneePitch is in End
[2024/11/12 14:21:50] [INFO] [Nao_controller.py:1521]: RAnklePitch is in End
[2024/11/12 14:21:50] [INFO] [Nao_controller.py:1003]: LHipPitch is in End
[2024/11/12 14:21:50] [INFO] [Nao_controller.py:1081]: LKneePitch is in End
[2024/11/12 14:21:50] [INFO] [Nao_controller.py:1120]: LAnklePitch is in End
[2024/11/12 14:21:50] [INFO] [Nao_controller.py:1404]: RHipPitch is in End
[2024/11/12 14:21:50] [INFO] [Nao_controller.py:1482]: RKneePitch is in End
[2024/11/12 14:21:50] [INFO] [Nao_controller.py:1521]: RAnklePitch is in End
[2024/11/12 14:21:50] [INFO] [Nao_controller.py:1003]: LHipPitch is in End
[2024/11/12 14:21:50] [INFO] [Nao_controller.py:1081]: LKneePitch is in End
[2024/11/12 14:21:50] [INFO] [Nao_controller.py:1120]: LAnklePitch is in End
[2024/11/12 14:21:50] [INFO] [Nao_controller.py:1404]: RHipPitch is in End
[2024/11/12 14:21:50] [INFO] [Nao_controller.py:1482]: RKneePitch is in End
[2024/11/12 14:21:50] [INFO] [Nao_controller.py:1521]: RAnklePitch is in End
[2024/11/12 14:21:50] [INFO] [Nao_controller.py:1003]: LHipPitch is in End
[2024/11/12 14:21:50] [INFO] [Nao_controller.py:1081]: LKneePitch is in End
[2024/11/12 14:21:50] [INFO] [Nao_controller.py:1120]: LAnklePitch is in End
[2024/11/12 14:21:50] [INFO] [Nao_controller.py:1404]: RHipPitch is in End
[2024/11/12 14:21:50] [INFO] [Nao_controller.py:1482]: RKneePitch is in End
[2024/11/12 14:21:50] [INFO] [Nao_controller.py:1521]: RAnklePitch is in End
[2024/11/12 14:21:51] [INFO] [Nao_controller.py:1003]: LHipPitch is in End
[2024/11/12 14:21:51] [INFO] [Nao_controller.py:1081]: LKneePitch is in End
[2024/11/12 14:21:51] [INFO] [Nao_controller.py:1120]: LAnklePitch is in End
[2024/11/12 14:21:51] [INFO] [Nao_controller.py:1404]: RHipPitch is in End
[2024/11/12 14:21:51] [INFO] [Nao_controller.py:1482]: RKneePitch is in End
[2024/11/12 14:21:51] [INFO] [Nao_controller.py:1521]: RAnklePitch is in End
[2024/11/12 14:21:51] [INFO] [Nao_controller.py:1003]: LHipPitch is in End
[2024/11/12 14:21:51] [INFO] [Nao_controller.py:1081]: LKneePitch is in End
[2024/11/12 14:21:51] [INFO] [Nao_controller.py:1120]: LAnklePitch is in End
[2024/11/12 14:21:51] [INFO] [Nao_controller.py:1404]: RHipPitch is in End
[2024/11/12 14:21:51] [INFO] [Nao_controller.py:1482]: RKneePitch is in End
[2024/11/12 14:21:51] [INFO] [Nao_controller.py:1521]: RAnklePitch is in End
[2024/11/12 14:21:51] [INFO] [Nao_controller.py:1003]: LHipPitch is in End
[2024/11/12 14:21:51] [INFO] [Nao_controller.py:1081]: LKneePitch is in End
[2024/11/12 14:21:51] [INFO] [Nao_controller.py:1120]: LAnklePitch is in End
[2024/11/12 14:21:51] [INFO] [Nao_controller.py:1404]: RHipPitch is in End
[2024/11/12 14:21:51] [INFO] [Nao_controller.py:1482]: RKneePitch is in End
[2024/11/12 14:21:51] [INFO] [Nao_controller.py:1521]: RAnklePitch is in End
[2024/11/12 14:21:51] [INFO] [Nao_controller.py:1003]: LHipPitch is in End
[2024/11/12 14:21:51] [INFO] [Nao_controller.py:1081]: LKneePitch is in End
[2024/11/12 14:21:51] [INFO] [Nao_controller.py:1120]: LAnklePitch is in End
[2024/11/12 14:21:51] [INFO] [Nao_controller.py:1404]: RHipPitch is in End
[2024/11/12 14:21:51] [INFO] [Nao_controller.py:1482]: RKneePitch is in End
[2024/11/12 14:21:51] [INFO] [Nao_controller.py:1521]: RAnklePitch is in End
[2024/11/12 14:21:51] [INFO] [Nao_controller.py:1003]: LHipPitch is in End
[2024/11/12 14:21:51] [INFO] [Nao_controller.py:1081]: LKneePitch is in End
[2024/11/12 14:21:51] [INFO] [Nao_controller.py:1120]: LAnklePitch is in End
[2024/11/12 14:21:51] [INFO] [Nao_controller.py:1404]: RHipPitch is in End
[2024/11/12 14:21:51] [INFO] [Nao_controller.py:1482]: RKneePitch is in End
[2024/11/12 14:21:51] [INFO] [Nao_controller.py:1521]: RAnklePitch is in End
[2024/11/12 14:21:51] [INFO] [Nao_controller.py:1003]: LHipPitch is in End
[2024/11/12 14:21:51] [INFO] [Nao_controller.py:1081]: LKneePitch is in End
[2024/11/12 14:21:51] [INFO] [Nao_controller.py:1120]: LAnklePitch is in End
[2024/11/12 14:21:51] [INFO] [Nao_controller.py:1404]: RHipPitch is in End
[2024/11/12 14:21:51] [INFO] [Nao_controller.py:1482]: RKneePitch is in End
[2024/11/12 14:21:51] [INFO] [Nao_controller.py:1521]: RAnklePitch is in End
[2024/11/12 14:21:51] [INFO] [Nao_controller.py:1003]: LHipPitch is in End
[2024/11/12 14:21:51] [INFO] [Nao_controller.py:1081]: LKneePitch is in End
[2024/11/12 14:21:51] [INFO] [Nao_controller.py:1120]: LAnklePitch is in End
[2024/11/12 14:21:51] [INFO] [Nao_controller.py:1404]: RHipPitch is in End
[2024/11/12 14:21:51] [INFO] [Nao_controller.py:1482]: RKneePitch is in End
[2024/11/12 14:21:51] [INFO] [Nao_controller.py:1521]: RAnklePitch is in End
[2024/11/12 14:21:51] [INFO] [Nao_controller.py:1003]: LHipPitch is in End
[2024/11/12 14:21:51] [INFO] [Nao_controller.py:1081]: LKneePitch is in End
[2024/11/12 14:21:51] [INFO] [Nao_controller.py:1120]: LAnklePitch is in End
[2024/11/12 14:21:51] [INFO] [Nao_controller.py:1404]: RHipPitch is in End
[2024/11/12 14:21:51] [INFO] [Nao_controller.py:1482]: RKneePitch is in End
[2024/11/12 14:21:51] [INFO] [Nao_controller.py:1521]: RAnklePitch is in End
[2024/11/12 14:21:51] [INFO] [Nao_controller.py:1003]: LHipPitch is in End
[2024/11/12 14:21:51] [INFO] [Nao_controller.py:1081]: LKneePitch is in End
[2024/11/12 14:21:51] [INFO] [Nao_controller.py:1120]: LAnklePitch is in End
[2024/11/12 14:21:51] [INFO] [Nao_controller.py:1404]: RHipPitch is in End
[2024/11/12 14:21:51] [INFO] [Nao_controller.py:1482]: RKneePitch is in End
[2024/11/12 14:21:51] [INFO] [Nao_controller.py:1521]: RAnklePitch is in End
[2024/11/12 14:21:51] [INFO] [Nao_controller.py:1003]: LHipPitch is in End
[2024/11/12 14:21:51] [INFO] [Nao_controller.py:1081]: LKneePitch is in End
[2024/11/12 14:21:51] [INFO] [Nao_controller.py:1120]: LAnklePitch is in End
[2024/11/12 14:21:51] [INFO] [Nao_controller.py:1404]: RHipPitch is in End
[2024/11/12 14:21:51] [INFO] [Nao_controller.py:1482]: RKneePitch is in End
[2024/11/12 14:21:51] [INFO] [Nao_controller.py:1521]: RAnklePitch is in End
[2024/11/12 14:21:51] [INFO] [Nao_controller.py:1003]: LHipPitch is in End
[2024/11/12 14:21:51] [INFO] [Nao_controller.py:1081]: LKneePitch is in End
[2024/11/12 14:21:51] [INFO] [Nao_controller.py:1120]: LAnklePitch is in End
[2024/11/12 14:21:51] [INFO] [Nao_controller.py:1404]: RHipPitch is in End
[2024/11/12 14:21:51] [INFO] [Nao_controller.py:1482]: RKneePitch is in End
[2024/11/12 14:21:51] [INFO] [Nao_controller.py:1521]: RAnklePitch is in End
[2024/11/12 14:21:51] [INFO] [Nao_controller.py:1003]: LHipPitch is in End
[2024/11/12 14:21:51] [INFO] [Nao_controller.py:1081]: LKneePitch is in End
[2024/11/12 14:21:51] [INFO] [Nao_controller.py:1120]: LAnklePitch is in End
[2024/11/12 14:21:51] [INFO] [Nao_controller.py:1404]: RHipPitch is in End
[2024/11/12 14:21:51] [INFO] [Nao_controller.py:1482]: RKneePitch is in End
[2024/11/12 14:21:51] [INFO] [Nao_controller.py:1521]: RAnklePitch is in End
[2024/11/12 14:21:51] [INFO] [Nao_controller.py:1003]: LHipPitch is in End
[2024/11/12 14:21:51] [INFO] [Nao_controller.py:1081]: LKneePitch is in End
[2024/11/12 14:21:51] [INFO] [Nao_controller.py:1120]: LAnklePitch is in End
[2024/11/12 14:21:51] [INFO] [Nao_controller.py:1404]: RHipPitch is in End
[2024/11/12 14:21:51] [INFO] [Nao_controller.py:1482]: RKneePitch is in End
[2024/11/12 14:21:51] [INFO] [Nao_controller.py:1521]: RAnklePitch is in End
[2024/11/12 14:21:51] [INFO] [Nao_controller.py:1003]: LHipPitch is in End
[2024/11/12 14:21:51] [INFO] [Nao_controller.py:1081]: LKneePitch is in End
[2024/11/12 14:21:51] [INFO] [Nao_controller.py:1120]: LAnklePitch is in End
[2024/11/12 14:21:51] [INFO] [Nao_controller.py:1404]: RHipPitch is in End
[2024/11/12 14:21:51] [INFO] [Nao_controller.py:1482]: RKneePitch is in End
[2024/11/12 14:21:51] [INFO] [Nao_controller.py:1521]: RAnklePitch is in End
[2024/11/12 14:21:51] [INFO] [Nao_controller.py:1003]: LHipPitch is in End
[2024/11/12 14:21:51] [INFO] [Nao_controller.py:1081]: LKneePitch is in End
[2024/11/12 14:21:51] [INFO] [Nao_controller.py:1120]: LAnklePitch is in End
[2024/11/12 14:21:51] [INFO] [Nao_controller.py:1404]: RHipPitch is in End
[2024/11/12 14:21:51] [INFO] [Nao_controller.py:1482]: RKneePitch is in End
[2024/11/12 14:21:51] [INFO] [Nao_controller.py:1521]: RAnklePitch is in End
[2024/11/12 14:21:51] [INFO] [Nao_controller.py:1003]: LHipPitch is in End
[2024/11/12 14:21:51] [INFO] [Nao_controller.py:1081]: LKneePitch is in End
[2024/11/12 14:21:51] [INFO] [Nao_controller.py:1120]: LAnklePitch is in End
[2024/11/12 14:21:51] [INFO] [Nao_controller.py:1404]: RHipPitch is in End
[2024/11/12 14:21:51] [INFO] [Nao_controller.py:1482]: RKneePitch is in End
[2024/11/12 14:21:51] [INFO] [Nao_controller.py:1521]: RAnklePitch is in End
[2024/11/12 14:21:51] [INFO] [Nao_controller.py:1003]: LHipPitch is in End
[2024/11/12 14:21:51] [INFO] [Nao_controller.py:1081]: LKneePitch is in End
[2024/11/12 14:21:51] [INFO] [Nao_controller.py:1120]: LAnklePitch is in End
[2024/11/12 14:21:51] [INFO] [Nao_controller.py:1404]: RHipPitch is in End
[2024/11/12 14:21:51] [INFO] [Nao_controller.py:1482]: RKneePitch is in End
[2024/11/12 14:21:51] [INFO] [Nao_controller.py:1521]: RAnklePitch is in End
[2024/11/12 14:21:51] [INFO] [Nao_controller.py:1003]: LHipPitch is in End
[2024/11/12 14:21:51] [INFO] [Nao_controller.py:1081]: LKneePitch is in End
[2024/11/12 14:21:51] [INFO] [Nao_controller.py:1120]: LAnklePitch is in End
[2024/11/12 14:21:51] [INFO] [Nao_controller.py:1404]: RHipPitch is in End
[2024/11/12 14:21:51] [INFO] [Nao_controller.py:1482]: RKneePitch is in End
[2024/11/12 14:21:51] [INFO] [Nao_controller.py:1521]: RAnklePitch is in End
[2024/11/12 14:21:51] [INFO] [Nao_controller.py:1003]: LHipPitch is in End
[2024/11/12 14:21:51] [INFO] [Nao_controller.py:1081]: LKneePitch is in End
[2024/11/12 14:21:51] [INFO] [Nao_controller.py:1120]: LAnklePitch is in End
[2024/11/12 14:21:51] [INFO] [Nao_controller.py:1404]: RHipPitch is in End
[2024/11/12 14:21:51] [INFO] [Nao_controller.py:1482]: RKneePitch is in End
[2024/11/12 14:21:51] [INFO] [Nao_controller.py:1521]: RAnklePitch is in End
[2024/11/12 14:21:51] [INFO] [Nao_controller.py:1003]: LHipPitch is in End
[2024/11/12 14:21:51] [INFO] [Nao_controller.py:1081]: LKneePitch is in End
[2024/11/12 14:21:51] [INFO] [Nao_controller.py:1120]: LAnklePitch is in End
[2024/11/12 14:21:51] [INFO] [Nao_controller.py:1404]: RHipPitch is in End
[2024/11/12 14:21:51] [INFO] [Nao_controller.py:1482]: RKneePitch is in End
[2024/11/12 14:21:51] [INFO] [Nao_controller.py:1521]: RAnklePitch is in End
[2024/11/12 14:21:51] [INFO] [Nao_controller.py:1003]: LHipPitch is in End
[2024/11/12 14:21:51] [INFO] [Nao_controller.py:1081]: LKneePitch is in End
[2024/11/12 14:21:51] [INFO] [Nao_controller.py:1120]: LAnklePitch is in End
[2024/11/12 14:21:51] [INFO] [Nao_controller.py:1404]: RHipPitch is in End
[2024/11/12 14:21:51] [INFO] [Nao_controller.py:1482]: RKneePitch is in End
[2024/11/12 14:21:51] [INFO] [Nao_controller.py:1521]: RAnklePitch is in End
[2024/11/12 14:21:51] [INFO] [Nao_controller.py:1003]: LHipPitch is in End
[2024/11/12 14:21:51] [INFO] [Nao_controller.py:1081]: LKneePitch is in End
[2024/11/12 14:21:51] [INFO] [Nao_controller.py:1120]: LAnklePitch is in End
[2024/11/12 14:21:51] [INFO] [Nao_controller.py:1404]: RHipPitch is in End
[2024/11/12 14:21:51] [INFO] [Nao_controller.py:1482]: RKneePitch is in End
[2024/11/12 14:21:51] [INFO] [Nao_controller.py:1521]: RAnklePitch is in End
[2024/11/12 14:21:51] [INFO] [Nao_controller.py:1003]: LHipPitch is in End
[2024/11/12 14:21:51] [INFO] [Nao_controller.py:1081]: LKneePitch is in End
[2024/11/12 14:21:51] [INFO] [Nao_controller.py:1120]: LAnklePitch is in End
[2024/11/12 14:21:51] [INFO] [Nao_controller.py:1404]: RHipPitch is in End
[2024/11/12 14:21:51] [INFO] [Nao_controller.py:1482]: RKneePitch is in End
[2024/11/12 14:21:51] [INFO] [Nao_controller.py:1521]: RAnklePitch is in End
[2024/11/12 14:21:51] [INFO] [Nao_controller.py:1003]: LHipPitch is in End
[2024/11/12 14:21:51] [INFO] [Nao_controller.py:1081]: LKneePitch is in End
[2024/11/12 14:21:51] [INFO] [Nao_controller.py:1120]: LAnklePitch is in End
[2024/11/12 14:21:51] [INFO] [Nao_controller.py:1404]: RHipPitch is in End
[2024/11/12 14:21:51] [INFO] [Nao_controller.py:1482]: RKneePitch is in End
[2024/11/12 14:21:51] [INFO] [Nao_controller.py:1521]: RAnklePitch is in End
[2024/11/12 14:21:51] [INFO] [Nao_controller.py:1003]: LHipPitch is in End
[2024/11/12 14:21:51] [INFO] [Nao_controller.py:1081]: LKneePitch is in End
[2024/11/12 14:21:51] [INFO] [Nao_controller.py:1120]: LAnklePitch is in End
[2024/11/12 14:21:51] [INFO] [Nao_controller.py:1404]: RHipPitch is in End
[2024/11/12 14:21:51] [INFO] [Nao_controller.py:1482]: RKneePitch is in End
[2024/11/12 14:21:51] [INFO] [Nao_controller.py:1521]: RAnklePitch is in End
[2024/11/12 14:21:51] [INFO] [Nao_controller.py:1003]: LHipPitch is in End
[2024/11/12 14:21:51] [INFO] [Nao_controller.py:1081]: LKneePitch is in End
[2024/11/12 14:21:51] [INFO] [Nao_controller.py:1120]: LAnklePitch is in End
[2024/11/12 14:21:51] [INFO] [Nao_controller.py:1404]: RHipPitch is in End
[2024/11/12 14:21:51] [INFO] [Nao_controller.py:1482]: RKneePitch is in End
[2024/11/12 14:21:51] [INFO] [Nao_controller.py:1521]: RAnklePitch is in End
[2024/11/12 14:21:51] [INFO] [Nao_controller.py:1003]: LHipPitch is in End
[2024/11/12 14:21:51] [INFO] [Nao_controller.py:1081]: LKneePitch is in End
[2024/11/12 14:21:51] [INFO] [Nao_controller.py:1120]: LAnklePitch is in End
[2024/11/12 14:21:51] [INFO] [Nao_controller.py:1404]: RHipPitch is in End
[2024/11/12 14:21:51] [INFO] [Nao_controller.py:1482]: RKneePitch is in End
[2024/11/12 14:21:51] [INFO] [Nao_controller.py:1521]: RAnklePitch is in End
[2024/11/12 14:21:51] [INFO] [Nao_controller.py:1003]: LHipPitch is in End
[2024/11/12 14:21:51] [INFO] [Nao_controller.py:1081]: LKneePitch is in End
[2024/11/12 14:21:51] [INFO] [Nao_controller.py:1120]: LAnklePitch is in End
[2024/11/12 14:21:51] [INFO] [Nao_controller.py:1404]: RHipPitch is in End
[2024/11/12 14:21:51] [INFO] [Nao_controller.py:1482]: RKneePitch is in End
[2024/11/12 14:21:51] [INFO] [Nao_controller.py:1521]: RAnklePitch is in End
[2024/11/12 14:21:51] [INFO] [Nao_controller.py:1003]: LHipPitch is in End
[2024/11/12 14:21:51] [INFO] [Nao_controller.py:1081]: LKneePitch is in End
[2024/11/12 14:21:51] [INFO] [Nao_controller.py:1120]: LAnklePitch is in End
[2024/11/12 14:21:51] [INFO] [Nao_controller.py:1404]: RHipPitch is in End
[2024/11/12 14:21:51] [INFO] [Nao_controller.py:1482]: RKneePitch is in End
[2024/11/12 14:21:51] [INFO] [Nao_controller.py:1521]: RAnklePitch is in End
[2024/11/12 14:21:51] [INFO] [Nao_controller.py:1003]: LHipPitch is in End
[2024/11/12 14:21:51] [INFO] [Nao_controller.py:1081]: LKneePitch is in End
[2024/11/12 14:21:51] [INFO] [Nao_controller.py:1120]: LAnklePitch is in End
[2024/11/12 14:21:51] [INFO] [Nao_controller.py:1404]: RHipPitch is in End
[2024/11/12 14:21:51] [INFO] [Nao_controller.py:1482]: RKneePitch is in End
[2024/11/12 14:21:51] [INFO] [Nao_controller.py:1521]: RAnklePitch is in End
[2024/11/12 14:21:52] [INFO] [Nao_controller.py:1003]: LHipPitch is in End
[2024/11/12 14:21:52] [INFO] [Nao_controller.py:1081]: LKneePitch is in End
[2024/11/12 14:21:52] [INFO] [Nao_controller.py:1120]: LAnklePitch is in End
[2024/11/12 14:21:52] [INFO] [Nao_controller.py:1404]: RHipPitch is in End
[2024/11/12 14:21:52] [INFO] [Nao_controller.py:1482]: RKneePitch is in End
[2024/11/12 14:21:52] [INFO] [Nao_controller.py:1521]: RAnklePitch is in End
[2024/11/12 14:21:52] [INFO] [Nao_controller.py:1003]: LHipPitch is in End
[2024/11/12 14:21:52] [INFO] [Nao_controller.py:1081]: LKneePitch is in End
[2024/11/12 14:21:52] [INFO] [Nao_controller.py:1120]: LAnklePitch is in End
[2024/11/12 14:21:52] [INFO] [Nao_controller.py:1404]: RHipPitch is in End
[2024/11/12 14:21:52] [INFO] [Nao_controller.py:1482]: RKneePitch is in End
[2024/11/12 14:21:52] [INFO] [Nao_controller.py:1521]: RAnklePitch is in End
[2024/11/12 14:21:52] [INFO] [Nao_controller.py:1003]: LHipPitch is in End
[2024/11/12 14:21:52] [INFO] [Nao_controller.py:1081]: LKneePitch is in End
[2024/11/12 14:21:52] [INFO] [Nao_controller.py:1120]: LAnklePitch is in End
[2024/11/12 14:21:52] [INFO] [Nao_controller.py:1404]: RHipPitch is in End
[2024/11/12 14:21:52] [INFO] [Nao_controller.py:1482]: RKneePitch is in End
[2024/11/12 14:21:52] [INFO] [Nao_controller.py:1521]: RAnklePitch is in End
[2024/11/12 14:21:52] [INFO] [Nao_controller.py:1003]: LHipPitch is in End
[2024/11/12 14:21:52] [INFO] [Nao_controller.py:1081]: LKneePitch is in End
[2024/11/12 14:21:52] [INFO] [Nao_controller.py:1120]: LAnklePitch is in End
[2024/11/12 14:21:52] [INFO] [Nao_controller.py:1404]: RHipPitch is in End
[2024/11/12 14:21:52] [INFO] [Nao_controller.py:1482]: RKneePitch is in End
[2024/11/12 14:21:52] [INFO] [Nao_controller.py:1521]: RAnklePitch is in End
[2024/11/12 14:21:52] [INFO] [Nao_controller.py:1003]: LHipPitch is in End
[2024/11/12 14:21:52] [INFO] [Nao_controller.py:1081]: LKneePitch is in End
[2024/11/12 14:21:52] [INFO] [Nao_controller.py:1120]: LAnklePitch is in End
[2024/11/12 14:21:52] [INFO] [Nao_controller.py:1404]: RHipPitch is in End
[2024/11/12 14:21:52] [INFO] [Nao_controller.py:1482]: RKneePitch is in End
[2024/11/12 14:21:52] [INFO] [Nao_controller.py:1521]: RAnklePitch is in End
[2024/11/12 14:21:52] [INFO] [Nao_controller.py:1003]: LHipPitch is in End
[2024/11/12 14:21:52] [INFO] [Nao_controller.py:1081]: LKneePitch is in End
[2024/11/12 14:21:52] [INFO] [Nao_controller.py:1120]: LAnklePitch is in End
[2024/11/12 14:21:52] [INFO] [Nao_controller.py:1404]: RHipPitch is in End
[2024/11/12 14:21:52] [INFO] [Nao_controller.py:1482]: RKneePitch is in End
[2024/11/12 14:21:52] [INFO] [Nao_controller.py:1521]: RAnklePitch is in End
[2024/11/12 14:21:52] [INFO] [Nao_controller.py:1003]: LHipPitch is in End
[2024/11/12 14:21:52] [INFO] [Nao_controller.py:1081]: LKneePitch is in End
[2024/11/12 14:21:52] [INFO] [Nao_controller.py:1120]: LAnklePitch is in End
[2024/11/12 14:21:52] [INFO] [Nao_controller.py:1404]: RHipPitch is in End
[2024/11/12 14:21:52] [INFO] [Nao_controller.py:1482]: RKneePitch is in End
[2024/11/12 14:21:52] [INFO] [Nao_controller.py:1521]: RAnklePitch is in End
[2024/11/12 14:21:52] [INFO] [Nao_controller.py:1003]: LHipPitch is in End
[2024/11/12 14:21:52] [INFO] [Nao_controller.py:1081]: LKneePitch is in End
[2024/11/12 14:21:52] [INFO] [Nao_controller.py:1120]: LAnklePitch is in End
[2024/11/12 14:21:52] [INFO] [Nao_controller.py:1404]: RHipPitch is in End
[2024/11/12 14:21:52] [INFO] [Nao_controller.py:1482]: RKneePitch is in End
[2024/11/12 14:21:52] [INFO] [Nao_controller.py:1521]: RAnklePitch is in End
[2024/11/12 14:21:52] [INFO] [Nao_controller.py:1003]: LHipPitch is in End
[2024/11/12 14:21:52] [INFO] [Nao_controller.py:1081]: LKneePitch is in End
[2024/11/12 14:21:52] [INFO] [Nao_controller.py:1120]: LAnklePitch is in End
[2024/11/12 14:21:52] [INFO] [Nao_controller.py:1404]: RHipPitch is in End
[2024/11/12 14:21:52] [INFO] [Nao_controller.py:1482]: RKneePitch is in End
[2024/11/12 14:21:52] [INFO] [Nao_controller.py:1521]: RAnklePitch is in End
[2024/11/12 14:21:52] [INFO] [Nao_controller.py:1003]: LHipPitch is in End
[2024/11/12 14:21:52] [INFO] [Nao_controller.py:1081]: LKneePitch is in End
[2024/11/12 14:21:52] [INFO] [Nao_controller.py:1120]: LAnklePitch is in End
[2024/11/12 14:21:52] [INFO] [Nao_controller.py:1404]: RHipPitch is in End
[2024/11/12 14:21:52] [INFO] [Nao_controller.py:1482]: RKneePitch is in End
[2024/11/12 14:21:52] [INFO] [Nao_controller.py:1521]: RAnklePitch is in End
[2024/11/12 14:22:30] [INFO] [Nao_controller.py:1614]: Init NAO_MOTION!
[2024/11/12 14:22:51] [INFO] [Nao_controller.py:1614]: Init NAO_MOTION!
[2024/11/12 14:24:09] [INFO] [Nao_controller.py:1614]: Init NAO_MOTION!
[2024/11/12 14:25:17] [INFO] [Nao_controller.py:1614]: Init NAO_MOTION!
[2024/11/12 14:25:34] [INFO] [Nao_controller.py:1614]: Init NAO_MOTION!
[2024/11/12 14:26:57] [INFO] [Nao_controller.py:1614]: Init NAO_MOTION!
[2024/11/12 14:28:19] [INFO] [Nao_controller.py:1614]: Init NAO_MOTION!
[2024/11/12 14:30:05] [INFO] [Nao_controller.py:1614]: Init NAO_MOTION!
[2024/11/12 14:31:18] [INFO] [Nao_controller.py:1614]: Init NAO_MOTION!
[2024/11/12 14:31:32] [INFO] [Nao_controller.py:1614]: Init NAO_MOTION!
[2024/11/12 14:31:51] [INFO] [Nao_controller.py:1614]: Init NAO_MOTION!
[2024/11/12 14:31:51] [INFO] [Nao_controller.py:977]: LHipPitch is in Initial
[2024/11/12 14:31:51] [INFO] [Nao_controller.py:1055]: LKneePitch is in Initial
[2024/11/12 14:31:51] [INFO] [Nao_controller.py:1094]: LAnklePitch is in Initial
[2024/11/12 14:31:51] [INFO] [Nao_controller.py:1377]: RHipPitch is in Initial
[2024/11/12 14:31:51] [INFO] [Nao_controller.py:1456]: RKneePitch is in Initial
[2024/11/12 14:31:51] [INFO] [Nao_controller.py:1495]: RAnklePitch is in Initial
[2024/11/12 14:31:51] [INFO] [Nao_controller.py:982]: LHipPitch is in Prepare
[2024/11/12 14:31:51] [INFO] [Nao_controller.py:1060]: LKneePitch is in Prepare
[2024/11/12 14:31:51] [INFO] [Nao_controller.py:1099]: LAnklePitch is in Prepare
[2024/11/12 14:31:51] [INFO] [Nao_controller.py:1383]: RHipPitch is in Prepare
[2024/11/12 14:31:51] [INFO] [Nao_controller.py:1461]: RKneePitch is in Prepare
[2024/11/12 14:31:51] [INFO] [Nao_controller.py:1500]: RAnklePitch is in Prepare
[2024/11/12 14:31:51] [INFO] [Nao_controller.py:988]: LHipPitch is in Moving
[2024/11/12 14:31:51] [INFO] [Nao_controller.py:1066]: LKneePitch is in Moving
[2024/11/12 14:31:51] [INFO] [Nao_controller.py:1105]: LAnklePitch is in Moving
[2024/11/12 14:31:51] [INFO] [Nao_controller.py:1389]: RHipPitch is in Moving
[2024/11/12 14:31:51] [INFO] [Nao_controller.py:1467]: RKneePitch is in Moving
[2024/11/12 14:31:51] [INFO] [Nao_controller.py:1506]: RAnklePitch is in Moving
[2024/11/12 14:31:51] [INFO] [Nao_controller.py:997]: LHipPitch is in Finish
[2024/11/12 14:31:51] [INFO] [Nao_controller.py:1075]: LKneePitch is in Finish
[2024/11/12 14:31:51] [INFO] [Nao_controller.py:1114]: LAnklePitch is in Finish
[2024/11/12 14:31:51] [INFO] [Nao_controller.py:1398]: RHipPitch is in Finish
[2024/11/12 14:31:51] [INFO] [Nao_controller.py:1476]: RKneePitch is in Finish
[2024/11/12 14:31:51] [INFO] [Nao_controller.py:1515]: RAnklePitch is in Finish
[2024/11/12 14:31:51] [INFO] [Nao_controller.py:1003]: LHipPitch is in End
[2024/11/12 14:31:51] [INFO] [Nao_controller.py:1081]: LKneePitch is in End
[2024/11/12 14:31:51] [INFO] [Nao_controller.py:1120]: LAnklePitch is in End
[2024/11/12 14:31:51] [INFO] [Nao_controller.py:1404]: RHipPitch is in End
[2024/11/12 14:31:51] [INFO] [Nao_controller.py:1482]: RKneePitch is in End
[2024/11/12 14:31:51] [INFO] [Nao_controller.py:1521]: RAnklePitch is in End
[2024/11/12 14:31:51] [INFO] [Nao_controller.py:1003]: LHipPitch is in End
[2024/11/12 14:31:51] [INFO] [Nao_controller.py:1081]: LKneePitch is in End
[2024/11/12 14:31:51] [INFO] [Nao_controller.py:1120]: LAnklePitch is in End
[2024/11/12 14:31:51] [INFO] [Nao_controller.py:1404]: RHipPitch is in End
[2024/11/12 14:31:51] [INFO] [Nao_controller.py:1482]: RKneePitch is in End
[2024/11/12 14:31:51] [INFO] [Nao_controller.py:1521]: RAnklePitch is in End
[2024/11/12 14:31:51] [INFO] [Nao_controller.py:1003]: LHipPitch is in End
[2024/11/12 14:31:51] [INFO] [Nao_controller.py:1081]: LKneePitch is in End
[2024/11/12 14:31:51] [INFO] [Nao_controller.py:1120]: LAnklePitch is in End
[2024/11/12 14:31:51] [INFO] [Nao_controller.py:1404]: RHipPitch is in End
[2024/11/12 14:31:51] [INFO] [Nao_controller.py:1482]: RKneePitch is in End
[2024/11/12 14:31:51] [INFO] [Nao_controller.py:1521]: RAnklePitch is in End
[2024/11/12 14:31:51] [INFO] [Nao_controller.py:1003]: LHipPitch is in End
[2024/11/12 14:31:51] [INFO] [Nao_controller.py:1081]: LKneePitch is in End
[2024/11/12 14:31:51] [INFO] [Nao_controller.py:1120]: LAnklePitch is in End
[2024/11/12 14:31:51] [INFO] [Nao_controller.py:1404]: RHipPitch is in End
[2024/11/12 14:31:51] [INFO] [Nao_controller.py:1482]: RKneePitch is in End
[2024/11/12 14:31:51] [INFO] [Nao_controller.py:1521]: RAnklePitch is in End
[2024/11/12 14:31:51] [INFO] [Nao_controller.py:1003]: LHipPitch is in End
[2024/11/12 14:31:51] [INFO] [Nao_controller.py:1081]: LKneePitch is in End
[2024/11/12 14:31:51] [INFO] [Nao_controller.py:1120]: LAnklePitch is in End
[2024/11/12 14:31:51] [INFO] [Nao_controller.py:1404]: RHipPitch is in End
[2024/11/12 14:31:51] [INFO] [Nao_controller.py:1482]: RKneePitch is in End
[2024/11/12 14:31:51] [INFO] [Nao_controller.py:1521]: RAnklePitch is in End
[2024/11/12 14:31:51] [INFO] [Nao_controller.py:1003]: LHipPitch is in End
[2024/11/12 14:31:51] [INFO] [Nao_controller.py:1081]: LKneePitch is in End
[2024/11/12 14:31:51] [INFO] [Nao_controller.py:1120]: LAnklePitch is in End
[2024/11/12 14:31:51] [INFO] [Nao_controller.py:1404]: RHipPitch is in End
[2024/11/12 14:31:51] [INFO] [Nao_controller.py:1482]: RKneePitch is in End
[2024/11/12 14:31:51] [INFO] [Nao_controller.py:1521]: RAnklePitch is in End
[2024/11/12 14:31:51] [INFO] [Nao_controller.py:1003]: LHipPitch is in End
[2024/11/12 14:31:51] [INFO] [Nao_controller.py:1081]: LKneePitch is in End
[2024/11/12 14:31:51] [INFO] [Nao_controller.py:1120]: LAnklePitch is in End
[2024/11/12 14:31:51] [INFO] [Nao_controller.py:1404]: RHipPitch is in End
[2024/11/12 14:31:51] [INFO] [Nao_controller.py:1482]: RKneePitch is in End
[2024/11/12 14:31:51] [INFO] [Nao_controller.py:1521]: RAnklePitch is in End
[2024/11/12 14:31:51] [INFO] [Nao_controller.py:1003]: LHipPitch is in End
[2024/11/12 14:31:51] [INFO] [Nao_controller.py:1081]: LKneePitch is in End
[2024/11/12 14:31:51] [INFO] [Nao_controller.py:1120]: LAnklePitch is in End
[2024/11/12 14:31:51] [INFO] [Nao_controller.py:1404]: RHipPitch is in End
[2024/11/12 14:31:51] [INFO] [Nao_controller.py:1482]: RKneePitch is in End
[2024/11/12 14:31:51] [INFO] [Nao_controller.py:1521]: RAnklePitch is in End
[2024/11/12 14:31:51] [INFO] [Nao_controller.py:1003]: LHipPitch is in End
[2024/11/12 14:31:51] [INFO] [Nao_controller.py:1081]: LKneePitch is in End
[2024/11/12 14:31:51] [INFO] [Nao_controller.py:1120]: LAnklePitch is in End
[2024/11/12 14:31:51] [INFO] [Nao_controller.py:1404]: RHipPitch is in End
[2024/11/12 14:31:51] [INFO] [Nao_controller.py:1482]: RKneePitch is in End
[2024/11/12 14:31:51] [INFO] [Nao_controller.py:1521]: RAnklePitch is in End
[2024/11/12 14:31:51] [INFO] [Nao_controller.py:1003]: LHipPitch is in End
[2024/11/12 14:31:51] [INFO] [Nao_controller.py:1081]: LKneePitch is in End
[2024/11/12 14:31:51] [INFO] [Nao_controller.py:1120]: LAnklePitch is in End
[2024/11/12 14:31:51] [INFO] [Nao_controller.py:1404]: RHipPitch is in End
[2024/11/12 14:31:51] [INFO] [Nao_controller.py:1482]: RKneePitch is in End
[2024/11/12 14:31:51] [INFO] [Nao_controller.py:1521]: RAnklePitch is in End
[2024/11/12 14:31:51] [INFO] [Nao_controller.py:1003]: LHipPitch is in End
[2024/11/12 14:31:51] [INFO] [Nao_controller.py:1081]: LKneePitch is in End
[2024/11/12 14:31:51] [INFO] [Nao_controller.py:1120]: LAnklePitch is in End
[2024/11/12 14:31:51] [INFO] [Nao_controller.py:1404]: RHipPitch is in End
[2024/11/12 14:31:51] [INFO] [Nao_controller.py:1482]: RKneePitch is in End
[2024/11/12 14:31:51] [INFO] [Nao_controller.py:1521]: RAnklePitch is in End
[2024/11/12 14:31:51] [INFO] [Nao_controller.py:1003]: LHipPitch is in End
[2024/11/12 14:31:51] [INFO] [Nao_controller.py:1081]: LKneePitch is in End
[2024/11/12 14:31:51] [INFO] [Nao_controller.py:1120]: LAnklePitch is in End
[2024/11/12 14:31:51] [INFO] [Nao_controller.py:1404]: RHipPitch is in End
[2024/11/12 14:31:51] [INFO] [Nao_controller.py:1482]: RKneePitch is in End
[2024/11/12 14:31:51] [INFO] [Nao_controller.py:1521]: RAnklePitch is in End
[2024/11/12 14:31:51] [INFO] [Nao_controller.py:1003]: LHipPitch is in End
[2024/11/12 14:31:51] [INFO] [Nao_controller.py:1081]: LKneePitch is in End
[2024/11/12 14:31:51] [INFO] [Nao_controller.py:1120]: LAnklePitch is in End
[2024/11/12 14:31:51] [INFO] [Nao_controller.py:1404]: RHipPitch is in End
[2024/11/12 14:31:51] [INFO] [Nao_controller.py:1482]: RKneePitch is in End
[2024/11/12 14:31:51] [INFO] [Nao_controller.py:1521]: RAnklePitch is in End
[2024/11/12 14:31:51] [INFO] [Nao_controller.py:1003]: LHipPitch is in End
[2024/11/12 14:31:51] [INFO] [Nao_controller.py:1081]: LKneePitch is in End
[2024/11/12 14:31:51] [INFO] [Nao_controller.py:1120]: LAnklePitch is in End
[2024/11/12 14:31:51] [INFO] [Nao_controller.py:1404]: RHipPitch is in End
[2024/11/12 14:31:51] [INFO] [Nao_controller.py:1482]: RKneePitch is in End
[2024/11/12 14:31:51] [INFO] [Nao_controller.py:1521]: RAnklePitch is in End
[2024/11/12 14:31:51] [INFO] [Nao_controller.py:1003]: LHipPitch is in End
[2024/11/12 14:31:51] [INFO] [Nao_controller.py:1081]: LKneePitch is in End
[2024/11/12 14:31:51] [INFO] [Nao_controller.py:1120]: LAnklePitch is in End
[2024/11/12 14:31:51] [INFO] [Nao_controller.py:1404]: RHipPitch is in End
[2024/11/12 14:31:51] [INFO] [Nao_controller.py:1482]: RKneePitch is in End
[2024/11/12 14:31:51] [INFO] [Nao_controller.py:1521]: RAnklePitch is in End
[2024/11/12 14:31:51] [INFO] [Nao_controller.py:1003]: LHipPitch is in End
[2024/11/12 14:31:51] [INFO] [Nao_controller.py:1081]: LKneePitch is in End
[2024/11/12 14:31:51] [INFO] [Nao_controller.py:1120]: LAnklePitch is in End
[2024/11/12 14:31:51] [INFO] [Nao_controller.py:1404]: RHipPitch is in End
[2024/11/12 14:31:51] [INFO] [Nao_controller.py:1482]: RKneePitch is in End
[2024/11/12 14:31:51] [INFO] [Nao_controller.py:1521]: RAnklePitch is in End
[2024/11/12 14:31:51] [INFO] [Nao_controller.py:1003]: LHipPitch is in End
[2024/11/12 14:31:51] [INFO] [Nao_controller.py:1081]: LKneePitch is in End
[2024/11/12 14:31:51] [INFO] [Nao_controller.py:1120]: LAnklePitch is in End
[2024/11/12 14:31:51] [INFO] [Nao_controller.py:1404]: RHipPitch is in End
[2024/11/12 14:31:51] [INFO] [Nao_controller.py:1482]: RKneePitch is in End
[2024/11/12 14:31:51] [INFO] [Nao_controller.py:1521]: RAnklePitch is in End
[2024/11/12 14:31:51] [INFO] [Nao_controller.py:1003]: LHipPitch is in End
[2024/11/12 14:31:51] [INFO] [Nao_controller.py:1081]: LKneePitch is in End
[2024/11/12 14:31:51] [INFO] [Nao_controller.py:1120]: LAnklePitch is in End
[2024/11/12 14:31:51] [INFO] [Nao_controller.py:1404]: RHipPitch is in End
[2024/11/12 14:31:51] [INFO] [Nao_controller.py:1482]: RKneePitch is in End
[2024/11/12 14:31:51] [INFO] [Nao_controller.py:1521]: RAnklePitch is in End
[2024/11/12 14:31:51] [INFO] [Nao_controller.py:1003]: LHipPitch is in End
[2024/11/12 14:31:51] [INFO] [Nao_controller.py:1081]: LKneePitch is in End
[2024/11/12 14:31:51] [INFO] [Nao_controller.py:1120]: LAnklePitch is in End
[2024/11/12 14:31:51] [INFO] [Nao_controller.py:1404]: RHipPitch is in End
[2024/11/12 14:31:51] [INFO] [Nao_controller.py:1482]: RKneePitch is in End
[2024/11/12 14:31:51] [INFO] [Nao_controller.py:1521]: RAnklePitch is in End
[2024/11/12 14:31:51] [INFO] [Nao_controller.py:1003]: LHipPitch is in End
[2024/11/12 14:31:51] [INFO] [Nao_controller.py:1081]: LKneePitch is in End
[2024/11/12 14:31:51] [INFO] [Nao_controller.py:1120]: LAnklePitch is in End
[2024/11/12 14:31:51] [INFO] [Nao_controller.py:1404]: RHipPitch is in End
[2024/11/12 14:31:51] [INFO] [Nao_controller.py:1482]: RKneePitch is in End
[2024/11/12 14:31:51] [INFO] [Nao_controller.py:1521]: RAnklePitch is in End
[2024/11/12 14:31:51] [INFO] [Nao_controller.py:1003]: LHipPitch is in End
[2024/11/12 14:31:51] [INFO] [Nao_controller.py:1081]: LKneePitch is in End
[2024/11/12 14:31:51] [INFO] [Nao_controller.py:1120]: LAnklePitch is in End
[2024/11/12 14:31:51] [INFO] [Nao_controller.py:1404]: RHipPitch is in End
[2024/11/12 14:31:51] [INFO] [Nao_controller.py:1482]: RKneePitch is in End
[2024/11/12 14:31:51] [INFO] [Nao_controller.py:1521]: RAnklePitch is in End
[2024/11/12 14:31:51] [INFO] [Nao_controller.py:1003]: LHipPitch is in End
[2024/11/12 14:31:51] [INFO] [Nao_controller.py:1081]: LKneePitch is in End
[2024/11/12 14:31:51] [INFO] [Nao_controller.py:1120]: LAnklePitch is in End
[2024/11/12 14:31:51] [INFO] [Nao_controller.py:1404]: RHipPitch is in End
[2024/11/12 14:31:51] [INFO] [Nao_controller.py:1482]: RKneePitch is in End
[2024/11/12 14:31:51] [INFO] [Nao_controller.py:1521]: RAnklePitch is in End
[2024/11/12 14:31:51] [INFO] [Nao_controller.py:1003]: LHipPitch is in End
[2024/11/12 14:31:51] [INFO] [Nao_controller.py:1081]: LKneePitch is in End
[2024/11/12 14:31:51] [INFO] [Nao_controller.py:1120]: LAnklePitch is in End
[2024/11/12 14:31:51] [INFO] [Nao_controller.py:1404]: RHipPitch is in End
[2024/11/12 14:31:51] [INFO] [Nao_controller.py:1482]: RKneePitch is in End
[2024/11/12 14:31:51] [INFO] [Nao_controller.py:1521]: RAnklePitch is in End
[2024/11/12 14:31:51] [INFO] [Nao_controller.py:1003]: LHipPitch is in End
[2024/11/12 14:31:51] [INFO] [Nao_controller.py:1081]: LKneePitch is in End
[2024/11/12 14:31:51] [INFO] [Nao_controller.py:1120]: LAnklePitch is in End
[2024/11/12 14:31:51] [INFO] [Nao_controller.py:1404]: RHipPitch is in End
[2024/11/12 14:31:51] [INFO] [Nao_controller.py:1482]: RKneePitch is in End
[2024/11/12 14:31:51] [INFO] [Nao_controller.py:1521]: RAnklePitch is in End
[2024/11/12 14:31:51] [INFO] [Nao_controller.py:1003]: LHipPitch is in End
[2024/11/12 14:31:51] [INFO] [Nao_controller.py:1081]: LKneePitch is in End
[2024/11/12 14:31:51] [INFO] [Nao_controller.py:1120]: LAnklePitch is in End
[2024/11/12 14:31:51] [INFO] [Nao_controller.py:1404]: RHipPitch is in End
[2024/11/12 14:31:51] [INFO] [Nao_controller.py:1482]: RKneePitch is in End
[2024/11/12 14:31:51] [INFO] [Nao_controller.py:1521]: RAnklePitch is in End
[2024/11/12 14:31:51] [INFO] [Nao_controller.py:1003]: LHipPitch is in End
[2024/11/12 14:31:51] [INFO] [Nao_controller.py:1081]: LKneePitch is in End
[2024/11/12 14:31:51] [INFO] [Nao_controller.py:1120]: LAnklePitch is in End
[2024/11/12 14:31:51] [INFO] [Nao_controller.py:1404]: RHipPitch is in End
[2024/11/12 14:31:51] [INFO] [Nao_controller.py:1482]: RKneePitch is in End
[2024/11/12 14:31:51] [INFO] [Nao_controller.py:1521]: RAnklePitch is in End
[2024/11/12 14:31:51] [INFO] [Nao_controller.py:1003]: LHipPitch is in End
[2024/11/12 14:31:51] [INFO] [Nao_controller.py:1081]: LKneePitch is in End
[2024/11/12 14:31:51] [INFO] [Nao_controller.py:1120]: LAnklePitch is in End
[2024/11/12 14:31:51] [INFO] [Nao_controller.py:1404]: RHipPitch is in End
[2024/11/12 14:31:51] [INFO] [Nao_controller.py:1482]: RKneePitch is in End
[2024/11/12 14:31:51] [INFO] [Nao_controller.py:1521]: RAnklePitch is in End
[2024/11/12 14:31:51] [INFO] [Nao_controller.py:1003]: LHipPitch is in End
[2024/11/12 14:31:51] [INFO] [Nao_controller.py:1081]: LKneePitch is in End
[2024/11/12 14:31:51] [INFO] [Nao_controller.py:1120]: LAnklePitch is in End
[2024/11/12 14:31:51] [INFO] [Nao_controller.py:1404]: RHipPitch is in End
[2024/11/12 14:31:51] [INFO] [Nao_controller.py:1482]: RKneePitch is in End
[2024/11/12 14:31:51] [INFO] [Nao_controller.py:1521]: RAnklePitch is in End
[2024/11/12 14:31:51] [INFO] [Nao_controller.py:1003]: LHipPitch is in End
[2024/11/12 14:31:51] [INFO] [Nao_controller.py:1081]: LKneePitch is in End
[2024/11/12 14:31:51] [INFO] [Nao_controller.py:1120]: LAnklePitch is in End
[2024/11/12 14:31:51] [INFO] [Nao_controller.py:1404]: RHipPitch is in End
[2024/11/12 14:31:51] [INFO] [Nao_controller.py:1482]: RKneePitch is in End
[2024/11/12 14:31:51] [INFO] [Nao_controller.py:1521]: RAnklePitch is in End
[2024/11/12 14:31:51] [INFO] [Nao_controller.py:1003]: LHipPitch is in End
[2024/11/12 14:31:51] [INFO] [Nao_controller.py:1081]: LKneePitch is in End
[2024/11/12 14:31:51] [INFO] [Nao_controller.py:1120]: LAnklePitch is in End
[2024/11/12 14:31:51] [INFO] [Nao_controller.py:1404]: RHipPitch is in End
[2024/11/12 14:31:51] [INFO] [Nao_controller.py:1482]: RKneePitch is in End
[2024/11/12 14:31:51] [INFO] [Nao_controller.py:1521]: RAnklePitch is in End
[2024/11/12 14:31:51] [INFO] [Nao_controller.py:1003]: LHipPitch is in End
[2024/11/12 14:31:51] [INFO] [Nao_controller.py:1081]: LKneePitch is in End
[2024/11/12 14:31:51] [INFO] [Nao_controller.py:1120]: LAnklePitch is in End
[2024/11/12 14:31:51] [INFO] [Nao_controller.py:1404]: RHipPitch is in End
[2024/11/12 14:31:51] [INFO] [Nao_controller.py:1482]: RKneePitch is in End
[2024/11/12 14:31:51] [INFO] [Nao_controller.py:1521]: RAnklePitch is in End
[2024/11/12 14:31:51] [INFO] [Nao_controller.py:1003]: LHipPitch is in End
[2024/11/12 14:31:51] [INFO] [Nao_controller.py:1081]: LKneePitch is in End
[2024/11/12 14:31:51] [INFO] [Nao_controller.py:1120]: LAnklePitch is in End
[2024/11/12 14:31:51] [INFO] [Nao_controller.py:1404]: RHipPitch is in End
[2024/11/12 14:31:51] [INFO] [Nao_controller.py:1482]: RKneePitch is in End
[2024/11/12 14:31:51] [INFO] [Nao_controller.py:1521]: RAnklePitch is in End
[2024/11/12 14:31:51] [INFO] [Nao_controller.py:1003]: LHipPitch is in End
[2024/11/12 14:31:51] [INFO] [Nao_controller.py:1081]: LKneePitch is in End
[2024/11/12 14:31:51] [INFO] [Nao_controller.py:1120]: LAnklePitch is in End
[2024/11/12 14:31:51] [INFO] [Nao_controller.py:1404]: RHipPitch is in End
[2024/11/12 14:31:51] [INFO] [Nao_controller.py:1482]: RKneePitch is in End
[2024/11/12 14:31:51] [INFO] [Nao_controller.py:1521]: RAnklePitch is in End
[2024/11/12 14:31:51] [INFO] [Nao_controller.py:1003]: LHipPitch is in End
[2024/11/12 14:31:51] [INFO] [Nao_controller.py:1081]: LKneePitch is in End
[2024/11/12 14:31:51] [INFO] [Nao_controller.py:1120]: LAnklePitch is in End
[2024/11/12 14:31:51] [INFO] [Nao_controller.py:1404]: RHipPitch is in End
[2024/11/12 14:31:51] [INFO] [Nao_controller.py:1482]: RKneePitch is in End
[2024/11/12 14:31:51] [INFO] [Nao_controller.py:1521]: RAnklePitch is in End
[2024/11/12 14:31:51] [INFO] [Nao_controller.py:1003]: LHipPitch is in End
[2024/11/12 14:31:51] [INFO] [Nao_controller.py:1081]: LKneePitch is in End
[2024/11/12 14:31:51] [INFO] [Nao_controller.py:1120]: LAnklePitch is in End
[2024/11/12 14:31:51] [INFO] [Nao_controller.py:1404]: RHipPitch is in End
[2024/11/12 14:31:51] [INFO] [Nao_controller.py:1482]: RKneePitch is in End
[2024/11/12 14:31:51] [INFO] [Nao_controller.py:1521]: RAnklePitch is in End
[2024/11/12 14:31:51] [INFO] [Nao_controller.py:1003]: LHipPitch is in End
[2024/11/12 14:31:51] [INFO] [Nao_controller.py:1081]: LKneePitch is in End
[2024/11/12 14:31:51] [INFO] [Nao_controller.py:1120]: LAnklePitch is in End
[2024/11/12 14:31:51] [INFO] [Nao_controller.py:1404]: RHipPitch is in End
[2024/11/12 14:31:51] [INFO] [Nao_controller.py:1482]: RKneePitch is in End
[2024/11/12 14:31:51] [INFO] [Nao_controller.py:1521]: RAnklePitch is in End
[2024/11/12 14:31:51] [INFO] [Nao_controller.py:1003]: LHipPitch is in End
[2024/11/12 14:31:51] [INFO] [Nao_controller.py:1081]: LKneePitch is in End
[2024/11/12 14:31:51] [INFO] [Nao_controller.py:1120]: LAnklePitch is in End
[2024/11/12 14:31:51] [INFO] [Nao_controller.py:1404]: RHipPitch is in End
[2024/11/12 14:31:51] [INFO] [Nao_controller.py:1482]: RKneePitch is in End
[2024/11/12 14:31:51] [INFO] [Nao_controller.py:1521]: RAnklePitch is in End
[2024/11/12 14:31:51] [INFO] [Nao_controller.py:1003]: LHipPitch is in End
[2024/11/12 14:31:51] [INFO] [Nao_controller.py:1081]: LKneePitch is in End
[2024/11/12 14:31:51] [INFO] [Nao_controller.py:1120]: LAnklePitch is in End
[2024/11/12 14:31:51] [INFO] [Nao_controller.py:1404]: RHipPitch is in End
[2024/11/12 14:31:51] [INFO] [Nao_controller.py:1482]: RKneePitch is in End
[2024/11/12 14:31:51] [INFO] [Nao_controller.py:1521]: RAnklePitch is in End
[2024/11/12 14:31:51] [INFO] [Nao_controller.py:1003]: LHipPitch is in End
[2024/11/12 14:31:51] [INFO] [Nao_controller.py:1081]: LKneePitch is in End
[2024/11/12 14:31:51] [INFO] [Nao_controller.py:1120]: LAnklePitch is in End
[2024/11/12 14:31:51] [INFO] [Nao_controller.py:1404]: RHipPitch is in End
[2024/11/12 14:31:51] [INFO] [Nao_controller.py:1482]: RKneePitch is in End
[2024/11/12 14:31:51] [INFO] [Nao_controller.py:1521]: RAnklePitch is in End
[2024/11/12 14:31:51] [INFO] [Nao_controller.py:1003]: LHipPitch is in End
[2024/11/12 14:31:51] [INFO] [Nao_controller.py:1081]: LKneePitch is in End
[2024/11/12 14:31:51] [INFO] [Nao_controller.py:1120]: LAnklePitch is in End
[2024/11/12 14:31:51] [INFO] [Nao_controller.py:1404]: RHipPitch is in End
[2024/11/12 14:31:51] [INFO] [Nao_controller.py:1482]: RKneePitch is in End
[2024/11/12 14:31:51] [INFO] [Nao_controller.py:1521]: RAnklePitch is in End
[2024/11/12 14:31:51] [INFO] [Nao_controller.py:1003]: LHipPitch is in End
[2024/11/12 14:31:51] [INFO] [Nao_controller.py:1081]: LKneePitch is in End
[2024/11/12 14:31:51] [INFO] [Nao_controller.py:1120]: LAnklePitch is in End
[2024/11/12 14:31:51] [INFO] [Nao_controller.py:1404]: RHipPitch is in End
[2024/11/12 14:31:51] [INFO] [Nao_controller.py:1482]: RKneePitch is in End
[2024/11/12 14:31:51] [INFO] [Nao_controller.py:1521]: RAnklePitch is in End
[2024/11/12 14:31:51] [INFO] [Nao_controller.py:1003]: LHipPitch is in End
[2024/11/12 14:31:51] [INFO] [Nao_controller.py:1081]: LKneePitch is in End
[2024/11/12 14:31:51] [INFO] [Nao_controller.py:1120]: LAnklePitch is in End
[2024/11/12 14:31:51] [INFO] [Nao_controller.py:1404]: RHipPitch is in End
[2024/11/12 14:31:51] [INFO] [Nao_controller.py:1482]: RKneePitch is in End
[2024/11/12 14:31:51] [INFO] [Nao_controller.py:1521]: RAnklePitch is in End
[2024/11/12 14:31:51] [INFO] [Nao_controller.py:1003]: LHipPitch is in End
[2024/11/12 14:31:51] [INFO] [Nao_controller.py:1081]: LKneePitch is in End
[2024/11/12 14:31:51] [INFO] [Nao_controller.py:1120]: LAnklePitch is in End
[2024/11/12 14:31:51] [INFO] [Nao_controller.py:1404]: RHipPitch is in End
[2024/11/12 14:31:51] [INFO] [Nao_controller.py:1482]: RKneePitch is in End
[2024/11/12 14:31:51] [INFO] [Nao_controller.py:1521]: RAnklePitch is in End
[2024/11/12 14:31:52] [INFO] [Nao_controller.py:1003]: LHipPitch is in End
[2024/11/12 14:31:52] [INFO] [Nao_controller.py:1081]: LKneePitch is in End
[2024/11/12 14:31:52] [INFO] [Nao_controller.py:1120]: LAnklePitch is in End
[2024/11/12 14:31:52] [INFO] [Nao_controller.py:1404]: RHipPitch is in End
[2024/11/12 14:31:52] [INFO] [Nao_controller.py:1482]: RKneePitch is in End
[2024/11/12 14:31:52] [INFO] [Nao_controller.py:1521]: RAnklePitch is in End
[2024/11/12 14:31:52] [INFO] [Nao_controller.py:1003]: LHipPitch is in End
[2024/11/12 14:31:52] [INFO] [Nao_controller.py:1081]: LKneePitch is in End
[2024/11/12 14:31:52] [INFO] [Nao_controller.py:1120]: LAnklePitch is in End
[2024/11/12 14:31:52] [INFO] [Nao_controller.py:1404]: RHipPitch is in End
[2024/11/12 14:31:52] [INFO] [Nao_controller.py:1482]: RKneePitch is in End
[2024/11/12 14:31:52] [INFO] [Nao_controller.py:1521]: RAnklePitch is in End
[2024/11/12 14:31:52] [INFO] [Nao_controller.py:1003]: LHipPitch is in End
[2024/11/12 14:31:52] [INFO] [Nao_controller.py:1081]: LKneePitch is in End
[2024/11/12 14:31:52] [INFO] [Nao_controller.py:1120]: LAnklePitch is in End
[2024/11/12 14:31:52] [INFO] [Nao_controller.py:1404]: RHipPitch is in End
[2024/11/12 14:31:52] [INFO] [Nao_controller.py:1482]: RKneePitch is in End
[2024/11/12 14:31:52] [INFO] [Nao_controller.py:1521]: RAnklePitch is in End
[2024/11/12 14:31:52] [INFO] [Nao_controller.py:1003]: LHipPitch is in End
[2024/11/12 14:31:52] [INFO] [Nao_controller.py:1081]: LKneePitch is in End
[2024/11/12 14:31:52] [INFO] [Nao_controller.py:1120]: LAnklePitch is in End
[2024/11/12 14:31:52] [INFO] [Nao_controller.py:1404]: RHipPitch is in End
[2024/11/12 14:31:52] [INFO] [Nao_controller.py:1482]: RKneePitch is in End
[2024/11/12 14:31:52] [INFO] [Nao_controller.py:1521]: RAnklePitch is in End
[2024/11/12 14:31:52] [INFO] [Nao_controller.py:1003]: LHipPitch is in End
[2024/11/12 14:31:52] [INFO] [Nao_controller.py:1081]: LKneePitch is in End
[2024/11/12 14:31:52] [INFO] [Nao_controller.py:1120]: LAnklePitch is in End
[2024/11/12 14:31:52] [INFO] [Nao_controller.py:1404]: RHipPitch is in End
[2024/11/12 14:31:52] [INFO] [Nao_controller.py:1482]: RKneePitch is in End
[2024/11/12 14:31:52] [INFO] [Nao_controller.py:1521]: RAnklePitch is in End
[2024/11/12 14:31:52] [INFO] [Nao_controller.py:1003]: LHipPitch is in End
[2024/11/12 14:31:52] [INFO] [Nao_controller.py:1081]: LKneePitch is in End
[2024/11/12 14:31:52] [INFO] [Nao_controller.py:1120]: LAnklePitch is in End
[2024/11/12 14:31:52] [INFO] [Nao_controller.py:1404]: RHipPitch is in End
[2024/11/12 14:31:52] [INFO] [Nao_controller.py:1482]: RKneePitch is in End
[2024/11/12 14:31:52] [INFO] [Nao_controller.py:1521]: RAnklePitch is in End
[2024/11/12 14:31:52] [INFO] [Nao_controller.py:1003]: LHipPitch is in End
[2024/11/12 14:31:52] [INFO] [Nao_controller.py:1081]: LKneePitch is in End
[2024/11/12 14:31:52] [INFO] [Nao_controller.py:1120]: LAnklePitch is in End
[2024/11/12 14:31:52] [INFO] [Nao_controller.py:1404]: RHipPitch is in End
[2024/11/12 14:31:52] [INFO] [Nao_controller.py:1482]: RKneePitch is in End
[2024/11/12 14:31:52] [INFO] [Nao_controller.py:1521]: RAnklePitch is in End
[2024/11/12 14:31:52] [INFO] [Nao_controller.py:1003]: LHipPitch is in End
[2024/11/12 14:31:52] [INFO] [Nao_controller.py:1081]: LKneePitch is in End
[2024/11/12 14:31:52] [INFO] [Nao_controller.py:1120]: LAnklePitch is in End
[2024/11/12 14:31:52] [INFO] [Nao_controller.py:1404]: RHipPitch is in End
[2024/11/12 14:31:52] [INFO] [Nao_controller.py:1482]: RKneePitch is in End
[2024/11/12 14:31:52] [INFO] [Nao_controller.py:1521]: RAnklePitch is in End
[2024/11/12 14:31:52] [INFO] [Nao_controller.py:1003]: LHipPitch is in End
[2024/11/12 14:31:52] [INFO] [Nao_controller.py:1081]: LKneePitch is in End
[2024/11/12 14:31:52] [INFO] [Nao_controller.py:1120]: LAnklePitch is in End
[2024/11/12 14:31:52] [INFO] [Nao_controller.py:1404]: RHipPitch is in End
[2024/11/12 14:31:52] [INFO] [Nao_controller.py:1482]: RKneePitch is in End
[2024/11/12 14:31:52] [INFO] [Nao_controller.py:1521]: RAnklePitch is in End
[2024/11/12 14:31:52] [INFO] [Nao_controller.py:1003]: LHipPitch is in End
[2024/11/12 14:31:52] [INFO] [Nao_controller.py:1081]: LKneePitch is in End
[2024/11/12 14:31:52] [INFO] [Nao_controller.py:1120]: LAnklePitch is in End
[2024/11/12 14:31:52] [INFO] [Nao_controller.py:1404]: RHipPitch is in End
[2024/11/12 14:31:52] [INFO] [Nao_controller.py:1482]: RKneePitch is in End
[2024/11/12 14:31:52] [INFO] [Nao_controller.py:1521]: RAnklePitch is in End
[2024/11/12 14:31:52] [INFO] [Nao_controller.py:1003]: LHipPitch is in End
[2024/11/12 14:31:52] [INFO] [Nao_controller.py:1081]: LKneePitch is in End
[2024/11/12 14:31:52] [INFO] [Nao_controller.py:1120]: LAnklePitch is in End
[2024/11/12 14:31:52] [INFO] [Nao_controller.py:1404]: RHipPitch is in End
[2024/11/12 14:31:52] [INFO] [Nao_controller.py:1482]: RKneePitch is in End
[2024/11/12 14:31:52] [INFO] [Nao_controller.py:1521]: RAnklePitch is in End
[2024/11/12 14:31:52] [INFO] [Nao_controller.py:1003]: LHipPitch is in End
[2024/11/12 14:31:52] [INFO] [Nao_controller.py:1081]: LKneePitch is in End
[2024/11/12 14:31:52] [INFO] [Nao_controller.py:1120]: LAnklePitch is in End
[2024/11/12 14:31:52] [INFO] [Nao_controller.py:1404]: RHipPitch is in End
[2024/11/12 14:31:52] [INFO] [Nao_controller.py:1482]: RKneePitch is in End
[2024/11/12 14:31:52] [INFO] [Nao_controller.py:1521]: RAnklePitch is in End
[2024/11/12 14:31:52] [INFO] [Nao_controller.py:1003]: LHipPitch is in End
[2024/11/12 14:31:52] [INFO] [Nao_controller.py:1081]: LKneePitch is in End
[2024/11/12 14:31:52] [INFO] [Nao_controller.py:1120]: LAnklePitch is in End
[2024/11/12 14:31:52] [INFO] [Nao_controller.py:1404]: RHipPitch is in End
[2024/11/12 14:31:52] [INFO] [Nao_controller.py:1482]: RKneePitch is in End
[2024/11/12 14:31:52] [INFO] [Nao_controller.py:1521]: RAnklePitch is in End
[2024/11/12 14:31:52] [INFO] [Nao_controller.py:1003]: LHipPitch is in End
[2024/11/12 14:31:52] [INFO] [Nao_controller.py:1081]: LKneePitch is in End
[2024/11/12 14:31:52] [INFO] [Nao_controller.py:1120]: LAnklePitch is in End
[2024/11/12 14:31:52] [INFO] [Nao_controller.py:1404]: RHipPitch is in End
[2024/11/12 14:31:52] [INFO] [Nao_controller.py:1482]: RKneePitch is in End
[2024/11/12 14:31:52] [INFO] [Nao_controller.py:1521]: RAnklePitch is in End
[2024/11/12 14:31:52] [INFO] [Nao_controller.py:1003]: LHipPitch is in End
[2024/11/12 14:31:52] [INFO] [Nao_controller.py:1081]: LKneePitch is in End
[2024/11/12 14:31:52] [INFO] [Nao_controller.py:1120]: LAnklePitch is in End
[2024/11/12 14:31:52] [INFO] [Nao_controller.py:1404]: RHipPitch is in End
[2024/11/12 14:31:52] [INFO] [Nao_controller.py:1482]: RKneePitch is in End
[2024/11/12 14:31:52] [INFO] [Nao_controller.py:1521]: RAnklePitch is in End
[2024/11/12 14:31:52] [INFO] [Nao_controller.py:1003]: LHipPitch is in End
[2024/11/12 14:31:52] [INFO] [Nao_controller.py:1081]: LKneePitch is in End
[2024/11/12 14:31:52] [INFO] [Nao_controller.py:1120]: LAnklePitch is in End
[2024/11/12 14:31:52] [INFO] [Nao_controller.py:1404]: RHipPitch is in End
[2024/11/12 14:31:52] [INFO] [Nao_controller.py:1482]: RKneePitch is in End
[2024/11/12 14:31:52] [INFO] [Nao_controller.py:1521]: RAnklePitch is in End
[2024/11/12 14:31:52] [INFO] [Nao_controller.py:1003]: LHipPitch is in End
[2024/11/12 14:31:52] [INFO] [Nao_controller.py:1081]: LKneePitch is in End
[2024/11/12 14:31:52] [INFO] [Nao_controller.py:1120]: LAnklePitch is in End
[2024/11/12 14:31:52] [INFO] [Nao_controller.py:1404]: RHipPitch is in End
[2024/11/12 14:31:52] [INFO] [Nao_controller.py:1482]: RKneePitch is in End
[2024/11/12 14:31:52] [INFO] [Nao_controller.py:1521]: RAnklePitch is in End
[2024/11/12 14:31:52] [INFO] [Nao_controller.py:1003]: LHipPitch is in End
[2024/11/12 14:31:52] [INFO] [Nao_controller.py:1081]: LKneePitch is in End
[2024/11/12 14:31:52] [INFO] [Nao_controller.py:1120]: LAnklePitch is in End
[2024/11/12 14:31:52] [INFO] [Nao_controller.py:1404]: RHipPitch is in End
[2024/11/12 14:31:52] [INFO] [Nao_controller.py:1482]: RKneePitch is in End
[2024/11/12 14:31:52] [INFO] [Nao_controller.py:1521]: RAnklePitch is in End
[2024/11/12 14:31:52] [INFO] [Nao_controller.py:1003]: LHipPitch is in End
[2024/11/12 14:31:52] [INFO] [Nao_controller.py:1081]: LKneePitch is in End
[2024/11/12 14:31:52] [INFO] [Nao_controller.py:1120]: LAnklePitch is in End
[2024/11/12 14:31:52] [INFO] [Nao_controller.py:1404]: RHipPitch is in End
[2024/11/12 14:31:52] [INFO] [Nao_controller.py:1482]: RKneePitch is in End
[2024/11/12 14:31:52] [INFO] [Nao_controller.py:1521]: RAnklePitch is in End
[2024/11/12 14:31:52] [INFO] [Nao_controller.py:1003]: LHipPitch is in End
[2024/11/12 14:31:52] [INFO] [Nao_controller.py:1081]: LKneePitch is in End
[2024/11/12 14:31:52] [INFO] [Nao_controller.py:1120]: LAnklePitch is in End
[2024/11/12 14:31:52] [INFO] [Nao_controller.py:1404]: RHipPitch is in End
[2024/11/12 14:31:52] [INFO] [Nao_controller.py:1482]: RKneePitch is in End
[2024/11/12 14:31:52] [INFO] [Nao_controller.py:1521]: RAnklePitch is in End
[2024/11/12 14:31:52] [INFO] [Nao_controller.py:1003]: LHipPitch is in End
[2024/11/12 14:31:52] [INFO] [Nao_controller.py:1081]: LKneePitch is in End
[2024/11/12 14:31:52] [INFO] [Nao_controller.py:1120]: LAnklePitch is in End
[2024/11/12 14:31:52] [INFO] [Nao_controller.py:1404]: RHipPitch is in End
[2024/11/12 14:31:52] [INFO] [Nao_controller.py:1482]: RKneePitch is in End
[2024/11/12 14:31:52] [INFO] [Nao_controller.py:1521]: RAnklePitch is in End
[2024/11/12 14:31:52] [INFO] [Nao_controller.py:1003]: LHipPitch is in End
[2024/11/12 14:31:52] [INFO] [Nao_controller.py:1081]: LKneePitch is in End
[2024/11/12 14:31:52] [INFO] [Nao_controller.py:1120]: LAnklePitch is in End
[2024/11/12 14:31:52] [INFO] [Nao_controller.py:1404]: RHipPitch is in End
[2024/11/12 14:31:52] [INFO] [Nao_controller.py:1482]: RKneePitch is in End
[2024/11/12 14:31:52] [INFO] [Nao_controller.py:1521]: RAnklePitch is in End
[2024/11/12 14:31:52] [INFO] [Nao_controller.py:1003]: LHipPitch is in End
[2024/11/12 14:31:52] [INFO] [Nao_controller.py:1081]: LKneePitch is in End
[2024/11/12 14:31:52] [INFO] [Nao_controller.py:1120]: LAnklePitch is in End
[2024/11/12 14:31:52] [INFO] [Nao_controller.py:1404]: RHipPitch is in End
[2024/11/12 14:31:52] [INFO] [Nao_controller.py:1482]: RKneePitch is in End
[2024/11/12 14:31:52] [INFO] [Nao_controller.py:1521]: RAnklePitch is in End
[2024/11/12 14:31:52] [INFO] [Nao_controller.py:1003]: LHipPitch is in End
[2024/11/12 14:31:52] [INFO] [Nao_controller.py:1081]: LKneePitch is in End
[2024/11/12 14:31:52] [INFO] [Nao_controller.py:1120]: LAnklePitch is in End
[2024/11/12 14:31:52] [INFO] [Nao_controller.py:1404]: RHipPitch is in End
[2024/11/12 14:31:52] [INFO] [Nao_controller.py:1482]: RKneePitch is in End
[2024/11/12 14:31:52] [INFO] [Nao_controller.py:1521]: RAnklePitch is in End
[2024/11/12 14:31:52] [INFO] [Nao_controller.py:1003]: LHipPitch is in End
[2024/11/12 14:31:52] [INFO] [Nao_controller.py:1081]: LKneePitch is in End
[2024/11/12 14:31:52] [INFO] [Nao_controller.py:1120]: LAnklePitch is in End
[2024/11/12 14:31:52] [INFO] [Nao_controller.py:1404]: RHipPitch is in End
[2024/11/12 14:31:52] [INFO] [Nao_controller.py:1482]: RKneePitch is in End
[2024/11/12 14:31:52] [INFO] [Nao_controller.py:1521]: RAnklePitch is in End
[2024/11/12 14:31:52] [INFO] [Nao_controller.py:1003]: LHipPitch is in End
[2024/11/12 14:31:52] [INFO] [Nao_controller.py:1081]: LKneePitch is in End
[2024/11/12 14:31:52] [INFO] [Nao_controller.py:1120]: LAnklePitch is in End
[2024/11/12 14:31:52] [INFO] [Nao_controller.py:1404]: RHipPitch is in End
[2024/11/12 14:31:52] [INFO] [Nao_controller.py:1482]: RKneePitch is in End
[2024/11/12 14:31:52] [INFO] [Nao_controller.py:1521]: RAnklePitch is in End
[2024/11/12 14:31:52] [INFO] [Nao_controller.py:1003]: LHipPitch is in End
[2024/11/12 14:31:52] [INFO] [Nao_controller.py:1081]: LKneePitch is in End
[2024/11/12 14:31:52] [INFO] [Nao_controller.py:1120]: LAnklePitch is in End
[2024/11/12 14:31:52] [INFO] [Nao_controller.py:1404]: RHipPitch is in End
[2024/11/12 14:31:52] [INFO] [Nao_controller.py:1482]: RKneePitch is in End
[2024/11/12 14:31:52] [INFO] [Nao_controller.py:1521]: RAnklePitch is in End
[2024/11/12 14:31:52] [INFO] [Nao_controller.py:1003]: LHipPitch is in End
[2024/11/12 14:31:52] [INFO] [Nao_controller.py:1081]: LKneePitch is in End
[2024/11/12 14:31:52] [INFO] [Nao_controller.py:1120]: LAnklePitch is in End
[2024/11/12 14:31:52] [INFO] [Nao_controller.py:1404]: RHipPitch is in End
[2024/11/12 14:31:52] [INFO] [Nao_controller.py:1482]: RKneePitch is in End
[2024/11/12 14:31:52] [INFO] [Nao_controller.py:1521]: RAnklePitch is in End
[2024/11/12 14:31:52] [INFO] [Nao_controller.py:1003]: LHipPitch is in End
[2024/11/12 14:31:52] [INFO] [Nao_controller.py:1081]: LKneePitch is in End
[2024/11/12 14:31:52] [INFO] [Nao_controller.py:1120]: LAnklePitch is in End
[2024/11/12 14:31:52] [INFO] [Nao_controller.py:1404]: RHipPitch is in End
[2024/11/12 14:31:52] [INFO] [Nao_controller.py:1482]: RKneePitch is in End
[2024/11/12 14:31:52] [INFO] [Nao_controller.py:1521]: RAnklePitch is in End
[2024/11/12 14:31:52] [INFO] [Nao_controller.py:1003]: LHipPitch is in End
[2024/11/12 14:31:52] [INFO] [Nao_controller.py:1081]: LKneePitch is in End
[2024/11/12 14:31:52] [INFO] [Nao_controller.py:1120]: LAnklePitch is in End
[2024/11/12 14:31:52] [INFO] [Nao_controller.py:1404]: RHipPitch is in End
[2024/11/12 14:31:52] [INFO] [Nao_controller.py:1482]: RKneePitch is in End
[2024/11/12 14:31:52] [INFO] [Nao_controller.py:1521]: RAnklePitch is in End
[2024/11/12 14:31:53] [INFO] [Nao_controller.py:1003]: LHipPitch is in End
[2024/11/12 14:31:53] [INFO] [Nao_controller.py:1081]: LKneePitch is in End
[2024/11/12 14:31:53] [INFO] [Nao_controller.py:1120]: LAnklePitch is in End
[2024/11/12 14:31:53] [INFO] [Nao_controller.py:1404]: RHipPitch is in End
[2024/11/12 14:31:53] [INFO] [Nao_controller.py:1482]: RKneePitch is in End
[2024/11/12 14:31:53] [INFO] [Nao_controller.py:1521]: RAnklePitch is in End
[2024/11/12 14:31:53] [INFO] [Nao_controller.py:1003]: LHipPitch is in End
[2024/11/12 14:31:53] [INFO] [Nao_controller.py:1081]: LKneePitch is in End
[2024/11/12 14:31:53] [INFO] [Nao_controller.py:1120]: LAnklePitch is in End
[2024/11/12 14:31:53] [INFO] [Nao_controller.py:1404]: RHipPitch is in End
[2024/11/12 14:31:53] [INFO] [Nao_controller.py:1482]: RKneePitch is in End
[2024/11/12 14:31:53] [INFO] [Nao_controller.py:1521]: RAnklePitch is in End
[2024/11/12 14:31:53] [INFO] [Nao_controller.py:1003]: LHipPitch is in End
[2024/11/12 14:31:53] [INFO] [Nao_controller.py:1081]: LKneePitch is in End
[2024/11/12 14:31:53] [INFO] [Nao_controller.py:1120]: LAnklePitch is in End
[2024/11/12 14:31:53] [INFO] [Nao_controller.py:1404]: RHipPitch is in End
[2024/11/12 14:31:53] [INFO] [Nao_controller.py:1482]: RKneePitch is in End
[2024/11/12 14:31:53] [INFO] [Nao_controller.py:1521]: RAnklePitch is in End
[2024/11/12 14:31:53] [INFO] [Nao_controller.py:1003]: LHipPitch is in End
[2024/11/12 14:31:53] [INFO] [Nao_controller.py:1081]: LKneePitch is in End
[2024/11/12 14:31:53] [INFO] [Nao_controller.py:1120]: LAnklePitch is in End
[2024/11/12 14:31:53] [INFO] [Nao_controller.py:1404]: RHipPitch is in End
[2024/11/12 14:31:53] [INFO] [Nao_controller.py:1482]: RKneePitch is in End
[2024/11/12 14:31:53] [INFO] [Nao_controller.py:1521]: RAnklePitch is in End
[2024/11/12 14:31:53] [INFO] [Nao_controller.py:1003]: LHipPitch is in End
[2024/11/12 14:31:53] [INFO] [Nao_controller.py:1081]: LKneePitch is in End
[2024/11/12 14:31:53] [INFO] [Nao_controller.py:1120]: LAnklePitch is in End
[2024/11/12 14:31:53] [INFO] [Nao_controller.py:1404]: RHipPitch is in End
[2024/11/12 14:31:53] [INFO] [Nao_controller.py:1482]: RKneePitch is in End
[2024/11/12 14:31:53] [INFO] [Nao_controller.py:1521]: RAnklePitch is in End
[2024/11/12 14:31:53] [INFO] [Nao_controller.py:1003]: LHipPitch is in End
[2024/11/12 14:31:53] [INFO] [Nao_controller.py:1081]: LKneePitch is in End
[2024/11/12 14:31:53] [INFO] [Nao_controller.py:1120]: LAnklePitch is in End
[2024/11/12 14:31:53] [INFO] [Nao_controller.py:1404]: RHipPitch is in End
[2024/11/12 14:31:53] [INFO] [Nao_controller.py:1482]: RKneePitch is in End
[2024/11/12 14:31:53] [INFO] [Nao_controller.py:1521]: RAnklePitch is in End
[2024/11/12 14:31:53] [INFO] [Nao_controller.py:1003]: LHipPitch is in End
[2024/11/12 14:31:53] [INFO] [Nao_controller.py:1081]: LKneePitch is in End
[2024/11/12 14:31:53] [INFO] [Nao_controller.py:1120]: LAnklePitch is in End
[2024/11/12 14:31:53] [INFO] [Nao_controller.py:1404]: RHipPitch is in End
[2024/11/12 14:31:53] [INFO] [Nao_controller.py:1482]: RKneePitch is in End
[2024/11/12 14:31:53] [INFO] [Nao_controller.py:1521]: RAnklePitch is in End
[2024/11/12 14:31:53] [INFO] [Nao_controller.py:1003]: LHipPitch is in End
[2024/11/12 14:31:53] [INFO] [Nao_controller.py:1081]: LKneePitch is in End
[2024/11/12 14:31:53] [INFO] [Nao_controller.py:1120]: LAnklePitch is in End
[2024/11/12 14:31:53] [INFO] [Nao_controller.py:1404]: RHipPitch is in End
[2024/11/12 14:31:53] [INFO] [Nao_controller.py:1482]: RKneePitch is in End
[2024/11/12 14:31:53] [INFO] [Nao_controller.py:1521]: RAnklePitch is in End
[2024/11/12 14:31:53] [INFO] [Nao_controller.py:1003]: LHipPitch is in End
[2024/11/12 14:31:53] [INFO] [Nao_controller.py:1081]: LKneePitch is in End
[2024/11/12 14:31:53] [INFO] [Nao_controller.py:1120]: LAnklePitch is in End
[2024/11/12 14:31:53] [INFO] [Nao_controller.py:1404]: RHipPitch is in End
[2024/11/12 14:31:53] [INFO] [Nao_controller.py:1482]: RKneePitch is in End
[2024/11/12 14:31:53] [INFO] [Nao_controller.py:1521]: RAnklePitch is in End
[2024/11/12 14:31:53] [INFO] [Nao_controller.py:1003]: LHipPitch is in End
[2024/11/12 14:31:53] [INFO] [Nao_controller.py:1081]: LKneePitch is in End
[2024/11/12 14:31:53] [INFO] [Nao_controller.py:1120]: LAnklePitch is in End
[2024/11/12 14:31:53] [INFO] [Nao_controller.py:1404]: RHipPitch is in End
[2024/11/12 14:31:53] [INFO] [Nao_controller.py:1482]: RKneePitch is in End
[2024/11/12 14:31:53] [INFO] [Nao_controller.py:1521]: RAnklePitch is in End
[2024/11/12 14:31:53] [INFO] [Nao_controller.py:1003]: LHipPitch is in End
[2024/11/12 14:31:53] [INFO] [Nao_controller.py:1081]: LKneePitch is in End
[2024/11/12 14:31:53] [INFO] [Nao_controller.py:1120]: LAnklePitch is in End
[2024/11/12 14:31:53] [INFO] [Nao_controller.py:1404]: RHipPitch is in End
[2024/11/12 14:31:53] [INFO] [Nao_controller.py:1482]: RKneePitch is in End
[2024/11/12 14:31:53] [INFO] [Nao_controller.py:1521]: RAnklePitch is in End
[2024/11/12 14:31:53] [INFO] [Nao_controller.py:1003]: LHipPitch is in End
[2024/11/12 14:31:53] [INFO] [Nao_controller.py:1081]: LKneePitch is in End
[2024/11/12 14:31:53] [INFO] [Nao_controller.py:1120]: LAnklePitch is in End
[2024/11/12 14:31:53] [INFO] [Nao_controller.py:1404]: RHipPitch is in End
[2024/11/12 14:31:53] [INFO] [Nao_controller.py:1482]: RKneePitch is in End
[2024/11/12 14:31:53] [INFO] [Nao_controller.py:1521]: RAnklePitch is in End
[2024/11/12 14:31:53] [INFO] [Nao_controller.py:1003]: LHipPitch is in End
[2024/11/12 14:31:53] [INFO] [Nao_controller.py:1081]: LKneePitch is in End
[2024/11/12 14:31:53] [INFO] [Nao_controller.py:1120]: LAnklePitch is in End
[2024/11/12 14:31:53] [INFO] [Nao_controller.py:1404]: RHipPitch is in End
[2024/11/12 14:31:53] [INFO] [Nao_controller.py:1482]: RKneePitch is in End
[2024/11/12 14:31:53] [INFO] [Nao_controller.py:1521]: RAnklePitch is in End
[2024/11/12 14:31:53] [INFO] [Nao_controller.py:1003]: LHipPitch is in End
[2024/11/12 14:31:53] [INFO] [Nao_controller.py:1081]: LKneePitch is in End
[2024/11/12 14:31:53] [INFO] [Nao_controller.py:1120]: LAnklePitch is in End
[2024/11/12 14:31:53] [INFO] [Nao_controller.py:1404]: RHipPitch is in End
[2024/11/12 14:31:53] [INFO] [Nao_controller.py:1482]: RKneePitch is in End
[2024/11/12 14:31:53] [INFO] [Nao_controller.py:1521]: RAnklePitch is in End
[2024/11/12 14:31:53] [INFO] [Nao_controller.py:1003]: LHipPitch is in End
[2024/11/12 14:31:53] [INFO] [Nao_controller.py:1081]: LKneePitch is in End
[2024/11/12 14:31:53] [INFO] [Nao_controller.py:1120]: LAnklePitch is in End
[2024/11/12 14:31:53] [INFO] [Nao_controller.py:1404]: RHipPitch is in End
[2024/11/12 14:31:53] [INFO] [Nao_controller.py:1482]: RKneePitch is in End
[2024/11/12 14:31:53] [INFO] [Nao_controller.py:1521]: RAnklePitch is in End
[2024/11/12 14:31:53] [INFO] [Nao_controller.py:1003]: LHipPitch is in End
[2024/11/12 14:31:53] [INFO] [Nao_controller.py:1081]: LKneePitch is in End
[2024/11/12 14:31:53] [INFO] [Nao_controller.py:1120]: LAnklePitch is in End
[2024/11/12 14:31:53] [INFO] [Nao_controller.py:1404]: RHipPitch is in End
[2024/11/12 14:31:53] [INFO] [Nao_controller.py:1482]: RKneePitch is in End
[2024/11/12 14:31:53] [INFO] [Nao_controller.py:1521]: RAnklePitch is in End
[2024/11/12 14:31:53] [INFO] [Nao_controller.py:1003]: LHipPitch is in End
[2024/11/12 14:31:53] [INFO] [Nao_controller.py:1081]: LKneePitch is in End
[2024/11/12 14:31:53] [INFO] [Nao_controller.py:1120]: LAnklePitch is in End
[2024/11/12 14:31:53] [INFO] [Nao_controller.py:1404]: RHipPitch is in End
[2024/11/12 14:31:53] [INFO] [Nao_controller.py:1482]: RKneePitch is in End
[2024/11/12 14:31:53] [INFO] [Nao_controller.py:1521]: RAnklePitch is in End
[2024/11/12 14:31:53] [INFO] [Nao_controller.py:1003]: LHipPitch is in End
[2024/11/12 14:31:53] [INFO] [Nao_controller.py:1081]: LKneePitch is in End
[2024/11/12 14:31:53] [INFO] [Nao_controller.py:1120]: LAnklePitch is in End
[2024/11/12 14:31:53] [INFO] [Nao_controller.py:1404]: RHipPitch is in End
[2024/11/12 14:31:53] [INFO] [Nao_controller.py:1482]: RKneePitch is in End
[2024/11/12 14:31:53] [INFO] [Nao_controller.py:1521]: RAnklePitch is in End
[2024/11/12 14:31:53] [INFO] [Nao_controller.py:1003]: LHipPitch is in End
[2024/11/12 14:31:53] [INFO] [Nao_controller.py:1081]: LKneePitch is in End
[2024/11/12 14:31:53] [INFO] [Nao_controller.py:1120]: LAnklePitch is in End
[2024/11/12 14:31:53] [INFO] [Nao_controller.py:1404]: RHipPitch is in End
[2024/11/12 14:31:53] [INFO] [Nao_controller.py:1482]: RKneePitch is in End
[2024/11/12 14:31:53] [INFO] [Nao_controller.py:1521]: RAnklePitch is in End
[2024/11/12 14:31:53] [INFO] [Nao_controller.py:1003]: LHipPitch is in End
[2024/11/12 14:31:53] [INFO] [Nao_controller.py:1081]: LKneePitch is in End
[2024/11/12 14:31:53] [INFO] [Nao_controller.py:1120]: LAnklePitch is in End
[2024/11/12 14:31:53] [INFO] [Nao_controller.py:1404]: RHipPitch is in End
[2024/11/12 14:31:53] [INFO] [Nao_controller.py:1482]: RKneePitch is in End
[2024/11/12 14:31:53] [INFO] [Nao_controller.py:1521]: RAnklePitch is in End
[2024/11/12 14:31:53] [INFO] [Nao_controller.py:1003]: LHipPitch is in End
[2024/11/12 14:31:53] [INFO] [Nao_controller.py:1081]: LKneePitch is in End
[2024/11/12 14:31:53] [INFO] [Nao_controller.py:1120]: LAnklePitch is in End
[2024/11/12 14:31:53] [INFO] [Nao_controller.py:1404]: RHipPitch is in End
[2024/11/12 14:31:53] [INFO] [Nao_controller.py:1482]: RKneePitch is in End
[2024/11/12 14:31:53] [INFO] [Nao_controller.py:1521]: RAnklePitch is in End
[2024/11/12 14:31:53] [INFO] [Nao_controller.py:1003]: LHipPitch is in End
[2024/11/12 14:31:53] [INFO] [Nao_controller.py:1081]: LKneePitch is in End
[2024/11/12 14:31:53] [INFO] [Nao_controller.py:1120]: LAnklePitch is in End
[2024/11/12 14:31:53] [INFO] [Nao_controller.py:1404]: RHipPitch is in End
[2024/11/12 14:31:53] [INFO] [Nao_controller.py:1482]: RKneePitch is in End
[2024/11/12 14:31:53] [INFO] [Nao_controller.py:1521]: RAnklePitch is in End
[2024/11/12 14:31:53] [INFO] [Nao_controller.py:1003]: LHipPitch is in End
[2024/11/12 14:31:53] [INFO] [Nao_controller.py:1081]: LKneePitch is in End
[2024/11/12 14:31:53] [INFO] [Nao_controller.py:1120]: LAnklePitch is in End
[2024/11/12 14:31:53] [INFO] [Nao_controller.py:1404]: RHipPitch is in End
[2024/11/12 14:31:53] [INFO] [Nao_controller.py:1482]: RKneePitch is in End
[2024/11/12 14:31:53] [INFO] [Nao_controller.py:1521]: RAnklePitch is in End
[2024/11/12 14:31:53] [INFO] [Nao_controller.py:1003]: LHipPitch is in End
[2024/11/12 14:31:53] [INFO] [Nao_controller.py:1081]: LKneePitch is in End
[2024/11/12 14:31:53] [INFO] [Nao_controller.py:1120]: LAnklePitch is in End
[2024/11/12 14:31:53] [INFO] [Nao_controller.py:1404]: RHipPitch is in End
[2024/11/12 14:31:53] [INFO] [Nao_controller.py:1482]: RKneePitch is in End
[2024/11/12 14:31:53] [INFO] [Nao_controller.py:1521]: RAnklePitch is in End
[2024/11/12 14:31:53] [INFO] [Nao_controller.py:1003]: LHipPitch is in End
[2024/11/12 14:31:53] [INFO] [Nao_controller.py:1081]: LKneePitch is in End
[2024/11/12 14:31:53] [INFO] [Nao_controller.py:1120]: LAnklePitch is in End
[2024/11/12 14:31:53] [INFO] [Nao_controller.py:1404]: RHipPitch is in End
[2024/11/12 14:31:53] [INFO] [Nao_controller.py:1482]: RKneePitch is in End
[2024/11/12 14:31:53] [INFO] [Nao_controller.py:1521]: RAnklePitch is in End
[2024/11/12 14:31:53] [INFO] [Nao_controller.py:1003]: LHipPitch is in End
[2024/11/12 14:31:53] [INFO] [Nao_controller.py:1081]: LKneePitch is in End
[2024/11/12 14:31:53] [INFO] [Nao_controller.py:1120]: LAnklePitch is in End
[2024/11/12 14:31:53] [INFO] [Nao_controller.py:1404]: RHipPitch is in End
[2024/11/12 14:31:53] [INFO] [Nao_controller.py:1482]: RKneePitch is in End
[2024/11/12 14:31:53] [INFO] [Nao_controller.py:1521]: RAnklePitch is in End
[2024/11/12 14:31:53] [INFO] [Nao_controller.py:1003]: LHipPitch is in End
[2024/11/12 14:31:53] [INFO] [Nao_controller.py:1081]: LKneePitch is in End
[2024/11/12 14:31:53] [INFO] [Nao_controller.py:1120]: LAnklePitch is in End
[2024/11/12 14:31:53] [INFO] [Nao_controller.py:1404]: RHipPitch is in End
[2024/11/12 14:31:53] [INFO] [Nao_controller.py:1482]: RKneePitch is in End
[2024/11/12 14:31:53] [INFO] [Nao_controller.py:1521]: RAnklePitch is in End
[2024/11/12 14:31:53] [INFO] [Nao_controller.py:1003]: LHipPitch is in End
[2024/11/12 14:31:53] [INFO] [Nao_controller.py:1081]: LKneePitch is in End
[2024/11/12 14:31:53] [INFO] [Nao_controller.py:1120]: LAnklePitch is in End
[2024/11/12 14:31:53] [INFO] [Nao_controller.py:1404]: RHipPitch is in End
[2024/11/12 14:31:53] [INFO] [Nao_controller.py:1482]: RKneePitch is in End
[2024/11/12 14:31:53] [INFO] [Nao_controller.py:1521]: RAnklePitch is in End
[2024/11/12 14:31:53] [INFO] [Nao_controller.py:1003]: LHipPitch is in End
[2024/11/12 14:31:53] [INFO] [Nao_controller.py:1081]: LKneePitch is in End
[2024/11/12 14:31:53] [INFO] [Nao_controller.py:1120]: LAnklePitch is in End
[2024/11/12 14:31:53] [INFO] [Nao_controller.py:1404]: RHipPitch is in End
[2024/11/12 14:31:53] [INFO] [Nao_controller.py:1482]: RKneePitch is in End
[2024/11/12 14:31:53] [INFO] [Nao_controller.py:1521]: RAnklePitch is in End
[2024/11/12 14:31:53] [INFO] [Nao_controller.py:1003]: LHipPitch is in End
[2024/11/12 14:31:53] [INFO] [Nao_controller.py:1081]: LKneePitch is in End
[2024/11/12 14:31:53] [INFO] [Nao_controller.py:1120]: LAnklePitch is in End
[2024/11/12 14:31:53] [INFO] [Nao_controller.py:1404]: RHipPitch is in End
[2024/11/12 14:31:53] [INFO] [Nao_controller.py:1482]: RKneePitch is in End
[2024/11/12 14:31:53] [INFO] [Nao_controller.py:1521]: RAnklePitch is in End
[2024/11/12 14:31:53] [INFO] [Nao_controller.py:1003]: LHipPitch is in End
[2024/11/12 14:31:53] [INFO] [Nao_controller.py:1081]: LKneePitch is in End
[2024/11/12 14:31:53] [INFO] [Nao_controller.py:1120]: LAnklePitch is in End
[2024/11/12 14:31:53] [INFO] [Nao_controller.py:1404]: RHipPitch is in End
[2024/11/12 14:31:53] [INFO] [Nao_controller.py:1482]: RKneePitch is in End
[2024/11/12 14:31:53] [INFO] [Nao_controller.py:1521]: RAnklePitch is in End
[2024/11/12 14:31:54] [INFO] [Nao_controller.py:1003]: LHipPitch is in End
[2024/11/12 14:31:54] [INFO] [Nao_controller.py:1081]: LKneePitch is in End
[2024/11/12 14:31:54] [INFO] [Nao_controller.py:1120]: LAnklePitch is in End
[2024/11/12 14:31:54] [INFO] [Nao_controller.py:1404]: RHipPitch is in End
[2024/11/12 14:31:54] [INFO] [Nao_controller.py:1482]: RKneePitch is in End
[2024/11/12 14:31:54] [INFO] [Nao_controller.py:1521]: RAnklePitch is in End
[2024/11/12 14:31:54] [INFO] [Nao_controller.py:1003]: LHipPitch is in End
[2024/11/12 14:31:54] [INFO] [Nao_controller.py:1081]: LKneePitch is in End
[2024/11/12 14:31:54] [INFO] [Nao_controller.py:1120]: LAnklePitch is in End
[2024/11/12 14:31:54] [INFO] [Nao_controller.py:1404]: RHipPitch is in End
[2024/11/12 14:31:54] [INFO] [Nao_controller.py:1482]: RKneePitch is in End
[2024/11/12 14:31:54] [INFO] [Nao_controller.py:1521]: RAnklePitch is in End
[2024/11/12 14:31:54] [INFO] [Nao_controller.py:1003]: LHipPitch is in End
[2024/11/12 14:31:54] [INFO] [Nao_controller.py:1081]: LKneePitch is in End
[2024/11/12 14:31:54] [INFO] [Nao_controller.py:1120]: LAnklePitch is in End
[2024/11/12 14:31:54] [INFO] [Nao_controller.py:1404]: RHipPitch is in End
[2024/11/12 14:31:54] [INFO] [Nao_controller.py:1482]: RKneePitch is in End
[2024/11/12 14:31:54] [INFO] [Nao_controller.py:1521]: RAnklePitch is in End
[2024/11/12 14:31:54] [INFO] [Nao_controller.py:1003]: LHipPitch is in End
[2024/11/12 14:31:54] [INFO] [Nao_controller.py:1081]: LKneePitch is in End
[2024/11/12 14:31:54] [INFO] [Nao_controller.py:1120]: LAnklePitch is in End
[2024/11/12 14:31:54] [INFO] [Nao_controller.py:1404]: RHipPitch is in End
[2024/11/12 14:31:54] [INFO] [Nao_controller.py:1482]: RKneePitch is in End
[2024/11/12 14:31:54] [INFO] [Nao_controller.py:1521]: RAnklePitch is in End
[2024/11/12 14:31:54] [INFO] [Nao_controller.py:1003]: LHipPitch is in End
[2024/11/12 14:31:54] [INFO] [Nao_controller.py:1081]: LKneePitch is in End
[2024/11/12 14:31:54] [INFO] [Nao_controller.py:1120]: LAnklePitch is in End
[2024/11/12 14:31:54] [INFO] [Nao_controller.py:1404]: RHipPitch is in End
[2024/11/12 14:31:54] [INFO] [Nao_controller.py:1482]: RKneePitch is in End
[2024/11/12 14:31:54] [INFO] [Nao_controller.py:1521]: RAnklePitch is in End
[2024/11/12 14:31:54] [INFO] [Nao_controller.py:1003]: LHipPitch is in End
[2024/11/12 14:31:54] [INFO] [Nao_controller.py:1081]: LKneePitch is in End
[2024/11/12 14:31:54] [INFO] [Nao_controller.py:1120]: LAnklePitch is in End
[2024/11/12 14:31:54] [INFO] [Nao_controller.py:1404]: RHipPitch is in End
[2024/11/12 14:31:54] [INFO] [Nao_controller.py:1482]: RKneePitch is in End
[2024/11/12 14:31:54] [INFO] [Nao_controller.py:1521]: RAnklePitch is in End
[2024/11/12 14:31:54] [INFO] [Nao_controller.py:1003]: LHipPitch is in End
[2024/11/12 14:31:54] [INFO] [Nao_controller.py:1081]: LKneePitch is in End
[2024/11/12 14:31:54] [INFO] [Nao_controller.py:1120]: LAnklePitch is in End
[2024/11/12 14:31:54] [INFO] [Nao_controller.py:1404]: RHipPitch is in End
[2024/11/12 14:31:54] [INFO] [Nao_controller.py:1482]: RKneePitch is in End
[2024/11/12 14:31:54] [INFO] [Nao_controller.py:1521]: RAnklePitch is in End
[2024/11/12 14:31:54] [INFO] [Nao_controller.py:1003]: LHipPitch is in End
[2024/11/12 14:31:54] [INFO] [Nao_controller.py:1081]: LKneePitch is in End
[2024/11/12 14:31:54] [INFO] [Nao_controller.py:1120]: LAnklePitch is in End
[2024/11/12 14:31:54] [INFO] [Nao_controller.py:1404]: RHipPitch is in End
[2024/11/12 14:31:54] [INFO] [Nao_controller.py:1482]: RKneePitch is in End
[2024/11/12 14:31:54] [INFO] [Nao_controller.py:1521]: RAnklePitch is in End
[2024/11/12 14:31:54] [INFO] [Nao_controller.py:1003]: LHipPitch is in End
[2024/11/12 14:31:54] [INFO] [Nao_controller.py:1081]: LKneePitch is in End
[2024/11/12 14:31:54] [INFO] [Nao_controller.py:1120]: LAnklePitch is in End
[2024/11/12 14:31:54] [INFO] [Nao_controller.py:1404]: RHipPitch is in End
[2024/11/12 14:31:54] [INFO] [Nao_controller.py:1482]: RKneePitch is in End
[2024/11/12 14:31:54] [INFO] [Nao_controller.py:1521]: RAnklePitch is in End
[2024/11/12 14:31:54] [INFO] [Nao_controller.py:1003]: LHipPitch is in End
[2024/11/12 14:31:54] [INFO] [Nao_controller.py:1081]: LKneePitch is in End
[2024/11/12 14:31:54] [INFO] [Nao_controller.py:1120]: LAnklePitch is in End
[2024/11/12 14:31:54] [INFO] [Nao_controller.py:1404]: RHipPitch is in End
[2024/11/12 14:31:54] [INFO] [Nao_controller.py:1482]: RKneePitch is in End
[2024/11/12 14:31:54] [INFO] [Nao_controller.py:1521]: RAnklePitch is in End
[2024/11/12 14:31:54] [INFO] [Nao_controller.py:1003]: LHipPitch is in End
[2024/11/12 14:31:54] [INFO] [Nao_controller.py:1081]: LKneePitch is in End
[2024/11/12 14:31:54] [INFO] [Nao_controller.py:1120]: LAnklePitch is in End
[2024/11/12 14:31:54] [INFO] [Nao_controller.py:1404]: RHipPitch is in End
[2024/11/12 14:31:54] [INFO] [Nao_controller.py:1482]: RKneePitch is in End
[2024/11/12 14:31:54] [INFO] [Nao_controller.py:1521]: RAnklePitch is in End
[2024/11/12 14:31:54] [INFO] [Nao_controller.py:1003]: LHipPitch is in End
[2024/11/12 14:31:54] [INFO] [Nao_controller.py:1081]: LKneePitch is in End
[2024/11/12 14:31:54] [INFO] [Nao_controller.py:1120]: LAnklePitch is in End
[2024/11/12 14:31:54] [INFO] [Nao_controller.py:1404]: RHipPitch is in End
[2024/11/12 14:31:54] [INFO] [Nao_controller.py:1482]: RKneePitch is in End
[2024/11/12 14:31:54] [INFO] [Nao_controller.py:1521]: RAnklePitch is in End
[2024/11/12 14:31:54] [INFO] [Nao_controller.py:1003]: LHipPitch is in End
[2024/11/12 14:31:54] [INFO] [Nao_controller.py:1081]: LKneePitch is in End
[2024/11/12 14:31:54] [INFO] [Nao_controller.py:1120]: LAnklePitch is in End
[2024/11/12 14:31:54] [INFO] [Nao_controller.py:1404]: RHipPitch is in End
[2024/11/12 14:31:54] [INFO] [Nao_controller.py:1482]: RKneePitch is in End
[2024/11/12 14:31:54] [INFO] [Nao_controller.py:1521]: RAnklePitch is in End
[2024/11/12 14:31:54] [INFO] [Nao_controller.py:1003]: LHipPitch is in End
[2024/11/12 14:31:54] [INFO] [Nao_controller.py:1081]: LKneePitch is in End
[2024/11/12 14:31:54] [INFO] [Nao_controller.py:1120]: LAnklePitch is in End
[2024/11/12 14:31:54] [INFO] [Nao_controller.py:1404]: RHipPitch is in End
[2024/11/12 14:31:54] [INFO] [Nao_controller.py:1482]: RKneePitch is in End
[2024/11/12 14:31:54] [INFO] [Nao_controller.py:1521]: RAnklePitch is in End
[2024/11/12 14:31:54] [INFO] [Nao_controller.py:1003]: LHipPitch is in End
[2024/11/12 14:31:54] [INFO] [Nao_controller.py:1081]: LKneePitch is in End
[2024/11/12 14:31:54] [INFO] [Nao_controller.py:1120]: LAnklePitch is in End
[2024/11/12 14:31:54] [INFO] [Nao_controller.py:1404]: RHipPitch is in End
[2024/11/12 14:31:54] [INFO] [Nao_controller.py:1482]: RKneePitch is in End
[2024/11/12 14:31:54] [INFO] [Nao_controller.py:1521]: RAnklePitch is in End
[2024/11/12 14:31:54] [INFO] [Nao_controller.py:1003]: LHipPitch is in End
[2024/11/12 14:31:54] [INFO] [Nao_controller.py:1081]: LKneePitch is in End
[2024/11/12 14:31:54] [INFO] [Nao_controller.py:1120]: LAnklePitch is in End
[2024/11/12 14:31:54] [INFO] [Nao_controller.py:1404]: RHipPitch is in End
[2024/11/12 14:31:54] [INFO] [Nao_controller.py:1482]: RKneePitch is in End
[2024/11/12 14:31:54] [INFO] [Nao_controller.py:1521]: RAnklePitch is in End
[2024/11/12 14:31:54] [INFO] [Nao_controller.py:1003]: LHipPitch is in End
[2024/11/12 14:31:54] [INFO] [Nao_controller.py:1081]: LKneePitch is in End
[2024/11/12 14:31:54] [INFO] [Nao_controller.py:1120]: LAnklePitch is in End
[2024/11/12 14:31:54] [INFO] [Nao_controller.py:1404]: RHipPitch is in End
[2024/11/12 14:31:54] [INFO] [Nao_controller.py:1482]: RKneePitch is in End
[2024/11/12 14:31:54] [INFO] [Nao_controller.py:1521]: RAnklePitch is in End
[2024/11/12 14:31:54] [INFO] [Nao_controller.py:1003]: LHipPitch is in End
[2024/11/12 14:31:54] [INFO] [Nao_controller.py:1081]: LKneePitch is in End
[2024/11/12 14:31:54] [INFO] [Nao_controller.py:1120]: LAnklePitch is in End
[2024/11/12 14:31:54] [INFO] [Nao_controller.py:1404]: RHipPitch is in End
[2024/11/12 14:31:54] [INFO] [Nao_controller.py:1482]: RKneePitch is in End
[2024/11/12 14:31:54] [INFO] [Nao_controller.py:1521]: RAnklePitch is in End
[2024/11/12 14:31:54] [INFO] [Nao_controller.py:1003]: LHipPitch is in End
[2024/11/12 14:31:54] [INFO] [Nao_controller.py:1081]: LKneePitch is in End
[2024/11/12 14:31:54] [INFO] [Nao_controller.py:1120]: LAnklePitch is in End
[2024/11/12 14:31:54] [INFO] [Nao_controller.py:1404]: RHipPitch is in End
[2024/11/12 14:31:54] [INFO] [Nao_controller.py:1482]: RKneePitch is in End
[2024/11/12 14:31:54] [INFO] [Nao_controller.py:1521]: RAnklePitch is in End
[2024/11/12 14:31:54] [INFO] [Nao_controller.py:1003]: LHipPitch is in End
[2024/11/12 14:31:54] [INFO] [Nao_controller.py:1081]: LKneePitch is in End
[2024/11/12 14:31:54] [INFO] [Nao_controller.py:1120]: LAnklePitch is in End
[2024/11/12 14:31:54] [INFO] [Nao_controller.py:1404]: RHipPitch is in End
[2024/11/12 14:31:54] [INFO] [Nao_controller.py:1482]: RKneePitch is in End
[2024/11/12 14:31:54] [INFO] [Nao_controller.py:1521]: RAnklePitch is in End
[2024/11/12 14:31:54] [INFO] [Nao_controller.py:1003]: LHipPitch is in End
[2024/11/12 14:31:54] [INFO] [Nao_controller.py:1081]: LKneePitch is in End
[2024/11/12 14:31:54] [INFO] [Nao_controller.py:1120]: LAnklePitch is in End
[2024/11/12 14:31:54] [INFO] [Nao_controller.py:1404]: RHipPitch is in End
[2024/11/12 14:31:54] [INFO] [Nao_controller.py:1482]: RKneePitch is in End
[2024/11/12 14:31:54] [INFO] [Nao_controller.py:1521]: RAnklePitch is in End
[2024/11/12 14:31:54] [INFO] [Nao_controller.py:1003]: LHipPitch is in End
[2024/11/12 14:31:54] [INFO] [Nao_controller.py:1081]: LKneePitch is in End
[2024/11/12 14:31:54] [INFO] [Nao_controller.py:1120]: LAnklePitch is in End
[2024/11/12 14:31:54] [INFO] [Nao_controller.py:1404]: RHipPitch is in End
[2024/11/12 14:31:54] [INFO] [Nao_controller.py:1482]: RKneePitch is in End
[2024/11/12 14:31:54] [INFO] [Nao_controller.py:1521]: RAnklePitch is in End
[2024/11/12 14:32:08] [INFO] [Nao_controller.py:1614]: Init NAO_MOTION!
[2024/11/12 14:32:15] [INFO] [Nao_controller.py:1614]: Init NAO_MOTION!
[2024/11/12 14:32:15] [INFO] [Nao_controller.py:977]: LHipPitch is in Initial
[2024/11/12 14:32:15] [INFO] [Nao_controller.py:1055]: LKneePitch is in Initial
[2024/11/12 14:32:15] [INFO] [Nao_controller.py:1094]: LAnklePitch is in Initial
[2024/11/12 14:32:15] [INFO] [Nao_controller.py:1377]: RHipPitch is in Initial
[2024/11/12 14:32:15] [INFO] [Nao_controller.py:1456]: RKneePitch is in Initial
[2024/11/12 14:32:15] [INFO] [Nao_controller.py:1495]: RAnklePitch is in Initial
[2024/11/12 14:32:15] [INFO] [Nao_controller.py:982]: LHipPitch is in Prepare
[2024/11/12 14:32:15] [INFO] [Nao_controller.py:1060]: LKneePitch is in Prepare
[2024/11/12 14:32:15] [INFO] [Nao_controller.py:1099]: LAnklePitch is in Prepare
[2024/11/12 14:32:15] [INFO] [Nao_controller.py:1383]: RHipPitch is in Prepare
[2024/11/12 14:32:15] [INFO] [Nao_controller.py:1461]: RKneePitch is in Prepare
[2024/11/12 14:32:15] [INFO] [Nao_controller.py:1500]: RAnklePitch is in Prepare
[2024/11/12 14:32:15] [INFO] [Nao_controller.py:988]: LHipPitch is in Moving
[2024/11/12 14:32:15] [INFO] [Nao_controller.py:1066]: LKneePitch is in Moving
[2024/11/12 14:32:15] [INFO] [Nao_controller.py:1105]: LAnklePitch is in Moving
[2024/11/12 14:32:15] [INFO] [Nao_controller.py:1389]: RHipPitch is in Moving
[2024/11/12 14:32:15] [INFO] [Nao_controller.py:1467]: RKneePitch is in Moving
[2024/11/12 14:32:15] [INFO] [Nao_controller.py:1506]: RAnklePitch is in Moving
[2024/11/12 14:32:15] [INFO] [Nao_controller.py:997]: LHipPitch is in Finish
[2024/11/12 14:32:15] [INFO] [Nao_controller.py:1075]: LKneePitch is in Finish
[2024/11/12 14:32:15] [INFO] [Nao_controller.py:1114]: LAnklePitch is in Finish
[2024/11/12 14:32:15] [INFO] [Nao_controller.py:1398]: RHipPitch is in Finish
[2024/11/12 14:32:15] [INFO] [Nao_controller.py:1476]: RKneePitch is in Finish
[2024/11/12 14:32:15] [INFO] [Nao_controller.py:1515]: RAnklePitch is in Finish
[2024/11/12 14:32:15] [INFO] [Nao_controller.py:1003]: LHipPitch is in End
[2024/11/12 14:32:15] [INFO] [Nao_controller.py:1081]: LKneePitch is in End
[2024/11/12 14:32:15] [INFO] [Nao_controller.py:1120]: LAnklePitch is in End
[2024/11/12 14:32:15] [INFO] [Nao_controller.py:1404]: RHipPitch is in End
[2024/11/12 14:32:15] [INFO] [Nao_controller.py:1482]: RKneePitch is in End
[2024/11/12 14:32:15] [INFO] [Nao_controller.py:1521]: RAnklePitch is in End
[2024/11/12 14:32:15] [INFO] [Nao_controller.py:1003]: LHipPitch is in End
[2024/11/12 14:32:15] [INFO] [Nao_controller.py:1081]: LKneePitch is in End
[2024/11/12 14:32:15] [INFO] [Nao_controller.py:1120]: LAnklePitch is in End
[2024/11/12 14:32:15] [INFO] [Nao_controller.py:1404]: RHipPitch is in End
[2024/11/12 14:32:15] [INFO] [Nao_controller.py:1482]: RKneePitch is in End
[2024/11/12 14:32:15] [INFO] [Nao_controller.py:1521]: RAnklePitch is in End
[2024/11/12 14:32:15] [INFO] [Nao_controller.py:1003]: LHipPitch is in End
[2024/11/12 14:32:15] [INFO] [Nao_controller.py:1081]: LKneePitch is in End
[2024/11/12 14:32:15] [INFO] [Nao_controller.py:1120]: LAnklePitch is in End
[2024/11/12 14:32:15] [INFO] [Nao_controller.py:1404]: RHipPitch is in End
[2024/11/12 14:32:15] [INFO] [Nao_controller.py:1482]: RKneePitch is in End
[2024/11/12 14:32:15] [INFO] [Nao_controller.py:1521]: RAnklePitch is in End
[2024/11/12 14:32:15] [INFO] [Nao_controller.py:1003]: LHipPitch is in End
[2024/11/12 14:32:15] [INFO] [Nao_controller.py:1081]: LKneePitch is in End
[2024/11/12 14:32:15] [INFO] [Nao_controller.py:1120]: LAnklePitch is in End
[2024/11/12 14:32:15] [INFO] [Nao_controller.py:1404]: RHipPitch is in End
[2024/11/12 14:32:15] [INFO] [Nao_controller.py:1482]: RKneePitch is in End
[2024/11/12 14:32:15] [INFO] [Nao_controller.py:1521]: RAnklePitch is in End
[2024/11/12 14:32:15] [INFO] [Nao_controller.py:1003]: LHipPitch is in End
[2024/11/12 14:32:15] [INFO] [Nao_controller.py:1081]: LKneePitch is in End
[2024/11/12 14:32:15] [INFO] [Nao_controller.py:1120]: LAnklePitch is in End
[2024/11/12 14:32:15] [INFO] [Nao_controller.py:1404]: RHipPitch is in End
[2024/11/12 14:32:15] [INFO] [Nao_controller.py:1482]: RKneePitch is in End
[2024/11/12 14:32:15] [INFO] [Nao_controller.py:1521]: RAnklePitch is in End
[2024/11/12 14:32:15] [INFO] [Nao_controller.py:1003]: LHipPitch is in End
[2024/11/12 14:32:15] [INFO] [Nao_controller.py:1081]: LKneePitch is in End
[2024/11/12 14:32:15] [INFO] [Nao_controller.py:1120]: LAnklePitch is in End
[2024/11/12 14:32:15] [INFO] [Nao_controller.py:1404]: RHipPitch is in End
[2024/11/12 14:32:15] [INFO] [Nao_controller.py:1482]: RKneePitch is in End
[2024/11/12 14:32:15] [INFO] [Nao_controller.py:1521]: RAnklePitch is in End
[2024/11/12 14:32:15] [INFO] [Nao_controller.py:1003]: LHipPitch is in End
[2024/11/12 14:32:15] [INFO] [Nao_controller.py:1081]: LKneePitch is in End
[2024/11/12 14:32:15] [INFO] [Nao_controller.py:1120]: LAnklePitch is in End
[2024/11/12 14:32:15] [INFO] [Nao_controller.py:1404]: RHipPitch is in End
[2024/11/12 14:32:15] [INFO] [Nao_controller.py:1482]: RKneePitch is in End
[2024/11/12 14:32:15] [INFO] [Nao_controller.py:1521]: RAnklePitch is in End
[2024/11/12 14:32:15] [INFO] [Nao_controller.py:1003]: LHipPitch is in End
[2024/11/12 14:32:15] [INFO] [Nao_controller.py:1081]: LKneePitch is in End
[2024/11/12 14:32:15] [INFO] [Nao_controller.py:1120]: LAnklePitch is in End
[2024/11/12 14:32:15] [INFO] [Nao_controller.py:1404]: RHipPitch is in End
[2024/11/12 14:32:15] [INFO] [Nao_controller.py:1482]: RKneePitch is in End
[2024/11/12 14:32:15] [INFO] [Nao_controller.py:1521]: RAnklePitch is in End
[2024/11/12 14:32:15] [INFO] [Nao_controller.py:1003]: LHipPitch is in End
[2024/11/12 14:32:15] [INFO] [Nao_controller.py:1081]: LKneePitch is in End
[2024/11/12 14:32:15] [INFO] [Nao_controller.py:1120]: LAnklePitch is in End
[2024/11/12 14:32:15] [INFO] [Nao_controller.py:1404]: RHipPitch is in End
[2024/11/12 14:32:15] [INFO] [Nao_controller.py:1482]: RKneePitch is in End
[2024/11/12 14:32:15] [INFO] [Nao_controller.py:1521]: RAnklePitch is in End
[2024/11/12 14:32:16] [INFO] [Nao_controller.py:1003]: LHipPitch is in End
[2024/11/12 14:32:16] [INFO] [Nao_controller.py:1081]: LKneePitch is in End
[2024/11/12 14:32:16] [INFO] [Nao_controller.py:1120]: LAnklePitch is in End
[2024/11/12 14:32:16] [INFO] [Nao_controller.py:1404]: RHipPitch is in End
[2024/11/12 14:32:16] [INFO] [Nao_controller.py:1482]: RKneePitch is in End
[2024/11/12 14:32:16] [INFO] [Nao_controller.py:1521]: RAnklePitch is in End
[2024/11/12 14:32:16] [INFO] [Nao_controller.py:1003]: LHipPitch is in End
[2024/11/12 14:32:16] [INFO] [Nao_controller.py:1081]: LKneePitch is in End
[2024/11/12 14:32:16] [INFO] [Nao_controller.py:1120]: LAnklePitch is in End
[2024/11/12 14:32:16] [INFO] [Nao_controller.py:1404]: RHipPitch is in End
[2024/11/12 14:32:16] [INFO] [Nao_controller.py:1482]: RKneePitch is in End
[2024/11/12 14:32:16] [INFO] [Nao_controller.py:1521]: RAnklePitch is in End
[2024/11/12 14:32:16] [INFO] [Nao_controller.py:1003]: LHipPitch is in End
[2024/11/12 14:32:16] [INFO] [Nao_controller.py:1081]: LKneePitch is in End
[2024/11/12 14:32:16] [INFO] [Nao_controller.py:1120]: LAnklePitch is in End
[2024/11/12 14:32:16] [INFO] [Nao_controller.py:1404]: RHipPitch is in End
[2024/11/12 14:32:16] [INFO] [Nao_controller.py:1482]: RKneePitch is in End
[2024/11/12 14:32:16] [INFO] [Nao_controller.py:1521]: RAnklePitch is in End
[2024/11/12 14:32:16] [INFO] [Nao_controller.py:1003]: LHipPitch is in End
[2024/11/12 14:32:16] [INFO] [Nao_controller.py:1081]: LKneePitch is in End
[2024/11/12 14:32:16] [INFO] [Nao_controller.py:1120]: LAnklePitch is in End
[2024/11/12 14:32:16] [INFO] [Nao_controller.py:1404]: RHipPitch is in End
[2024/11/12 14:32:16] [INFO] [Nao_controller.py:1482]: RKneePitch is in End
[2024/11/12 14:32:16] [INFO] [Nao_controller.py:1521]: RAnklePitch is in End
[2024/11/12 14:32:16] [INFO] [Nao_controller.py:1003]: LHipPitch is in End
[2024/11/12 14:32:16] [INFO] [Nao_controller.py:1081]: LKneePitch is in End
[2024/11/12 14:32:16] [INFO] [Nao_controller.py:1120]: LAnklePitch is in End
[2024/11/12 14:32:16] [INFO] [Nao_controller.py:1404]: RHipPitch is in End
[2024/11/12 14:32:16] [INFO] [Nao_controller.py:1482]: RKneePitch is in End
[2024/11/12 14:32:16] [INFO] [Nao_controller.py:1521]: RAnklePitch is in End
[2024/11/12 14:32:16] [INFO] [Nao_controller.py:1003]: LHipPitch is in End
[2024/11/12 14:32:16] [INFO] [Nao_controller.py:1081]: LKneePitch is in End
[2024/11/12 14:32:16] [INFO] [Nao_controller.py:1120]: LAnklePitch is in End
[2024/11/12 14:32:16] [INFO] [Nao_controller.py:1404]: RHipPitch is in End
[2024/11/12 14:32:16] [INFO] [Nao_controller.py:1482]: RKneePitch is in End
[2024/11/12 14:32:16] [INFO] [Nao_controller.py:1521]: RAnklePitch is in End
[2024/11/12 14:32:16] [INFO] [Nao_controller.py:1003]: LHipPitch is in End
[2024/11/12 14:32:16] [INFO] [Nao_controller.py:1081]: LKneePitch is in End
[2024/11/12 14:32:16] [INFO] [Nao_controller.py:1120]: LAnklePitch is in End
[2024/11/12 14:32:16] [INFO] [Nao_controller.py:1404]: RHipPitch is in End
[2024/11/12 14:32:16] [INFO] [Nao_controller.py:1482]: RKneePitch is in End
[2024/11/12 14:32:16] [INFO] [Nao_controller.py:1521]: RAnklePitch is in End
[2024/11/12 14:32:16] [INFO] [Nao_controller.py:1003]: LHipPitch is in End
[2024/11/12 14:32:16] [INFO] [Nao_controller.py:1081]: LKneePitch is in End
[2024/11/12 14:32:16] [INFO] [Nao_controller.py:1120]: LAnklePitch is in End
[2024/11/12 14:32:16] [INFO] [Nao_controller.py:1404]: RHipPitch is in End
[2024/11/12 14:32:16] [INFO] [Nao_controller.py:1482]: RKneePitch is in End
[2024/11/12 14:32:16] [INFO] [Nao_controller.py:1521]: RAnklePitch is in End
[2024/11/12 14:32:16] [INFO] [Nao_controller.py:1003]: LHipPitch is in End
[2024/11/12 14:32:16] [INFO] [Nao_controller.py:1081]: LKneePitch is in End
[2024/11/12 14:32:16] [INFO] [Nao_controller.py:1120]: LAnklePitch is in End
[2024/11/12 14:32:16] [INFO] [Nao_controller.py:1404]: RHipPitch is in End
[2024/11/12 14:32:16] [INFO] [Nao_controller.py:1482]: RKneePitch is in End
[2024/11/12 14:32:16] [INFO] [Nao_controller.py:1521]: RAnklePitch is in End
[2024/11/12 14:32:16] [INFO] [Nao_controller.py:1003]: LHipPitch is in End
[2024/11/12 14:32:16] [INFO] [Nao_controller.py:1081]: LKneePitch is in End
[2024/11/12 14:32:16] [INFO] [Nao_controller.py:1120]: LAnklePitch is in End
[2024/11/12 14:32:16] [INFO] [Nao_controller.py:1404]: RHipPitch is in End
[2024/11/12 14:32:16] [INFO] [Nao_controller.py:1482]: RKneePitch is in End
[2024/11/12 14:32:16] [INFO] [Nao_controller.py:1521]: RAnklePitch is in End
[2024/11/12 14:32:16] [INFO] [Nao_controller.py:1003]: LHipPitch is in End
[2024/11/12 14:32:16] [INFO] [Nao_controller.py:1081]: LKneePitch is in End
[2024/11/12 14:32:16] [INFO] [Nao_controller.py:1120]: LAnklePitch is in End
[2024/11/12 14:32:16] [INFO] [Nao_controller.py:1404]: RHipPitch is in End
[2024/11/12 14:32:16] [INFO] [Nao_controller.py:1482]: RKneePitch is in End
[2024/11/12 14:32:16] [INFO] [Nao_controller.py:1521]: RAnklePitch is in End
[2024/11/12 14:32:16] [INFO] [Nao_controller.py:1003]: LHipPitch is in End
[2024/11/12 14:32:16] [INFO] [Nao_controller.py:1081]: LKneePitch is in End
[2024/11/12 14:32:16] [INFO] [Nao_controller.py:1120]: LAnklePitch is in End
[2024/11/12 14:32:16] [INFO] [Nao_controller.py:1404]: RHipPitch is in End
[2024/11/12 14:32:16] [INFO] [Nao_controller.py:1482]: RKneePitch is in End
[2024/11/12 14:32:16] [INFO] [Nao_controller.py:1521]: RAnklePitch is in End
[2024/11/12 14:32:16] [INFO] [Nao_controller.py:1003]: LHipPitch is in End
[2024/11/12 14:32:16] [INFO] [Nao_controller.py:1081]: LKneePitch is in End
[2024/11/12 14:32:16] [INFO] [Nao_controller.py:1120]: LAnklePitch is in End
[2024/11/12 14:32:16] [INFO] [Nao_controller.py:1404]: RHipPitch is in End
[2024/11/12 14:32:16] [INFO] [Nao_controller.py:1482]: RKneePitch is in End
[2024/11/12 14:32:16] [INFO] [Nao_controller.py:1521]: RAnklePitch is in End
[2024/11/12 14:32:16] [INFO] [Nao_controller.py:1003]: LHipPitch is in End
[2024/11/12 14:32:16] [INFO] [Nao_controller.py:1081]: LKneePitch is in End
[2024/11/12 14:32:16] [INFO] [Nao_controller.py:1120]: LAnklePitch is in End
[2024/11/12 14:32:16] [INFO] [Nao_controller.py:1404]: RHipPitch is in End
[2024/11/12 14:32:16] [INFO] [Nao_controller.py:1482]: RKneePitch is in End
[2024/11/12 14:32:16] [INFO] [Nao_controller.py:1521]: RAnklePitch is in End
[2024/11/12 14:32:16] [INFO] [Nao_controller.py:1003]: LHipPitch is in End
[2024/11/12 14:32:16] [INFO] [Nao_controller.py:1081]: LKneePitch is in End
[2024/11/12 14:32:16] [INFO] [Nao_controller.py:1120]: LAnklePitch is in End
[2024/11/12 14:32:16] [INFO] [Nao_controller.py:1404]: RHipPitch is in End
[2024/11/12 14:32:16] [INFO] [Nao_controller.py:1482]: RKneePitch is in End
[2024/11/12 14:32:16] [INFO] [Nao_controller.py:1521]: RAnklePitch is in End
[2024/11/12 14:32:16] [INFO] [Nao_controller.py:1003]: LHipPitch is in End
[2024/11/12 14:32:16] [INFO] [Nao_controller.py:1081]: LKneePitch is in End
[2024/11/12 14:32:16] [INFO] [Nao_controller.py:1120]: LAnklePitch is in End
[2024/11/12 14:32:16] [INFO] [Nao_controller.py:1404]: RHipPitch is in End
[2024/11/12 14:32:16] [INFO] [Nao_controller.py:1482]: RKneePitch is in End
[2024/11/12 14:32:16] [INFO] [Nao_controller.py:1521]: RAnklePitch is in End
[2024/11/12 14:32:16] [INFO] [Nao_controller.py:1003]: LHipPitch is in End
[2024/11/12 14:32:16] [INFO] [Nao_controller.py:1081]: LKneePitch is in End
[2024/11/12 14:32:16] [INFO] [Nao_controller.py:1120]: LAnklePitch is in End
[2024/11/12 14:32:16] [INFO] [Nao_controller.py:1404]: RHipPitch is in End
[2024/11/12 14:32:16] [INFO] [Nao_controller.py:1482]: RKneePitch is in End
[2024/11/12 14:32:16] [INFO] [Nao_controller.py:1521]: RAnklePitch is in End
[2024/11/12 14:32:16] [INFO] [Nao_controller.py:1003]: LHipPitch is in End
[2024/11/12 14:32:16] [INFO] [Nao_controller.py:1081]: LKneePitch is in End
[2024/11/12 14:32:16] [INFO] [Nao_controller.py:1120]: LAnklePitch is in End
[2024/11/12 14:32:16] [INFO] [Nao_controller.py:1404]: RHipPitch is in End
[2024/11/12 14:32:16] [INFO] [Nao_controller.py:1482]: RKneePitch is in End
[2024/11/12 14:32:16] [INFO] [Nao_controller.py:1521]: RAnklePitch is in End
[2024/11/12 14:32:16] [INFO] [Nao_controller.py:1003]: LHipPitch is in End
[2024/11/12 14:32:16] [INFO] [Nao_controller.py:1081]: LKneePitch is in End
[2024/11/12 14:32:16] [INFO] [Nao_controller.py:1120]: LAnklePitch is in End
[2024/11/12 14:32:16] [INFO] [Nao_controller.py:1404]: RHipPitch is in End
[2024/11/12 14:32:16] [INFO] [Nao_controller.py:1482]: RKneePitch is in End
[2024/11/12 14:32:16] [INFO] [Nao_controller.py:1521]: RAnklePitch is in End
[2024/11/12 14:32:16] [INFO] [Nao_controller.py:1003]: LHipPitch is in End
[2024/11/12 14:32:16] [INFO] [Nao_controller.py:1081]: LKneePitch is in End
[2024/11/12 14:32:16] [INFO] [Nao_controller.py:1120]: LAnklePitch is in End
[2024/11/12 14:32:16] [INFO] [Nao_controller.py:1404]: RHipPitch is in End
[2024/11/12 14:32:16] [INFO] [Nao_controller.py:1482]: RKneePitch is in End
[2024/11/12 14:32:16] [INFO] [Nao_controller.py:1521]: RAnklePitch is in End
[2024/11/12 14:32:16] [INFO] [Nao_controller.py:1003]: LHipPitch is in End
[2024/11/12 14:32:16] [INFO] [Nao_controller.py:1081]: LKneePitch is in End
[2024/11/12 14:32:16] [INFO] [Nao_controller.py:1120]: LAnklePitch is in End
[2024/11/12 14:32:16] [INFO] [Nao_controller.py:1404]: RHipPitch is in End
[2024/11/12 14:32:16] [INFO] [Nao_controller.py:1482]: RKneePitch is in End
[2024/11/12 14:32:16] [INFO] [Nao_controller.py:1521]: RAnklePitch is in End
[2024/11/12 14:32:16] [INFO] [Nao_controller.py:1003]: LHipPitch is in End
[2024/11/12 14:32:16] [INFO] [Nao_controller.py:1081]: LKneePitch is in End
[2024/11/12 14:32:16] [INFO] [Nao_controller.py:1120]: LAnklePitch is in End
[2024/11/12 14:32:16] [INFO] [Nao_controller.py:1404]: RHipPitch is in End
[2024/11/12 14:32:16] [INFO] [Nao_controller.py:1482]: RKneePitch is in End
[2024/11/12 14:32:16] [INFO] [Nao_controller.py:1521]: RAnklePitch is in End
[2024/11/12 14:32:16] [INFO] [Nao_controller.py:1003]: LHipPitch is in End
[2024/11/12 14:32:16] [INFO] [Nao_controller.py:1081]: LKneePitch is in End
[2024/11/12 14:32:16] [INFO] [Nao_controller.py:1120]: LAnklePitch is in End
[2024/11/12 14:32:16] [INFO] [Nao_controller.py:1404]: RHipPitch is in End
[2024/11/12 14:32:16] [INFO] [Nao_controller.py:1482]: RKneePitch is in End
[2024/11/12 14:32:16] [INFO] [Nao_controller.py:1521]: RAnklePitch is in End
[2024/11/12 14:32:16] [INFO] [Nao_controller.py:1003]: LHipPitch is in End
[2024/11/12 14:32:16] [INFO] [Nao_controller.py:1081]: LKneePitch is in End
[2024/11/12 14:32:16] [INFO] [Nao_controller.py:1120]: LAnklePitch is in End
[2024/11/12 14:32:16] [INFO] [Nao_controller.py:1404]: RHipPitch is in End
[2024/11/12 14:32:16] [INFO] [Nao_controller.py:1482]: RKneePitch is in End
[2024/11/12 14:32:16] [INFO] [Nao_controller.py:1521]: RAnklePitch is in End
[2024/11/12 14:32:16] [INFO] [Nao_controller.py:1003]: LHipPitch is in End
[2024/11/12 14:32:16] [INFO] [Nao_controller.py:1081]: LKneePitch is in End
[2024/11/12 14:32:16] [INFO] [Nao_controller.py:1120]: LAnklePitch is in End
[2024/11/12 14:32:16] [INFO] [Nao_controller.py:1404]: RHipPitch is in End
[2024/11/12 14:32:16] [INFO] [Nao_controller.py:1482]: RKneePitch is in End
[2024/11/12 14:32:16] [INFO] [Nao_controller.py:1521]: RAnklePitch is in End
[2024/11/12 14:32:16] [INFO] [Nao_controller.py:1003]: LHipPitch is in End
[2024/11/12 14:32:16] [INFO] [Nao_controller.py:1081]: LKneePitch is in End
[2024/11/12 14:32:16] [INFO] [Nao_controller.py:1120]: LAnklePitch is in End
[2024/11/12 14:32:16] [INFO] [Nao_controller.py:1404]: RHipPitch is in End
[2024/11/12 14:32:16] [INFO] [Nao_controller.py:1482]: RKneePitch is in End
[2024/11/12 14:32:16] [INFO] [Nao_controller.py:1521]: RAnklePitch is in End
[2024/11/12 14:32:16] [INFO] [Nao_controller.py:1003]: LHipPitch is in End
[2024/11/12 14:32:16] [INFO] [Nao_controller.py:1081]: LKneePitch is in End
[2024/11/12 14:32:16] [INFO] [Nao_controller.py:1120]: LAnklePitch is in End
[2024/11/12 14:32:16] [INFO] [Nao_controller.py:1404]: RHipPitch is in End
[2024/11/12 14:32:16] [INFO] [Nao_controller.py:1482]: RKneePitch is in End
[2024/11/12 14:32:16] [INFO] [Nao_controller.py:1521]: RAnklePitch is in End
[2024/11/12 14:32:16] [INFO] [Nao_controller.py:1003]: LHipPitch is in End
[2024/11/12 14:32:16] [INFO] [Nao_controller.py:1081]: LKneePitch is in End
[2024/11/12 14:32:16] [INFO] [Nao_controller.py:1120]: LAnklePitch is in End
[2024/11/12 14:32:16] [INFO] [Nao_controller.py:1404]: RHipPitch is in End
[2024/11/12 14:32:16] [INFO] [Nao_controller.py:1482]: RKneePitch is in End
[2024/11/12 14:32:16] [INFO] [Nao_controller.py:1521]: RAnklePitch is in End
[2024/11/12 14:32:16] [INFO] [Nao_controller.py:1003]: LHipPitch is in End
[2024/11/12 14:32:16] [INFO] [Nao_controller.py:1081]: LKneePitch is in End
[2024/11/12 14:32:16] [INFO] [Nao_controller.py:1120]: LAnklePitch is in End
[2024/11/12 14:32:16] [INFO] [Nao_controller.py:1404]: RHipPitch is in End
[2024/11/12 14:32:16] [INFO] [Nao_controller.py:1482]: RKneePitch is in End
[2024/11/12 14:32:16] [INFO] [Nao_controller.py:1521]: RAnklePitch is in End
[2024/11/12 14:32:16] [INFO] [Nao_controller.py:1003]: LHipPitch is in End
[2024/11/12 14:32:16] [INFO] [Nao_controller.py:1081]: LKneePitch is in End
[2024/11/12 14:32:16] [INFO] [Nao_controller.py:1120]: LAnklePitch is in End
[2024/11/12 14:32:16] [INFO] [Nao_controller.py:1404]: RHipPitch is in End
[2024/11/12 14:32:16] [INFO] [Nao_controller.py:1482]: RKneePitch is in End
[2024/11/12 14:32:16] [INFO] [Nao_controller.py:1521]: RAnklePitch is in End
[2024/11/12 14:32:16] [INFO] [Nao_controller.py:1003]: LHipPitch is in End
[2024/11/12 14:32:16] [INFO] [Nao_controller.py:1081]: LKneePitch is in End
[2024/11/12 14:32:16] [INFO] [Nao_controller.py:1120]: LAnklePitch is in End
[2024/11/12 14:32:16] [INFO] [Nao_controller.py:1404]: RHipPitch is in End
[2024/11/12 14:32:16] [INFO] [Nao_controller.py:1482]: RKneePitch is in End
[2024/11/12 14:32:16] [INFO] [Nao_controller.py:1521]: RAnklePitch is in End
[2024/11/12 14:32:16] [INFO] [Nao_controller.py:1003]: LHipPitch is in End
[2024/11/12 14:32:16] [INFO] [Nao_controller.py:1081]: LKneePitch is in End
[2024/11/12 14:32:16] [INFO] [Nao_controller.py:1120]: LAnklePitch is in End
[2024/11/12 14:32:16] [INFO] [Nao_controller.py:1404]: RHipPitch is in End
[2024/11/12 14:32:16] [INFO] [Nao_controller.py:1482]: RKneePitch is in End
[2024/11/12 14:32:16] [INFO] [Nao_controller.py:1521]: RAnklePitch is in End
[2024/11/12 14:32:16] [INFO] [Nao_controller.py:1003]: LHipPitch is in End
[2024/11/12 14:32:16] [INFO] [Nao_controller.py:1081]: LKneePitch is in End
[2024/11/12 14:32:16] [INFO] [Nao_controller.py:1120]: LAnklePitch is in End
[2024/11/12 14:32:16] [INFO] [Nao_controller.py:1404]: RHipPitch is in End
[2024/11/12 14:32:16] [INFO] [Nao_controller.py:1482]: RKneePitch is in End
[2024/11/12 14:32:16] [INFO] [Nao_controller.py:1521]: RAnklePitch is in End
[2024/11/12 14:32:16] [INFO] [Nao_controller.py:1003]: LHipPitch is in End
[2024/11/12 14:32:16] [INFO] [Nao_controller.py:1081]: LKneePitch is in End
[2024/11/12 14:32:16] [INFO] [Nao_controller.py:1120]: LAnklePitch is in End
[2024/11/12 14:32:16] [INFO] [Nao_controller.py:1404]: RHipPitch is in End
[2024/11/12 14:32:16] [INFO] [Nao_controller.py:1482]: RKneePitch is in End
[2024/11/12 14:32:16] [INFO] [Nao_controller.py:1521]: RAnklePitch is in End
[2024/11/12 14:32:16] [INFO] [Nao_controller.py:1003]: LHipPitch is in End
[2024/11/12 14:32:16] [INFO] [Nao_controller.py:1081]: LKneePitch is in End
[2024/11/12 14:32:16] [INFO] [Nao_controller.py:1120]: LAnklePitch is in End
[2024/11/12 14:32:16] [INFO] [Nao_controller.py:1404]: RHipPitch is in End
[2024/11/12 14:32:16] [INFO] [Nao_controller.py:1482]: RKneePitch is in End
[2024/11/12 14:32:16] [INFO] [Nao_controller.py:1521]: RAnklePitch is in End
[2024/11/12 14:32:16] [INFO] [Nao_controller.py:1003]: LHipPitch is in End
[2024/11/12 14:32:16] [INFO] [Nao_controller.py:1081]: LKneePitch is in End
[2024/11/12 14:32:16] [INFO] [Nao_controller.py:1120]: LAnklePitch is in End
[2024/11/12 14:32:16] [INFO] [Nao_controller.py:1404]: RHipPitch is in End
[2024/11/12 14:32:16] [INFO] [Nao_controller.py:1482]: RKneePitch is in End
[2024/11/12 14:32:16] [INFO] [Nao_controller.py:1521]: RAnklePitch is in End
[2024/11/12 14:32:17] [INFO] [Nao_controller.py:1003]: LHipPitch is in End
[2024/11/12 14:32:17] [INFO] [Nao_controller.py:1081]: LKneePitch is in End
[2024/11/12 14:32:17] [INFO] [Nao_controller.py:1120]: LAnklePitch is in End
[2024/11/12 14:32:17] [INFO] [Nao_controller.py:1404]: RHipPitch is in End
[2024/11/12 14:32:17] [INFO] [Nao_controller.py:1482]: RKneePitch is in End
[2024/11/12 14:32:17] [INFO] [Nao_controller.py:1521]: RAnklePitch is in End
[2024/11/12 14:32:17] [INFO] [Nao_controller.py:1003]: LHipPitch is in End
[2024/11/12 14:32:17] [INFO] [Nao_controller.py:1081]: LKneePitch is in End
[2024/11/12 14:32:17] [INFO] [Nao_controller.py:1120]: LAnklePitch is in End
[2024/11/12 14:32:17] [INFO] [Nao_controller.py:1404]: RHipPitch is in End
[2024/11/12 14:32:17] [INFO] [Nao_controller.py:1482]: RKneePitch is in End
[2024/11/12 14:32:17] [INFO] [Nao_controller.py:1521]: RAnklePitch is in End
[2024/11/12 14:32:17] [INFO] [Nao_controller.py:1003]: LHipPitch is in End
[2024/11/12 14:32:17] [INFO] [Nao_controller.py:1081]: LKneePitch is in End
[2024/11/12 14:32:17] [INFO] [Nao_controller.py:1120]: LAnklePitch is in End
[2024/11/12 14:32:17] [INFO] [Nao_controller.py:1404]: RHipPitch is in End
[2024/11/12 14:32:17] [INFO] [Nao_controller.py:1482]: RKneePitch is in End
[2024/11/12 14:32:17] [INFO] [Nao_controller.py:1521]: RAnklePitch is in End
[2024/11/12 14:32:17] [INFO] [Nao_controller.py:1003]: LHipPitch is in End
[2024/11/12 14:32:17] [INFO] [Nao_controller.py:1081]: LKneePitch is in End
[2024/11/12 14:32:17] [INFO] [Nao_controller.py:1120]: LAnklePitch is in End
[2024/11/12 14:32:17] [INFO] [Nao_controller.py:1404]: RHipPitch is in End
[2024/11/12 14:32:17] [INFO] [Nao_controller.py:1482]: RKneePitch is in End
[2024/11/12 14:32:17] [INFO] [Nao_controller.py:1521]: RAnklePitch is in End
[2024/11/12 14:32:17] [INFO] [Nao_controller.py:1003]: LHipPitch is in End
[2024/11/12 14:32:17] [INFO] [Nao_controller.py:1081]: LKneePitch is in End
[2024/11/12 14:32:17] [INFO] [Nao_controller.py:1120]: LAnklePitch is in End
[2024/11/12 14:32:17] [INFO] [Nao_controller.py:1404]: RHipPitch is in End
[2024/11/12 14:32:17] [INFO] [Nao_controller.py:1482]: RKneePitch is in End
[2024/11/12 14:32:17] [INFO] [Nao_controller.py:1521]: RAnklePitch is in End
[2024/11/12 14:32:17] [INFO] [Nao_controller.py:1003]: LHipPitch is in End
[2024/11/12 14:32:17] [INFO] [Nao_controller.py:1081]: LKneePitch is in End
[2024/11/12 14:32:17] [INFO] [Nao_controller.py:1120]: LAnklePitch is in End
[2024/11/12 14:32:17] [INFO] [Nao_controller.py:1404]: RHipPitch is in End
[2024/11/12 14:32:17] [INFO] [Nao_controller.py:1482]: RKneePitch is in End
[2024/11/12 14:32:17] [INFO] [Nao_controller.py:1521]: RAnklePitch is in End
[2024/11/12 14:32:17] [INFO] [Nao_controller.py:1003]: LHipPitch is in End
[2024/11/12 14:32:17] [INFO] [Nao_controller.py:1081]: LKneePitch is in End
[2024/11/12 14:32:17] [INFO] [Nao_controller.py:1120]: LAnklePitch is in End
[2024/11/12 14:32:17] [INFO] [Nao_controller.py:1404]: RHipPitch is in End
[2024/11/12 14:32:17] [INFO] [Nao_controller.py:1482]: RKneePitch is in End
[2024/11/12 14:32:17] [INFO] [Nao_controller.py:1521]: RAnklePitch is in End
[2024/11/12 14:32:17] [INFO] [Nao_controller.py:1003]: LHipPitch is in End
[2024/11/12 14:32:17] [INFO] [Nao_controller.py:1081]: LKneePitch is in End
[2024/11/12 14:32:17] [INFO] [Nao_controller.py:1120]: LAnklePitch is in End
[2024/11/12 14:32:17] [INFO] [Nao_controller.py:1404]: RHipPitch is in End
[2024/11/12 14:32:17] [INFO] [Nao_controller.py:1482]: RKneePitch is in End
[2024/11/12 14:32:17] [INFO] [Nao_controller.py:1521]: RAnklePitch is in End
[2024/11/12 14:32:17] [INFO] [Nao_controller.py:1003]: LHipPitch is in End
[2024/11/12 14:32:17] [INFO] [Nao_controller.py:1081]: LKneePitch is in End
[2024/11/12 14:32:17] [INFO] [Nao_controller.py:1120]: LAnklePitch is in End
[2024/11/12 14:32:17] [INFO] [Nao_controller.py:1404]: RHipPitch is in End
[2024/11/12 14:32:17] [INFO] [Nao_controller.py:1482]: RKneePitch is in End
[2024/11/12 14:32:17] [INFO] [Nao_controller.py:1521]: RAnklePitch is in End
[2024/11/12 14:32:17] [INFO] [Nao_controller.py:1003]: LHipPitch is in End
[2024/11/12 14:32:17] [INFO] [Nao_controller.py:1081]: LKneePitch is in End
[2024/11/12 14:32:17] [INFO] [Nao_controller.py:1120]: LAnklePitch is in End
[2024/11/12 14:32:17] [INFO] [Nao_controller.py:1404]: RHipPitch is in End
[2024/11/12 14:32:17] [INFO] [Nao_controller.py:1482]: RKneePitch is in End
[2024/11/12 14:32:17] [INFO] [Nao_controller.py:1521]: RAnklePitch is in End
[2024/11/12 14:32:17] [INFO] [Nao_controller.py:1003]: LHipPitch is in End
[2024/11/12 14:32:17] [INFO] [Nao_controller.py:1081]: LKneePitch is in End
[2024/11/12 14:32:17] [INFO] [Nao_controller.py:1120]: LAnklePitch is in End
[2024/11/12 14:32:17] [INFO] [Nao_controller.py:1404]: RHipPitch is in End
[2024/11/12 14:32:17] [INFO] [Nao_controller.py:1482]: RKneePitch is in End
[2024/11/12 14:32:17] [INFO] [Nao_controller.py:1521]: RAnklePitch is in End
[2024/11/12 14:32:17] [INFO] [Nao_controller.py:1003]: LHipPitch is in End
[2024/11/12 14:32:17] [INFO] [Nao_controller.py:1081]: LKneePitch is in End
[2024/11/12 14:32:17] [INFO] [Nao_controller.py:1120]: LAnklePitch is in End
[2024/11/12 14:32:17] [INFO] [Nao_controller.py:1404]: RHipPitch is in End
[2024/11/12 14:32:17] [INFO] [Nao_controller.py:1482]: RKneePitch is in End
[2024/11/12 14:32:17] [INFO] [Nao_controller.py:1521]: RAnklePitch is in End
[2024/11/12 14:32:17] [INFO] [Nao_controller.py:1003]: LHipPitch is in End
[2024/11/12 14:32:17] [INFO] [Nao_controller.py:1081]: LKneePitch is in End
[2024/11/12 14:32:17] [INFO] [Nao_controller.py:1120]: LAnklePitch is in End
[2024/11/12 14:32:17] [INFO] [Nao_controller.py:1404]: RHipPitch is in End
[2024/11/12 14:32:17] [INFO] [Nao_controller.py:1482]: RKneePitch is in End
[2024/11/12 14:32:17] [INFO] [Nao_controller.py:1521]: RAnklePitch is in End
[2024/11/12 14:32:17] [INFO] [Nao_controller.py:1003]: LHipPitch is in End
[2024/11/12 14:32:17] [INFO] [Nao_controller.py:1081]: LKneePitch is in End
[2024/11/12 14:32:17] [INFO] [Nao_controller.py:1120]: LAnklePitch is in End
[2024/11/12 14:32:17] [INFO] [Nao_controller.py:1404]: RHipPitch is in End
[2024/11/12 14:32:17] [INFO] [Nao_controller.py:1482]: RKneePitch is in End
[2024/11/12 14:32:17] [INFO] [Nao_controller.py:1521]: RAnklePitch is in End
[2024/11/12 14:32:17] [INFO] [Nao_controller.py:1003]: LHipPitch is in End
[2024/11/12 14:32:17] [INFO] [Nao_controller.py:1081]: LKneePitch is in End
[2024/11/12 14:32:17] [INFO] [Nao_controller.py:1120]: LAnklePitch is in End
[2024/11/12 14:32:17] [INFO] [Nao_controller.py:1404]: RHipPitch is in End
[2024/11/12 14:32:17] [INFO] [Nao_controller.py:1482]: RKneePitch is in End
[2024/11/12 14:32:17] [INFO] [Nao_controller.py:1521]: RAnklePitch is in End
[2024/11/12 14:32:17] [INFO] [Nao_controller.py:1003]: LHipPitch is in End
[2024/11/12 14:32:17] [INFO] [Nao_controller.py:1081]: LKneePitch is in End
[2024/11/12 14:32:17] [INFO] [Nao_controller.py:1120]: LAnklePitch is in End
[2024/11/12 14:32:17] [INFO] [Nao_controller.py:1404]: RHipPitch is in End
[2024/11/12 14:32:17] [INFO] [Nao_controller.py:1482]: RKneePitch is in End
[2024/11/12 14:32:17] [INFO] [Nao_controller.py:1521]: RAnklePitch is in End
[2024/11/12 14:32:17] [INFO] [Nao_controller.py:1003]: LHipPitch is in End
[2024/11/12 14:32:17] [INFO] [Nao_controller.py:1081]: LKneePitch is in End
[2024/11/12 14:32:17] [INFO] [Nao_controller.py:1120]: LAnklePitch is in End
[2024/11/12 14:32:17] [INFO] [Nao_controller.py:1404]: RHipPitch is in End
[2024/11/12 14:32:17] [INFO] [Nao_controller.py:1482]: RKneePitch is in End
[2024/11/12 14:32:17] [INFO] [Nao_controller.py:1521]: RAnklePitch is in End
[2024/11/12 14:32:17] [INFO] [Nao_controller.py:1003]: LHipPitch is in End
[2024/11/12 14:32:17] [INFO] [Nao_controller.py:1081]: LKneePitch is in End
[2024/11/12 14:32:17] [INFO] [Nao_controller.py:1120]: LAnklePitch is in End
[2024/11/12 14:32:17] [INFO] [Nao_controller.py:1404]: RHipPitch is in End
[2024/11/12 14:32:17] [INFO] [Nao_controller.py:1482]: RKneePitch is in End
[2024/11/12 14:32:17] [INFO] [Nao_controller.py:1521]: RAnklePitch is in End
[2024/11/12 14:32:17] [INFO] [Nao_controller.py:1003]: LHipPitch is in End
[2024/11/12 14:32:17] [INFO] [Nao_controller.py:1081]: LKneePitch is in End
[2024/11/12 14:32:17] [INFO] [Nao_controller.py:1120]: LAnklePitch is in End
[2024/11/12 14:32:17] [INFO] [Nao_controller.py:1404]: RHipPitch is in End
[2024/11/12 14:32:17] [INFO] [Nao_controller.py:1482]: RKneePitch is in End
[2024/11/12 14:32:17] [INFO] [Nao_controller.py:1521]: RAnklePitch is in End
[2024/11/12 14:32:17] [INFO] [Nao_controller.py:1003]: LHipPitch is in End
[2024/11/12 14:32:17] [INFO] [Nao_controller.py:1081]: LKneePitch is in End
[2024/11/12 14:32:17] [INFO] [Nao_controller.py:1120]: LAnklePitch is in End
[2024/11/12 14:32:17] [INFO] [Nao_controller.py:1404]: RHipPitch is in End
[2024/11/12 14:32:17] [INFO] [Nao_controller.py:1482]: RKneePitch is in End
[2024/11/12 14:32:17] [INFO] [Nao_controller.py:1521]: RAnklePitch is in End
[2024/11/12 14:32:17] [INFO] [Nao_controller.py:1003]: LHipPitch is in End
[2024/11/12 14:32:17] [INFO] [Nao_controller.py:1081]: LKneePitch is in End
[2024/11/12 14:32:17] [INFO] [Nao_controller.py:1120]: LAnklePitch is in End
[2024/11/12 14:32:17] [INFO] [Nao_controller.py:1404]: RHipPitch is in End
[2024/11/12 14:32:17] [INFO] [Nao_controller.py:1482]: RKneePitch is in End
[2024/11/12 14:32:17] [INFO] [Nao_controller.py:1521]: RAnklePitch is in End
[2024/11/12 14:32:17] [INFO] [Nao_controller.py:1003]: LHipPitch is in End
[2024/11/12 14:32:17] [INFO] [Nao_controller.py:1081]: LKneePitch is in End
[2024/11/12 14:32:17] [INFO] [Nao_controller.py:1120]: LAnklePitch is in End
[2024/11/12 14:32:17] [INFO] [Nao_controller.py:1404]: RHipPitch is in End
[2024/11/12 14:32:17] [INFO] [Nao_controller.py:1482]: RKneePitch is in End
[2024/11/12 14:32:17] [INFO] [Nao_controller.py:1521]: RAnklePitch is in End
[2024/11/12 14:32:17] [INFO] [Nao_controller.py:1003]: LHipPitch is in End
[2024/11/12 14:32:17] [INFO] [Nao_controller.py:1081]: LKneePitch is in End
[2024/11/12 14:32:17] [INFO] [Nao_controller.py:1120]: LAnklePitch is in End
[2024/11/12 14:32:17] [INFO] [Nao_controller.py:1404]: RHipPitch is in End
[2024/11/12 14:32:17] [INFO] [Nao_controller.py:1482]: RKneePitch is in End
[2024/11/12 14:32:17] [INFO] [Nao_controller.py:1521]: RAnklePitch is in End
[2024/11/12 14:32:17] [INFO] [Nao_controller.py:1003]: LHipPitch is in End
[2024/11/12 14:32:17] [INFO] [Nao_controller.py:1081]: LKneePitch is in End
[2024/11/12 14:32:17] [INFO] [Nao_controller.py:1120]: LAnklePitch is in End
[2024/11/12 14:32:17] [INFO] [Nao_controller.py:1404]: RHipPitch is in End
[2024/11/12 14:32:17] [INFO] [Nao_controller.py:1482]: RKneePitch is in End
[2024/11/12 14:32:17] [INFO] [Nao_controller.py:1521]: RAnklePitch is in End
[2024/11/12 14:32:17] [INFO] [Nao_controller.py:1003]: LHipPitch is in End
[2024/11/12 14:32:17] [INFO] [Nao_controller.py:1081]: LKneePitch is in End
[2024/11/12 14:32:17] [INFO] [Nao_controller.py:1120]: LAnklePitch is in End
[2024/11/12 14:32:17] [INFO] [Nao_controller.py:1404]: RHipPitch is in End
[2024/11/12 14:32:17] [INFO] [Nao_controller.py:1482]: RKneePitch is in End
[2024/11/12 14:32:17] [INFO] [Nao_controller.py:1521]: RAnklePitch is in End
[2024/11/12 14:32:17] [INFO] [Nao_controller.py:1003]: LHipPitch is in End
[2024/11/12 14:32:17] [INFO] [Nao_controller.py:1081]: LKneePitch is in End
[2024/11/12 14:32:17] [INFO] [Nao_controller.py:1120]: LAnklePitch is in End
[2024/11/12 14:32:17] [INFO] [Nao_controller.py:1404]: RHipPitch is in End
[2024/11/12 14:32:17] [INFO] [Nao_controller.py:1482]: RKneePitch is in End
[2024/11/12 14:32:17] [INFO] [Nao_controller.py:1521]: RAnklePitch is in End
[2024/11/12 14:32:17] [INFO] [Nao_controller.py:1003]: LHipPitch is in End
[2024/11/12 14:32:17] [INFO] [Nao_controller.py:1081]: LKneePitch is in End
[2024/11/12 14:32:17] [INFO] [Nao_controller.py:1120]: LAnklePitch is in End
[2024/11/12 14:32:17] [INFO] [Nao_controller.py:1404]: RHipPitch is in End
[2024/11/12 14:32:17] [INFO] [Nao_controller.py:1482]: RKneePitch is in End
[2024/11/12 14:32:17] [INFO] [Nao_controller.py:1521]: RAnklePitch is in End
[2024/11/12 14:32:17] [INFO] [Nao_controller.py:1003]: LHipPitch is in End
[2024/11/12 14:32:17] [INFO] [Nao_controller.py:1081]: LKneePitch is in End
[2024/11/12 14:32:17] [INFO] [Nao_controller.py:1120]: LAnklePitch is in End
[2024/11/12 14:32:17] [INFO] [Nao_controller.py:1404]: RHipPitch is in End
[2024/11/12 14:32:17] [INFO] [Nao_controller.py:1482]: RKneePitch is in End
[2024/11/12 14:32:17] [INFO] [Nao_controller.py:1521]: RAnklePitch is in End
[2024/11/12 14:32:17] [INFO] [Nao_controller.py:1003]: LHipPitch is in End
[2024/11/12 14:32:17] [INFO] [Nao_controller.py:1081]: LKneePitch is in End
[2024/11/12 14:32:17] [INFO] [Nao_controller.py:1120]: LAnklePitch is in End
[2024/11/12 14:32:17] [INFO] [Nao_controller.py:1404]: RHipPitch is in End
[2024/11/12 14:32:17] [INFO] [Nao_controller.py:1482]: RKneePitch is in End
[2024/11/12 14:32:17] [INFO] [Nao_controller.py:1521]: RAnklePitch is in End
[2024/11/12 14:32:17] [INFO] [Nao_controller.py:1003]: LHipPitch is in End
[2024/11/12 14:32:17] [INFO] [Nao_controller.py:1081]: LKneePitch is in End
[2024/11/12 14:32:17] [INFO] [Nao_controller.py:1120]: LAnklePitch is in End
[2024/11/12 14:32:17] [INFO] [Nao_controller.py:1404]: RHipPitch is in End
[2024/11/12 14:32:17] [INFO] [Nao_controller.py:1482]: RKneePitch is in End
[2024/11/12 14:32:17] [INFO] [Nao_controller.py:1521]: RAnklePitch is in End
[2024/11/12 14:32:17] [INFO] [Nao_controller.py:1003]: LHipPitch is in End
[2024/11/12 14:32:17] [INFO] [Nao_controller.py:1081]: LKneePitch is in End
[2024/11/12 14:32:17] [INFO] [Nao_controller.py:1120]: LAnklePitch is in End
[2024/11/12 14:32:17] [INFO] [Nao_controller.py:1404]: RHipPitch is in End
[2024/11/12 14:32:17] [INFO] [Nao_controller.py:1482]: RKneePitch is in End
[2024/11/12 14:32:17] [INFO] [Nao_controller.py:1521]: RAnklePitch is in End
[2024/11/12 14:32:18] [INFO] [Nao_controller.py:1003]: LHipPitch is in End
[2024/11/12 14:32:18] [INFO] [Nao_controller.py:1081]: LKneePitch is in End
[2024/11/12 14:32:18] [INFO] [Nao_controller.py:1120]: LAnklePitch is in End
[2024/11/12 14:32:18] [INFO] [Nao_controller.py:1404]: RHipPitch is in End
[2024/11/12 14:32:18] [INFO] [Nao_controller.py:1482]: RKneePitch is in End
[2024/11/12 14:32:18] [INFO] [Nao_controller.py:1521]: RAnklePitch is in End
[2024/11/12 14:32:18] [INFO] [Nao_controller.py:1003]: LHipPitch is in End
[2024/11/12 14:32:18] [INFO] [Nao_controller.py:1081]: LKneePitch is in End
[2024/11/12 14:32:18] [INFO] [Nao_controller.py:1120]: LAnklePitch is in End
[2024/11/12 14:32:18] [INFO] [Nao_controller.py:1404]: RHipPitch is in End
[2024/11/12 14:32:18] [INFO] [Nao_controller.py:1482]: RKneePitch is in End
[2024/11/12 14:32:18] [INFO] [Nao_controller.py:1521]: RAnklePitch is in End
[2024/11/12 14:32:18] [INFO] [Nao_controller.py:1003]: LHipPitch is in End
[2024/11/12 14:32:18] [INFO] [Nao_controller.py:1081]: LKneePitch is in End
[2024/11/12 14:32:18] [INFO] [Nao_controller.py:1120]: LAnklePitch is in End
[2024/11/12 14:32:18] [INFO] [Nao_controller.py:1404]: RHipPitch is in End
[2024/11/12 14:32:18] [INFO] [Nao_controller.py:1482]: RKneePitch is in End
[2024/11/12 14:32:18] [INFO] [Nao_controller.py:1521]: RAnklePitch is in End
[2024/11/12 14:32:18] [INFO] [Nao_controller.py:1003]: LHipPitch is in End
[2024/11/12 14:32:18] [INFO] [Nao_controller.py:1081]: LKneePitch is in End
[2024/11/12 14:32:18] [INFO] [Nao_controller.py:1120]: LAnklePitch is in End
[2024/11/12 14:32:18] [INFO] [Nao_controller.py:1404]: RHipPitch is in End
[2024/11/12 14:32:18] [INFO] [Nao_controller.py:1482]: RKneePitch is in End
[2024/11/12 14:32:18] [INFO] [Nao_controller.py:1521]: RAnklePitch is in End
[2024/11/12 14:32:18] [INFO] [Nao_controller.py:1003]: LHipPitch is in End
[2024/11/12 14:32:18] [INFO] [Nao_controller.py:1081]: LKneePitch is in End
[2024/11/12 14:32:18] [INFO] [Nao_controller.py:1120]: LAnklePitch is in End
[2024/11/12 14:32:18] [INFO] [Nao_controller.py:1404]: RHipPitch is in End
[2024/11/12 14:32:18] [INFO] [Nao_controller.py:1482]: RKneePitch is in End
[2024/11/12 14:32:18] [INFO] [Nao_controller.py:1521]: RAnklePitch is in End
[2024/11/12 14:32:18] [INFO] [Nao_controller.py:1003]: LHipPitch is in End
[2024/11/12 14:32:18] [INFO] [Nao_controller.py:1081]: LKneePitch is in End
[2024/11/12 14:32:18] [INFO] [Nao_controller.py:1120]: LAnklePitch is in End
[2024/11/12 14:32:18] [INFO] [Nao_controller.py:1404]: RHipPitch is in End
[2024/11/12 14:32:18] [INFO] [Nao_controller.py:1482]: RKneePitch is in End
[2024/11/12 14:32:18] [INFO] [Nao_controller.py:1521]: RAnklePitch is in End
[2024/11/12 14:32:18] [INFO] [Nao_controller.py:1003]: LHipPitch is in End
[2024/11/12 14:32:18] [INFO] [Nao_controller.py:1081]: LKneePitch is in End
[2024/11/12 14:32:18] [INFO] [Nao_controller.py:1120]: LAnklePitch is in End
[2024/11/12 14:32:18] [INFO] [Nao_controller.py:1404]: RHipPitch is in End
[2024/11/12 14:32:18] [INFO] [Nao_controller.py:1482]: RKneePitch is in End
[2024/11/12 14:32:18] [INFO] [Nao_controller.py:1521]: RAnklePitch is in End
[2024/11/12 14:32:18] [INFO] [Nao_controller.py:1003]: LHipPitch is in End
[2024/11/12 14:32:18] [INFO] [Nao_controller.py:1081]: LKneePitch is in End
[2024/11/12 14:32:18] [INFO] [Nao_controller.py:1120]: LAnklePitch is in End
[2024/11/12 14:32:18] [INFO] [Nao_controller.py:1404]: RHipPitch is in End
[2024/11/12 14:32:18] [INFO] [Nao_controller.py:1482]: RKneePitch is in End
[2024/11/12 14:32:18] [INFO] [Nao_controller.py:1521]: RAnklePitch is in End
[2024/11/12 14:32:18] [INFO] [Nao_controller.py:1003]: LHipPitch is in End
[2024/11/12 14:32:18] [INFO] [Nao_controller.py:1081]: LKneePitch is in End
[2024/11/12 14:32:18] [INFO] [Nao_controller.py:1120]: LAnklePitch is in End
[2024/11/12 14:32:18] [INFO] [Nao_controller.py:1404]: RHipPitch is in End
[2024/11/12 14:32:18] [INFO] [Nao_controller.py:1482]: RKneePitch is in End
[2024/11/12 14:32:18] [INFO] [Nao_controller.py:1521]: RAnklePitch is in End
[2024/11/12 14:32:18] [INFO] [Nao_controller.py:1003]: LHipPitch is in End
[2024/11/12 14:32:18] [INFO] [Nao_controller.py:1081]: LKneePitch is in End
[2024/11/12 14:32:18] [INFO] [Nao_controller.py:1120]: LAnklePitch is in End
[2024/11/12 14:32:18] [INFO] [Nao_controller.py:1404]: RHipPitch is in End
[2024/11/12 14:32:18] [INFO] [Nao_controller.py:1482]: RKneePitch is in End
[2024/11/12 14:32:18] [INFO] [Nao_controller.py:1521]: RAnklePitch is in End
[2024/11/12 14:32:18] [INFO] [Nao_controller.py:1003]: LHipPitch is in End
[2024/11/12 14:32:18] [INFO] [Nao_controller.py:1081]: LKneePitch is in End
[2024/11/12 14:32:18] [INFO] [Nao_controller.py:1120]: LAnklePitch is in End
[2024/11/12 14:32:18] [INFO] [Nao_controller.py:1404]: RHipPitch is in End
[2024/11/12 14:32:18] [INFO] [Nao_controller.py:1482]: RKneePitch is in End
[2024/11/12 14:32:18] [INFO] [Nao_controller.py:1521]: RAnklePitch is in End
[2024/11/12 14:32:18] [INFO] [Nao_controller.py:1003]: LHipPitch is in End
[2024/11/12 14:32:18] [INFO] [Nao_controller.py:1081]: LKneePitch is in End
[2024/11/12 14:32:18] [INFO] [Nao_controller.py:1120]: LAnklePitch is in End
[2024/11/12 14:32:18] [INFO] [Nao_controller.py:1404]: RHipPitch is in End
[2024/11/12 14:32:18] [INFO] [Nao_controller.py:1482]: RKneePitch is in End
[2024/11/12 14:32:18] [INFO] [Nao_controller.py:1521]: RAnklePitch is in End
[2024/11/12 14:32:18] [INFO] [Nao_controller.py:1003]: LHipPitch is in End
[2024/11/12 14:32:18] [INFO] [Nao_controller.py:1081]: LKneePitch is in End
[2024/11/12 14:32:18] [INFO] [Nao_controller.py:1120]: LAnklePitch is in End
[2024/11/12 14:32:18] [INFO] [Nao_controller.py:1404]: RHipPitch is in End
[2024/11/12 14:32:18] [INFO] [Nao_controller.py:1482]: RKneePitch is in End
[2024/11/12 14:32:18] [INFO] [Nao_controller.py:1521]: RAnklePitch is in End
[2024/11/12 14:32:18] [INFO] [Nao_controller.py:1003]: LHipPitch is in End
[2024/11/12 14:32:18] [INFO] [Nao_controller.py:1081]: LKneePitch is in End
[2024/11/12 14:32:18] [INFO] [Nao_controller.py:1120]: LAnklePitch is in End
[2024/11/12 14:32:18] [INFO] [Nao_controller.py:1404]: RHipPitch is in End
[2024/11/12 14:32:18] [INFO] [Nao_controller.py:1482]: RKneePitch is in End
[2024/11/12 14:32:18] [INFO] [Nao_controller.py:1521]: RAnklePitch is in End
[2024/11/12 14:32:18] [INFO] [Nao_controller.py:1003]: LHipPitch is in End
[2024/11/12 14:32:18] [INFO] [Nao_controller.py:1081]: LKneePitch is in End
[2024/11/12 14:32:18] [INFO] [Nao_controller.py:1120]: LAnklePitch is in End
[2024/11/12 14:32:18] [INFO] [Nao_controller.py:1404]: RHipPitch is in End
[2024/11/12 14:32:18] [INFO] [Nao_controller.py:1482]: RKneePitch is in End
[2024/11/12 14:32:18] [INFO] [Nao_controller.py:1521]: RAnklePitch is in End
[2024/11/12 14:32:18] [INFO] [Nao_controller.py:1003]: LHipPitch is in End
[2024/11/12 14:32:18] [INFO] [Nao_controller.py:1081]: LKneePitch is in End
[2024/11/12 14:32:18] [INFO] [Nao_controller.py:1120]: LAnklePitch is in End
[2024/11/12 14:32:18] [INFO] [Nao_controller.py:1404]: RHipPitch is in End
[2024/11/12 14:32:18] [INFO] [Nao_controller.py:1482]: RKneePitch is in End
[2024/11/12 14:32:18] [INFO] [Nao_controller.py:1521]: RAnklePitch is in End
[2024/11/12 14:32:18] [INFO] [Nao_controller.py:1003]: LHipPitch is in End
[2024/11/12 14:32:18] [INFO] [Nao_controller.py:1081]: LKneePitch is in End
[2024/11/12 14:32:18] [INFO] [Nao_controller.py:1120]: LAnklePitch is in End
[2024/11/12 14:32:18] [INFO] [Nao_controller.py:1404]: RHipPitch is in End
[2024/11/12 14:32:18] [INFO] [Nao_controller.py:1482]: RKneePitch is in End
[2024/11/12 14:32:18] [INFO] [Nao_controller.py:1521]: RAnklePitch is in End
[2024/11/12 14:32:18] [INFO] [Nao_controller.py:1003]: LHipPitch is in End
[2024/11/12 14:32:18] [INFO] [Nao_controller.py:1081]: LKneePitch is in End
[2024/11/12 14:32:18] [INFO] [Nao_controller.py:1120]: LAnklePitch is in End
[2024/11/12 14:32:18] [INFO] [Nao_controller.py:1404]: RHipPitch is in End
[2024/11/12 14:32:18] [INFO] [Nao_controller.py:1482]: RKneePitch is in End
[2024/11/12 14:32:18] [INFO] [Nao_controller.py:1521]: RAnklePitch is in End
[2024/11/12 14:32:18] [INFO] [Nao_controller.py:1003]: LHipPitch is in End
[2024/11/12 14:32:18] [INFO] [Nao_controller.py:1081]: LKneePitch is in End
[2024/11/12 14:32:18] [INFO] [Nao_controller.py:1120]: LAnklePitch is in End
[2024/11/12 14:32:18] [INFO] [Nao_controller.py:1404]: RHipPitch is in End
[2024/11/12 14:32:18] [INFO] [Nao_controller.py:1482]: RKneePitch is in End
[2024/11/12 14:32:18] [INFO] [Nao_controller.py:1521]: RAnklePitch is in End
[2024/11/12 14:32:18] [INFO] [Nao_controller.py:1003]: LHipPitch is in End
[2024/11/12 14:32:18] [INFO] [Nao_controller.py:1081]: LKneePitch is in End
[2024/11/12 14:32:18] [INFO] [Nao_controller.py:1120]: LAnklePitch is in End
[2024/11/12 14:32:18] [INFO] [Nao_controller.py:1404]: RHipPitch is in End
[2024/11/12 14:32:18] [INFO] [Nao_controller.py:1482]: RKneePitch is in End
[2024/11/12 14:32:18] [INFO] [Nao_controller.py:1521]: RAnklePitch is in End
[2024/11/12 14:32:18] [INFO] [Nao_controller.py:1003]: LHipPitch is in End
[2024/11/12 14:32:18] [INFO] [Nao_controller.py:1081]: LKneePitch is in End
[2024/11/12 14:32:18] [INFO] [Nao_controller.py:1120]: LAnklePitch is in End
[2024/11/12 14:32:18] [INFO] [Nao_controller.py:1404]: RHipPitch is in End
[2024/11/12 14:32:18] [INFO] [Nao_controller.py:1482]: RKneePitch is in End
[2024/11/12 14:32:18] [INFO] [Nao_controller.py:1521]: RAnklePitch is in End
[2024/11/12 14:32:18] [INFO] [Nao_controller.py:1003]: LHipPitch is in End
[2024/11/12 14:32:18] [INFO] [Nao_controller.py:1081]: LKneePitch is in End
[2024/11/12 14:32:18] [INFO] [Nao_controller.py:1120]: LAnklePitch is in End
[2024/11/12 14:32:18] [INFO] [Nao_controller.py:1404]: RHipPitch is in End
[2024/11/12 14:32:18] [INFO] [Nao_controller.py:1482]: RKneePitch is in End
[2024/11/12 14:32:18] [INFO] [Nao_controller.py:1521]: RAnklePitch is in End
[2024/11/12 14:32:18] [INFO] [Nao_controller.py:1003]: LHipPitch is in End
[2024/11/12 14:32:18] [INFO] [Nao_controller.py:1081]: LKneePitch is in End
[2024/11/12 14:32:18] [INFO] [Nao_controller.py:1120]: LAnklePitch is in End
[2024/11/12 14:32:18] [INFO] [Nao_controller.py:1404]: RHipPitch is in End
[2024/11/12 14:32:18] [INFO] [Nao_controller.py:1482]: RKneePitch is in End
[2024/11/12 14:32:18] [INFO] [Nao_controller.py:1521]: RAnklePitch is in End
[2024/11/12 14:32:18] [INFO] [Nao_controller.py:1003]: LHipPitch is in End
[2024/11/12 14:32:18] [INFO] [Nao_controller.py:1081]: LKneePitch is in End
[2024/11/12 14:32:18] [INFO] [Nao_controller.py:1120]: LAnklePitch is in End
[2024/11/12 14:32:18] [INFO] [Nao_controller.py:1404]: RHipPitch is in End
[2024/11/12 14:32:18] [INFO] [Nao_controller.py:1482]: RKneePitch is in End
[2024/11/12 14:32:18] [INFO] [Nao_controller.py:1521]: RAnklePitch is in End
[2024/11/12 14:32:18] [INFO] [Nao_controller.py:1003]: LHipPitch is in End
[2024/11/12 14:32:18] [INFO] [Nao_controller.py:1081]: LKneePitch is in End
[2024/11/12 14:32:18] [INFO] [Nao_controller.py:1120]: LAnklePitch is in End
[2024/11/12 14:32:18] [INFO] [Nao_controller.py:1404]: RHipPitch is in End
[2024/11/12 14:32:18] [INFO] [Nao_controller.py:1482]: RKneePitch is in End
[2024/11/12 14:32:18] [INFO] [Nao_controller.py:1521]: RAnklePitch is in End
[2024/11/12 14:32:18] [INFO] [Nao_controller.py:1003]: LHipPitch is in End
[2024/11/12 14:32:18] [INFO] [Nao_controller.py:1081]: LKneePitch is in End
[2024/11/12 14:32:18] [INFO] [Nao_controller.py:1120]: LAnklePitch is in End
[2024/11/12 14:32:18] [INFO] [Nao_controller.py:1404]: RHipPitch is in End
[2024/11/12 14:32:18] [INFO] [Nao_controller.py:1482]: RKneePitch is in End
[2024/11/12 14:32:18] [INFO] [Nao_controller.py:1521]: RAnklePitch is in End
[2024/11/12 14:32:18] [INFO] [Nao_controller.py:1003]: LHipPitch is in End
[2024/11/12 14:32:18] [INFO] [Nao_controller.py:1081]: LKneePitch is in End
[2024/11/12 14:32:18] [INFO] [Nao_controller.py:1120]: LAnklePitch is in End
[2024/11/12 14:32:18] [INFO] [Nao_controller.py:1404]: RHipPitch is in End
[2024/11/12 14:32:18] [INFO] [Nao_controller.py:1482]: RKneePitch is in End
[2024/11/12 14:32:18] [INFO] [Nao_controller.py:1521]: RAnklePitch is in End
[2024/11/12 14:32:18] [INFO] [Nao_controller.py:1003]: LHipPitch is in End
[2024/11/12 14:32:18] [INFO] [Nao_controller.py:1081]: LKneePitch is in End
[2024/11/12 14:32:18] [INFO] [Nao_controller.py:1120]: LAnklePitch is in End
[2024/11/12 14:32:18] [INFO] [Nao_controller.py:1404]: RHipPitch is in End
[2024/11/12 14:32:18] [INFO] [Nao_controller.py:1482]: RKneePitch is in End
[2024/11/12 14:32:18] [INFO] [Nao_controller.py:1521]: RAnklePitch is in End
[2024/11/12 14:32:18] [INFO] [Nao_controller.py:1003]: LHipPitch is in End
[2024/11/12 14:32:18] [INFO] [Nao_controller.py:1081]: LKneePitch is in End
[2024/11/12 14:32:18] [INFO] [Nao_controller.py:1120]: LAnklePitch is in End
[2024/11/12 14:32:18] [INFO] [Nao_controller.py:1404]: RHipPitch is in End
[2024/11/12 14:32:18] [INFO] [Nao_controller.py:1482]: RKneePitch is in End
[2024/11/12 14:32:18] [INFO] [Nao_controller.py:1521]: RAnklePitch is in End
[2024/11/12 14:32:18] [INFO] [Nao_controller.py:1003]: LHipPitch is in End
[2024/11/12 14:32:18] [INFO] [Nao_controller.py:1081]: LKneePitch is in End
[2024/11/12 14:32:18] [INFO] [Nao_controller.py:1120]: LAnklePitch is in End
[2024/11/12 14:32:18] [INFO] [Nao_controller.py:1404]: RHipPitch is in End
[2024/11/12 14:32:18] [INFO] [Nao_controller.py:1482]: RKneePitch is in End
[2024/11/12 14:32:18] [INFO] [Nao_controller.py:1521]: RAnklePitch is in End
[2024/11/12 14:32:19] [INFO] [Nao_controller.py:1003]: LHipPitch is in End
[2024/11/12 14:32:19] [INFO] [Nao_controller.py:1081]: LKneePitch is in End
[2024/11/12 14:32:19] [INFO] [Nao_controller.py:1120]: LAnklePitch is in End
[2024/11/12 14:32:19] [INFO] [Nao_controller.py:1404]: RHipPitch is in End
[2024/11/12 14:32:19] [INFO] [Nao_controller.py:1482]: RKneePitch is in End
[2024/11/12 14:32:19] [INFO] [Nao_controller.py:1521]: RAnklePitch is in End
[2024/11/12 14:32:19] [INFO] [Nao_controller.py:1003]: LHipPitch is in End
[2024/11/12 14:32:19] [INFO] [Nao_controller.py:1081]: LKneePitch is in End
[2024/11/12 14:32:19] [INFO] [Nao_controller.py:1120]: LAnklePitch is in End
[2024/11/12 14:32:19] [INFO] [Nao_controller.py:1404]: RHipPitch is in End
[2024/11/12 14:32:19] [INFO] [Nao_controller.py:1482]: RKneePitch is in End
[2024/11/12 14:32:19] [INFO] [Nao_controller.py:1521]: RAnklePitch is in End
[2024/11/12 14:32:19] [INFO] [Nao_controller.py:1003]: LHipPitch is in End
[2024/11/12 14:32:19] [INFO] [Nao_controller.py:1081]: LKneePitch is in End
[2024/11/12 14:32:19] [INFO] [Nao_controller.py:1120]: LAnklePitch is in End
[2024/11/12 14:32:19] [INFO] [Nao_controller.py:1404]: RHipPitch is in End
[2024/11/12 14:32:19] [INFO] [Nao_controller.py:1482]: RKneePitch is in End
[2024/11/12 14:32:19] [INFO] [Nao_controller.py:1521]: RAnklePitch is in End
[2024/11/12 14:32:19] [INFO] [Nao_controller.py:1003]: LHipPitch is in End
[2024/11/12 14:32:19] [INFO] [Nao_controller.py:1081]: LKneePitch is in End
[2024/11/12 14:32:19] [INFO] [Nao_controller.py:1120]: LAnklePitch is in End
[2024/11/12 14:32:19] [INFO] [Nao_controller.py:1404]: RHipPitch is in End
[2024/11/12 14:32:19] [INFO] [Nao_controller.py:1482]: RKneePitch is in End
[2024/11/12 14:32:19] [INFO] [Nao_controller.py:1521]: RAnklePitch is in End
[2024/11/12 14:32:19] [INFO] [Nao_controller.py:1003]: LHipPitch is in End
[2024/11/12 14:32:19] [INFO] [Nao_controller.py:1081]: LKneePitch is in End
[2024/11/12 14:32:19] [INFO] [Nao_controller.py:1120]: LAnklePitch is in End
[2024/11/12 14:32:19] [INFO] [Nao_controller.py:1404]: RHipPitch is in End
[2024/11/12 14:32:19] [INFO] [Nao_controller.py:1482]: RKneePitch is in End
[2024/11/12 14:32:19] [INFO] [Nao_controller.py:1521]: RAnklePitch is in End
[2024/11/12 14:32:19] [INFO] [Nao_controller.py:1003]: LHipPitch is in End
[2024/11/12 14:32:19] [INFO] [Nao_controller.py:1081]: LKneePitch is in End
[2024/11/12 14:32:19] [INFO] [Nao_controller.py:1120]: LAnklePitch is in End
[2024/11/12 14:32:19] [INFO] [Nao_controller.py:1404]: RHipPitch is in End
[2024/11/12 14:32:19] [INFO] [Nao_controller.py:1482]: RKneePitch is in End
[2024/11/12 14:32:19] [INFO] [Nao_controller.py:1521]: RAnklePitch is in End
[2024/11/12 14:32:19] [INFO] [Nao_controller.py:1003]: LHipPitch is in End
[2024/11/12 14:32:19] [INFO] [Nao_controller.py:1081]: LKneePitch is in End
[2024/11/12 14:32:19] [INFO] [Nao_controller.py:1120]: LAnklePitch is in End
[2024/11/12 14:32:19] [INFO] [Nao_controller.py:1404]: RHipPitch is in End
[2024/11/12 14:32:19] [INFO] [Nao_controller.py:1482]: RKneePitch is in End
[2024/11/12 14:32:19] [INFO] [Nao_controller.py:1521]: RAnklePitch is in End
[2024/11/12 14:32:19] [INFO] [Nao_controller.py:1003]: LHipPitch is in End
[2024/11/12 14:32:19] [INFO] [Nao_controller.py:1081]: LKneePitch is in End
[2024/11/12 14:32:19] [INFO] [Nao_controller.py:1120]: LAnklePitch is in End
[2024/11/12 14:32:19] [INFO] [Nao_controller.py:1404]: RHipPitch is in End
[2024/11/12 14:32:19] [INFO] [Nao_controller.py:1482]: RKneePitch is in End
[2024/11/12 14:32:19] [INFO] [Nao_controller.py:1521]: RAnklePitch is in End
[2024/11/12 14:32:19] [INFO] [Nao_controller.py:1003]: LHipPitch is in End
[2024/11/12 14:32:19] [INFO] [Nao_controller.py:1081]: LKneePitch is in End
[2024/11/12 14:32:19] [INFO] [Nao_controller.py:1120]: LAnklePitch is in End
[2024/11/12 14:32:19] [INFO] [Nao_controller.py:1404]: RHipPitch is in End
[2024/11/12 14:32:19] [INFO] [Nao_controller.py:1482]: RKneePitch is in End
[2024/11/12 14:32:19] [INFO] [Nao_controller.py:1521]: RAnklePitch is in End
[2024/11/12 14:32:19] [INFO] [Nao_controller.py:1003]: LHipPitch is in End
[2024/11/12 14:32:19] [INFO] [Nao_controller.py:1081]: LKneePitch is in End
[2024/11/12 14:32:19] [INFO] [Nao_controller.py:1120]: LAnklePitch is in End
[2024/11/12 14:32:19] [INFO] [Nao_controller.py:1404]: RHipPitch is in End
[2024/11/12 14:32:19] [INFO] [Nao_controller.py:1482]: RKneePitch is in End
[2024/11/12 14:32:19] [INFO] [Nao_controller.py:1521]: RAnklePitch is in End
[2024/11/12 14:32:19] [INFO] [Nao_controller.py:1003]: LHipPitch is in End
[2024/11/12 14:32:19] [INFO] [Nao_controller.py:1081]: LKneePitch is in End
[2024/11/12 14:32:19] [INFO] [Nao_controller.py:1120]: LAnklePitch is in End
[2024/11/12 14:32:19] [INFO] [Nao_controller.py:1404]: RHipPitch is in End
[2024/11/12 14:32:19] [INFO] [Nao_controller.py:1482]: RKneePitch is in End
[2024/11/12 14:32:19] [INFO] [Nao_controller.py:1521]: RAnklePitch is in End
[2024/11/12 14:32:19] [INFO] [Nao_controller.py:1003]: LHipPitch is in End
[2024/11/12 14:32:19] [INFO] [Nao_controller.py:1081]: LKneePitch is in End
[2024/11/12 14:32:19] [INFO] [Nao_controller.py:1120]: LAnklePitch is in End
[2024/11/12 14:32:19] [INFO] [Nao_controller.py:1404]: RHipPitch is in End
[2024/11/12 14:32:19] [INFO] [Nao_controller.py:1482]: RKneePitch is in End
[2024/11/12 14:32:19] [INFO] [Nao_controller.py:1521]: RAnklePitch is in End
[2024/11/12 14:32:19] [INFO] [Nao_controller.py:1003]: LHipPitch is in End
[2024/11/12 14:32:19] [INFO] [Nao_controller.py:1081]: LKneePitch is in End
[2024/11/12 14:32:19] [INFO] [Nao_controller.py:1120]: LAnklePitch is in End
[2024/11/12 14:32:19] [INFO] [Nao_controller.py:1404]: RHipPitch is in End
[2024/11/12 14:32:19] [INFO] [Nao_controller.py:1482]: RKneePitch is in End
[2024/11/12 14:32:19] [INFO] [Nao_controller.py:1521]: RAnklePitch is in End
[2024/11/12 14:32:19] [INFO] [Nao_controller.py:1003]: LHipPitch is in End
[2024/11/12 14:32:19] [INFO] [Nao_controller.py:1081]: LKneePitch is in End
[2024/11/12 14:32:19] [INFO] [Nao_controller.py:1120]: LAnklePitch is in End
[2024/11/12 14:32:19] [INFO] [Nao_controller.py:1404]: RHipPitch is in End
[2024/11/12 14:32:19] [INFO] [Nao_controller.py:1482]: RKneePitch is in End
[2024/11/12 14:32:19] [INFO] [Nao_controller.py:1521]: RAnklePitch is in End
[2024/11/12 14:32:19] [INFO] [Nao_controller.py:1003]: LHipPitch is in End
[2024/11/12 14:32:19] [INFO] [Nao_controller.py:1081]: LKneePitch is in End
[2024/11/12 14:32:19] [INFO] [Nao_controller.py:1120]: LAnklePitch is in End
[2024/11/12 14:32:19] [INFO] [Nao_controller.py:1404]: RHipPitch is in End
[2024/11/12 14:32:19] [INFO] [Nao_controller.py:1482]: RKneePitch is in End
[2024/11/12 14:32:19] [INFO] [Nao_controller.py:1521]: RAnklePitch is in End
[2024/11/12 14:32:19] [INFO] [Nao_controller.py:1003]: LHipPitch is in End
[2024/11/12 14:32:19] [INFO] [Nao_controller.py:1081]: LKneePitch is in End
[2024/11/12 14:32:19] [INFO] [Nao_controller.py:1120]: LAnklePitch is in End
[2024/11/12 14:32:19] [INFO] [Nao_controller.py:1404]: RHipPitch is in End
[2024/11/12 14:32:19] [INFO] [Nao_controller.py:1482]: RKneePitch is in End
[2024/11/12 14:32:19] [INFO] [Nao_controller.py:1521]: RAnklePitch is in End
[2024/11/12 14:32:19] [INFO] [Nao_controller.py:1003]: LHipPitch is in End
[2024/11/12 14:32:19] [INFO] [Nao_controller.py:1081]: LKneePitch is in End
[2024/11/12 14:32:19] [INFO] [Nao_controller.py:1120]: LAnklePitch is in End
[2024/11/12 14:32:19] [INFO] [Nao_controller.py:1404]: RHipPitch is in End
[2024/11/12 14:32:19] [INFO] [Nao_controller.py:1482]: RKneePitch is in End
[2024/11/12 14:32:19] [INFO] [Nao_controller.py:1521]: RAnklePitch is in End
[2024/11/12 14:32:19] [INFO] [Nao_controller.py:1003]: LHipPitch is in End
[2024/11/12 14:32:19] [INFO] [Nao_controller.py:1081]: LKneePitch is in End
[2024/11/12 14:32:19] [INFO] [Nao_controller.py:1120]: LAnklePitch is in End
[2024/11/12 14:32:19] [INFO] [Nao_controller.py:1404]: RHipPitch is in End
[2024/11/12 14:32:19] [INFO] [Nao_controller.py:1482]: RKneePitch is in End
[2024/11/12 14:32:19] [INFO] [Nao_controller.py:1521]: RAnklePitch is in End
[2024/11/12 14:32:19] [INFO] [Nao_controller.py:1003]: LHipPitch is in End
[2024/11/12 14:32:19] [INFO] [Nao_controller.py:1081]: LKneePitch is in End
[2024/11/12 14:32:19] [INFO] [Nao_controller.py:1120]: LAnklePitch is in End
[2024/11/12 14:32:19] [INFO] [Nao_controller.py:1404]: RHipPitch is in End
[2024/11/12 14:32:19] [INFO] [Nao_controller.py:1482]: RKneePitch is in End
[2024/11/12 14:32:19] [INFO] [Nao_controller.py:1521]: RAnklePitch is in End
[2024/11/12 14:32:19] [INFO] [Nao_controller.py:1003]: LHipPitch is in End
[2024/11/12 14:32:19] [INFO] [Nao_controller.py:1081]: LKneePitch is in End
[2024/11/12 14:32:19] [INFO] [Nao_controller.py:1120]: LAnklePitch is in End
[2024/11/12 14:32:19] [INFO] [Nao_controller.py:1404]: RHipPitch is in End
[2024/11/12 14:32:19] [INFO] [Nao_controller.py:1482]: RKneePitch is in End
[2024/11/12 14:32:19] [INFO] [Nao_controller.py:1521]: RAnklePitch is in End
[2024/11/12 14:32:19] [INFO] [Nao_controller.py:1003]: LHipPitch is in End
[2024/11/12 14:32:19] [INFO] [Nao_controller.py:1081]: LKneePitch is in End
[2024/11/12 14:32:19] [INFO] [Nao_controller.py:1120]: LAnklePitch is in End
[2024/11/12 14:32:19] [INFO] [Nao_controller.py:1404]: RHipPitch is in End
[2024/11/12 14:32:19] [INFO] [Nao_controller.py:1482]: RKneePitch is in End
[2024/11/12 14:32:19] [INFO] [Nao_controller.py:1521]: RAnklePitch is in End
[2024/11/12 14:32:19] [INFO] [Nao_controller.py:1003]: LHipPitch is in End
[2024/11/12 14:32:19] [INFO] [Nao_controller.py:1081]: LKneePitch is in End
[2024/11/12 14:32:19] [INFO] [Nao_controller.py:1120]: LAnklePitch is in End
[2024/11/12 14:32:19] [INFO] [Nao_controller.py:1404]: RHipPitch is in End
[2024/11/12 14:32:19] [INFO] [Nao_controller.py:1482]: RKneePitch is in End
[2024/11/12 14:32:19] [INFO] [Nao_controller.py:1521]: RAnklePitch is in End
[2024/11/12 14:32:19] [INFO] [Nao_controller.py:1003]: LHipPitch is in End
[2024/11/12 14:32:19] [INFO] [Nao_controller.py:1081]: LKneePitch is in End
[2024/11/12 14:32:19] [INFO] [Nao_controller.py:1120]: LAnklePitch is in End
[2024/11/12 14:32:19] [INFO] [Nao_controller.py:1404]: RHipPitch is in End
[2024/11/12 14:32:19] [INFO] [Nao_controller.py:1482]: RKneePitch is in End
[2024/11/12 14:32:19] [INFO] [Nao_controller.py:1521]: RAnklePitch is in End
[2024/11/12 14:32:19] [INFO] [Nao_controller.py:1003]: LHipPitch is in End
[2024/11/12 14:32:19] [INFO] [Nao_controller.py:1081]: LKneePitch is in End
[2024/11/12 14:32:19] [INFO] [Nao_controller.py:1120]: LAnklePitch is in End
[2024/11/12 14:32:19] [INFO] [Nao_controller.py:1404]: RHipPitch is in End
[2024/11/12 14:32:19] [INFO] [Nao_controller.py:1482]: RKneePitch is in End
[2024/11/12 14:32:19] [INFO] [Nao_controller.py:1521]: RAnklePitch is in End
[2024/11/12 14:32:19] [INFO] [Nao_controller.py:1003]: LHipPitch is in End
[2024/11/12 14:32:19] [INFO] [Nao_controller.py:1081]: LKneePitch is in End
[2024/11/12 14:32:19] [INFO] [Nao_controller.py:1120]: LAnklePitch is in End
[2024/11/12 14:32:19] [INFO] [Nao_controller.py:1404]: RHipPitch is in End
[2024/11/12 14:32:19] [INFO] [Nao_controller.py:1482]: RKneePitch is in End
[2024/11/12 14:32:19] [INFO] [Nao_controller.py:1521]: RAnklePitch is in End
[2024/11/12 14:32:19] [INFO] [Nao_controller.py:1003]: LHipPitch is in End
[2024/11/12 14:32:19] [INFO] [Nao_controller.py:1081]: LKneePitch is in End
[2024/11/12 14:32:19] [INFO] [Nao_controller.py:1120]: LAnklePitch is in End
[2024/11/12 14:32:19] [INFO] [Nao_controller.py:1404]: RHipPitch is in End
[2024/11/12 14:32:19] [INFO] [Nao_controller.py:1482]: RKneePitch is in End
[2024/11/12 14:32:19] [INFO] [Nao_controller.py:1521]: RAnklePitch is in End
[2024/11/12 14:32:19] [INFO] [Nao_controller.py:1003]: LHipPitch is in End
[2024/11/12 14:32:19] [INFO] [Nao_controller.py:1081]: LKneePitch is in End
[2024/11/12 14:32:19] [INFO] [Nao_controller.py:1120]: LAnklePitch is in End
[2024/11/12 14:32:19] [INFO] [Nao_controller.py:1404]: RHipPitch is in End
[2024/11/12 14:32:19] [INFO] [Nao_controller.py:1482]: RKneePitch is in End
[2024/11/12 14:32:19] [INFO] [Nao_controller.py:1521]: RAnklePitch is in End
[2024/11/12 14:32:19] [INFO] [Nao_controller.py:1003]: LHipPitch is in End
[2024/11/12 14:32:19] [INFO] [Nao_controller.py:1081]: LKneePitch is in End
[2024/11/12 14:32:19] [INFO] [Nao_controller.py:1120]: LAnklePitch is in End
[2024/11/12 14:32:19] [INFO] [Nao_controller.py:1404]: RHipPitch is in End
[2024/11/12 14:32:19] [INFO] [Nao_controller.py:1482]: RKneePitch is in End
[2024/11/12 14:32:19] [INFO] [Nao_controller.py:1521]: RAnklePitch is in End
[2024/11/12 14:32:19] [INFO] [Nao_controller.py:1003]: LHipPitch is in End
[2024/11/12 14:32:19] [INFO] [Nao_controller.py:1081]: LKneePitch is in End
[2024/11/12 14:32:19] [INFO] [Nao_controller.py:1120]: LAnklePitch is in End
[2024/11/12 14:32:19] [INFO] [Nao_controller.py:1404]: RHipPitch is in End
[2024/11/12 14:32:19] [INFO] [Nao_controller.py:1482]: RKneePitch is in End
[2024/11/12 14:32:19] [INFO] [Nao_controller.py:1521]: RAnklePitch is in End
[2024/11/12 14:32:19] [INFO] [Nao_controller.py:1003]: LHipPitch is in End
[2024/11/12 14:32:19] [INFO] [Nao_controller.py:1081]: LKneePitch is in End
[2024/11/12 14:32:19] [INFO] [Nao_controller.py:1120]: LAnklePitch is in End
[2024/11/12 14:32:19] [INFO] [Nao_controller.py:1404]: RHipPitch is in End
[2024/11/12 14:32:19] [INFO] [Nao_controller.py:1482]: RKneePitch is in End
[2024/11/12 14:32:19] [INFO] [Nao_controller.py:1521]: RAnklePitch is in End
[2024/11/12 14:32:19] [INFO] [Nao_controller.py:1003]: LHipPitch is in End
[2024/11/12 14:32:19] [INFO] [Nao_controller.py:1081]: LKneePitch is in End
[2024/11/12 14:32:19] [INFO] [Nao_controller.py:1120]: LAnklePitch is in End
[2024/11/12 14:32:19] [INFO] [Nao_controller.py:1404]: RHipPitch is in End
[2024/11/12 14:32:19] [INFO] [Nao_controller.py:1482]: RKneePitch is in End
[2024/11/12 14:32:19] [INFO] [Nao_controller.py:1521]: RAnklePitch is in End
[2024/11/12 14:32:20] [INFO] [Nao_controller.py:1003]: LHipPitch is in End
[2024/11/12 14:32:20] [INFO] [Nao_controller.py:1081]: LKneePitch is in End
[2024/11/12 14:32:20] [INFO] [Nao_controller.py:1120]: LAnklePitch is in End
[2024/11/12 14:32:20] [INFO] [Nao_controller.py:1404]: RHipPitch is in End
[2024/11/12 14:32:20] [INFO] [Nao_controller.py:1482]: RKneePitch is in End
[2024/11/12 14:32:20] [INFO] [Nao_controller.py:1521]: RAnklePitch is in End
[2024/11/12 14:32:20] [INFO] [Nao_controller.py:1003]: LHipPitch is in End
[2024/11/12 14:32:20] [INFO] [Nao_controller.py:1081]: LKneePitch is in End
[2024/11/12 14:32:20] [INFO] [Nao_controller.py:1120]: LAnklePitch is in End
[2024/11/12 14:32:20] [INFO] [Nao_controller.py:1404]: RHipPitch is in End
[2024/11/12 14:32:20] [INFO] [Nao_controller.py:1482]: RKneePitch is in End
[2024/11/12 14:32:20] [INFO] [Nao_controller.py:1521]: RAnklePitch is in End
[2024/11/12 14:32:20] [INFO] [Nao_controller.py:1003]: LHipPitch is in End
[2024/11/12 14:32:20] [INFO] [Nao_controller.py:1081]: LKneePitch is in End
[2024/11/12 14:32:20] [INFO] [Nao_controller.py:1120]: LAnklePitch is in End
[2024/11/12 14:32:20] [INFO] [Nao_controller.py:1404]: RHipPitch is in End
[2024/11/12 14:32:20] [INFO] [Nao_controller.py:1482]: RKneePitch is in End
[2024/11/12 14:32:20] [INFO] [Nao_controller.py:1521]: RAnklePitch is in End
[2024/11/12 14:32:20] [INFO] [Nao_controller.py:1003]: LHipPitch is in End
[2024/11/12 14:32:20] [INFO] [Nao_controller.py:1081]: LKneePitch is in End
[2024/11/12 14:32:20] [INFO] [Nao_controller.py:1120]: LAnklePitch is in End
[2024/11/12 14:32:20] [INFO] [Nao_controller.py:1404]: RHipPitch is in End
[2024/11/12 14:32:20] [INFO] [Nao_controller.py:1482]: RKneePitch is in End
[2024/11/12 14:32:20] [INFO] [Nao_controller.py:1521]: RAnklePitch is in End
[2024/11/12 14:32:20] [INFO] [Nao_controller.py:1003]: LHipPitch is in End
[2024/11/12 14:32:20] [INFO] [Nao_controller.py:1081]: LKneePitch is in End
[2024/11/12 14:32:20] [INFO] [Nao_controller.py:1120]: LAnklePitch is in End
[2024/11/12 14:32:20] [INFO] [Nao_controller.py:1404]: RHipPitch is in End
[2024/11/12 14:32:20] [INFO] [Nao_controller.py:1482]: RKneePitch is in End
[2024/11/12 14:32:20] [INFO] [Nao_controller.py:1521]: RAnklePitch is in End
[2024/11/12 14:32:20] [INFO] [Nao_controller.py:1003]: LHipPitch is in End
[2024/11/12 14:32:20] [INFO] [Nao_controller.py:1081]: LKneePitch is in End
[2024/11/12 14:32:20] [INFO] [Nao_controller.py:1120]: LAnklePitch is in End
[2024/11/12 14:32:20] [INFO] [Nao_controller.py:1404]: RHipPitch is in End
[2024/11/12 14:32:20] [INFO] [Nao_controller.py:1482]: RKneePitch is in End
[2024/11/12 14:32:20] [INFO] [Nao_controller.py:1521]: RAnklePitch is in End
[2024/11/12 14:32:20] [INFO] [Nao_controller.py:1003]: LHipPitch is in End
[2024/11/12 14:32:20] [INFO] [Nao_controller.py:1081]: LKneePitch is in End
[2024/11/12 14:32:20] [INFO] [Nao_controller.py:1120]: LAnklePitch is in End
[2024/11/12 14:32:20] [INFO] [Nao_controller.py:1404]: RHipPitch is in End
[2024/11/12 14:32:20] [INFO] [Nao_controller.py:1482]: RKneePitch is in End
[2024/11/12 14:32:20] [INFO] [Nao_controller.py:1521]: RAnklePitch is in End
[2024/11/12 14:32:20] [INFO] [Nao_controller.py:1003]: LHipPitch is in End
[2024/11/12 14:32:20] [INFO] [Nao_controller.py:1081]: LKneePitch is in End
[2024/11/12 14:32:20] [INFO] [Nao_controller.py:1120]: LAnklePitch is in End
[2024/11/12 14:32:20] [INFO] [Nao_controller.py:1404]: RHipPitch is in End
[2024/11/12 14:32:20] [INFO] [Nao_controller.py:1482]: RKneePitch is in End
[2024/11/12 14:32:20] [INFO] [Nao_controller.py:1521]: RAnklePitch is in End
[2024/11/12 14:32:20] [INFO] [Nao_controller.py:1003]: LHipPitch is in End
[2024/11/12 14:32:20] [INFO] [Nao_controller.py:1081]: LKneePitch is in End
[2024/11/12 14:32:20] [INFO] [Nao_controller.py:1120]: LAnklePitch is in End
[2024/11/12 14:32:20] [INFO] [Nao_controller.py:1404]: RHipPitch is in End
[2024/11/12 14:32:20] [INFO] [Nao_controller.py:1482]: RKneePitch is in End
[2024/11/12 14:32:20] [INFO] [Nao_controller.py:1521]: RAnklePitch is in End
[2024/11/12 14:32:20] [INFO] [Nao_controller.py:1003]: LHipPitch is in End
[2024/11/12 14:32:20] [INFO] [Nao_controller.py:1081]: LKneePitch is in End
[2024/11/12 14:32:20] [INFO] [Nao_controller.py:1120]: LAnklePitch is in End
[2024/11/12 14:32:20] [INFO] [Nao_controller.py:1404]: RHipPitch is in End
[2024/11/12 14:32:20] [INFO] [Nao_controller.py:1482]: RKneePitch is in End
[2024/11/12 14:32:20] [INFO] [Nao_controller.py:1521]: RAnklePitch is in End
[2024/11/12 14:32:20] [INFO] [Nao_controller.py:1003]: LHipPitch is in End
[2024/11/12 14:32:20] [INFO] [Nao_controller.py:1081]: LKneePitch is in End
[2024/11/12 14:32:20] [INFO] [Nao_controller.py:1120]: LAnklePitch is in End
[2024/11/12 14:32:20] [INFO] [Nao_controller.py:1404]: RHipPitch is in End
[2024/11/12 14:32:20] [INFO] [Nao_controller.py:1482]: RKneePitch is in End
[2024/11/12 14:32:20] [INFO] [Nao_controller.py:1521]: RAnklePitch is in End
[2024/11/12 14:32:20] [INFO] [Nao_controller.py:1003]: LHipPitch is in End
[2024/11/12 14:32:20] [INFO] [Nao_controller.py:1081]: LKneePitch is in End
[2024/11/12 14:32:20] [INFO] [Nao_controller.py:1120]: LAnklePitch is in End
[2024/11/12 14:32:20] [INFO] [Nao_controller.py:1404]: RHipPitch is in End
[2024/11/12 14:32:20] [INFO] [Nao_controller.py:1482]: RKneePitch is in End
[2024/11/12 14:32:20] [INFO] [Nao_controller.py:1521]: RAnklePitch is in End
[2024/11/12 14:32:20] [INFO] [Nao_controller.py:1003]: LHipPitch is in End
[2024/11/12 14:32:20] [INFO] [Nao_controller.py:1081]: LKneePitch is in End
[2024/11/12 14:32:20] [INFO] [Nao_controller.py:1120]: LAnklePitch is in End
[2024/11/12 14:32:20] [INFO] [Nao_controller.py:1404]: RHipPitch is in End
[2024/11/12 14:32:20] [INFO] [Nao_controller.py:1482]: RKneePitch is in End
[2024/11/12 14:32:20] [INFO] [Nao_controller.py:1521]: RAnklePitch is in End
[2024/11/12 14:32:20] [INFO] [Nao_controller.py:1003]: LHipPitch is in End
[2024/11/12 14:32:20] [INFO] [Nao_controller.py:1081]: LKneePitch is in End
[2024/11/12 14:32:20] [INFO] [Nao_controller.py:1120]: LAnklePitch is in End
[2024/11/12 14:32:20] [INFO] [Nao_controller.py:1404]: RHipPitch is in End
[2024/11/12 14:32:20] [INFO] [Nao_controller.py:1482]: RKneePitch is in End
[2024/11/12 14:32:20] [INFO] [Nao_controller.py:1521]: RAnklePitch is in End
[2024/11/12 14:32:20] [INFO] [Nao_controller.py:1003]: LHipPitch is in End
[2024/11/12 14:32:20] [INFO] [Nao_controller.py:1081]: LKneePitch is in End
[2024/11/12 14:32:20] [INFO] [Nao_controller.py:1120]: LAnklePitch is in End
[2024/11/12 14:32:20] [INFO] [Nao_controller.py:1404]: RHipPitch is in End
[2024/11/12 14:32:20] [INFO] [Nao_controller.py:1482]: RKneePitch is in End
[2024/11/12 14:32:20] [INFO] [Nao_controller.py:1521]: RAnklePitch is in End
[2024/11/12 14:32:20] [INFO] [Nao_controller.py:1003]: LHipPitch is in End
[2024/11/12 14:32:20] [INFO] [Nao_controller.py:1081]: LKneePitch is in End
[2024/11/12 14:32:20] [INFO] [Nao_controller.py:1120]: LAnklePitch is in End
[2024/11/12 14:32:20] [INFO] [Nao_controller.py:1404]: RHipPitch is in End
[2024/11/12 14:32:20] [INFO] [Nao_controller.py:1482]: RKneePitch is in End
[2024/11/12 14:32:20] [INFO] [Nao_controller.py:1521]: RAnklePitch is in End
[2024/11/12 14:32:20] [INFO] [Nao_controller.py:1003]: LHipPitch is in End
[2024/11/12 14:32:20] [INFO] [Nao_controller.py:1081]: LKneePitch is in End
[2024/11/12 14:32:20] [INFO] [Nao_controller.py:1120]: LAnklePitch is in End
[2024/11/12 14:32:20] [INFO] [Nao_controller.py:1404]: RHipPitch is in End
[2024/11/12 14:32:20] [INFO] [Nao_controller.py:1482]: RKneePitch is in End
[2024/11/12 14:32:20] [INFO] [Nao_controller.py:1521]: RAnklePitch is in End
[2024/11/12 14:32:20] [INFO] [Nao_controller.py:1003]: LHipPitch is in End
[2024/11/12 14:32:20] [INFO] [Nao_controller.py:1081]: LKneePitch is in End
[2024/11/12 14:32:20] [INFO] [Nao_controller.py:1120]: LAnklePitch is in End
[2024/11/12 14:32:20] [INFO] [Nao_controller.py:1404]: RHipPitch is in End
[2024/11/12 14:32:20] [INFO] [Nao_controller.py:1482]: RKneePitch is in End
[2024/11/12 14:32:20] [INFO] [Nao_controller.py:1521]: RAnklePitch is in End
[2024/11/12 14:32:20] [INFO] [Nao_controller.py:1003]: LHipPitch is in End
[2024/11/12 14:32:20] [INFO] [Nao_controller.py:1081]: LKneePitch is in End
[2024/11/12 14:32:20] [INFO] [Nao_controller.py:1120]: LAnklePitch is in End
[2024/11/12 14:32:20] [INFO] [Nao_controller.py:1404]: RHipPitch is in End
[2024/11/12 14:32:20] [INFO] [Nao_controller.py:1482]: RKneePitch is in End
[2024/11/12 14:32:20] [INFO] [Nao_controller.py:1521]: RAnklePitch is in End
[2024/11/12 14:32:20] [INFO] [Nao_controller.py:1003]: LHipPitch is in End
[2024/11/12 14:32:20] [INFO] [Nao_controller.py:1081]: LKneePitch is in End
[2024/11/12 14:32:20] [INFO] [Nao_controller.py:1120]: LAnklePitch is in End
[2024/11/12 14:32:20] [INFO] [Nao_controller.py:1404]: RHipPitch is in End
[2024/11/12 14:32:20] [INFO] [Nao_controller.py:1482]: RKneePitch is in End
[2024/11/12 14:32:20] [INFO] [Nao_controller.py:1521]: RAnklePitch is in End
[2024/11/12 14:32:20] [INFO] [Nao_controller.py:1003]: LHipPitch is in End
[2024/11/12 14:32:20] [INFO] [Nao_controller.py:1081]: LKneePitch is in End
[2024/11/12 14:32:20] [INFO] [Nao_controller.py:1120]: LAnklePitch is in End
[2024/11/12 14:32:20] [INFO] [Nao_controller.py:1404]: RHipPitch is in End
[2024/11/12 14:32:20] [INFO] [Nao_controller.py:1482]: RKneePitch is in End
[2024/11/12 14:32:20] [INFO] [Nao_controller.py:1521]: RAnklePitch is in End
[2024/11/12 14:32:20] [INFO] [Nao_controller.py:1003]: LHipPitch is in End
[2024/11/12 14:32:20] [INFO] [Nao_controller.py:1081]: LKneePitch is in End
[2024/11/12 14:32:20] [INFO] [Nao_controller.py:1120]: LAnklePitch is in End
[2024/11/12 14:32:20] [INFO] [Nao_controller.py:1404]: RHipPitch is in End
[2024/11/12 14:32:20] [INFO] [Nao_controller.py:1482]: RKneePitch is in End
[2024/11/12 14:32:20] [INFO] [Nao_controller.py:1521]: RAnklePitch is in End
[2024/11/12 14:32:20] [INFO] [Nao_controller.py:1003]: LHipPitch is in End
[2024/11/12 14:32:20] [INFO] [Nao_controller.py:1081]: LKneePitch is in End
[2024/11/12 14:32:20] [INFO] [Nao_controller.py:1120]: LAnklePitch is in End
[2024/11/12 14:32:20] [INFO] [Nao_controller.py:1404]: RHipPitch is in End
[2024/11/12 14:32:20] [INFO] [Nao_controller.py:1482]: RKneePitch is in End
[2024/11/12 14:32:20] [INFO] [Nao_controller.py:1521]: RAnklePitch is in End
[2024/11/12 14:32:20] [INFO] [Nao_controller.py:1003]: LHipPitch is in End
[2024/11/12 14:32:20] [INFO] [Nao_controller.py:1081]: LKneePitch is in End
[2024/11/12 14:32:20] [INFO] [Nao_controller.py:1120]: LAnklePitch is in End
[2024/11/12 14:32:20] [INFO] [Nao_controller.py:1404]: RHipPitch is in End
[2024/11/12 14:32:20] [INFO] [Nao_controller.py:1482]: RKneePitch is in End
[2024/11/12 14:32:20] [INFO] [Nao_controller.py:1521]: RAnklePitch is in End
[2024/11/12 14:32:20] [INFO] [Nao_controller.py:1003]: LHipPitch is in End
[2024/11/12 14:32:20] [INFO] [Nao_controller.py:1081]: LKneePitch is in End
[2024/11/12 14:32:20] [INFO] [Nao_controller.py:1120]: LAnklePitch is in End
[2024/11/12 14:32:20] [INFO] [Nao_controller.py:1404]: RHipPitch is in End
[2024/11/12 14:32:20] [INFO] [Nao_controller.py:1482]: RKneePitch is in End
[2024/11/12 14:32:20] [INFO] [Nao_controller.py:1521]: RAnklePitch is in End
[2024/11/12 14:32:20] [INFO] [Nao_controller.py:1003]: LHipPitch is in End
[2024/11/12 14:32:20] [INFO] [Nao_controller.py:1081]: LKneePitch is in End
[2024/11/12 14:32:20] [INFO] [Nao_controller.py:1120]: LAnklePitch is in End
[2024/11/12 14:32:20] [INFO] [Nao_controller.py:1404]: RHipPitch is in End
[2024/11/12 14:32:20] [INFO] [Nao_controller.py:1482]: RKneePitch is in End
[2024/11/12 14:32:20] [INFO] [Nao_controller.py:1521]: RAnklePitch is in End
[2024/11/12 14:32:20] [INFO] [Nao_controller.py:1003]: LHipPitch is in End
[2024/11/12 14:32:20] [INFO] [Nao_controller.py:1081]: LKneePitch is in End
[2024/11/12 14:32:20] [INFO] [Nao_controller.py:1120]: LAnklePitch is in End
[2024/11/12 14:32:20] [INFO] [Nao_controller.py:1404]: RHipPitch is in End
[2024/11/12 14:32:20] [INFO] [Nao_controller.py:1482]: RKneePitch is in End
[2024/11/12 14:32:20] [INFO] [Nao_controller.py:1521]: RAnklePitch is in End
[2024/11/12 14:32:20] [INFO] [Nao_controller.py:1003]: LHipPitch is in End
[2024/11/12 14:32:20] [INFO] [Nao_controller.py:1081]: LKneePitch is in End
[2024/11/12 14:32:20] [INFO] [Nao_controller.py:1120]: LAnklePitch is in End
[2024/11/12 14:32:20] [INFO] [Nao_controller.py:1404]: RHipPitch is in End
[2024/11/12 14:32:20] [INFO] [Nao_controller.py:1482]: RKneePitch is in End
[2024/11/12 14:32:20] [INFO] [Nao_controller.py:1521]: RAnklePitch is in End
[2024/11/12 14:32:20] [INFO] [Nao_controller.py:1003]: LHipPitch is in End
[2024/11/12 14:32:20] [INFO] [Nao_controller.py:1081]: LKneePitch is in End
[2024/11/12 14:32:20] [INFO] [Nao_controller.py:1120]: LAnklePitch is in End
[2024/11/12 14:32:20] [INFO] [Nao_controller.py:1404]: RHipPitch is in End
[2024/11/12 14:32:20] [INFO] [Nao_controller.py:1482]: RKneePitch is in End
[2024/11/12 14:32:20] [INFO] [Nao_controller.py:1521]: RAnklePitch is in End
[2024/11/12 14:32:20] [INFO] [Nao_controller.py:1003]: LHipPitch is in End
[2024/11/12 14:32:20] [INFO] [Nao_controller.py:1081]: LKneePitch is in End
[2024/11/12 14:32:20] [INFO] [Nao_controller.py:1120]: LAnklePitch is in End
[2024/11/12 14:32:20] [INFO] [Nao_controller.py:1404]: RHipPitch is in End
[2024/11/12 14:32:20] [INFO] [Nao_controller.py:1482]: RKneePitch is in End
[2024/11/12 14:32:20] [INFO] [Nao_controller.py:1521]: RAnklePitch is in End
[2024/11/12 14:32:21] [INFO] [Nao_controller.py:1003]: LHipPitch is in End
[2024/11/12 14:32:21] [INFO] [Nao_controller.py:1081]: LKneePitch is in End
[2024/11/12 14:32:21] [INFO] [Nao_controller.py:1120]: LAnklePitch is in End
[2024/11/12 14:32:21] [INFO] [Nao_controller.py:1404]: RHipPitch is in End
[2024/11/12 14:32:21] [INFO] [Nao_controller.py:1482]: RKneePitch is in End
[2024/11/12 14:32:21] [INFO] [Nao_controller.py:1521]: RAnklePitch is in End
[2024/11/12 14:32:21] [INFO] [Nao_controller.py:1003]: LHipPitch is in End
[2024/11/12 14:32:21] [INFO] [Nao_controller.py:1081]: LKneePitch is in End
[2024/11/12 14:32:21] [INFO] [Nao_controller.py:1120]: LAnklePitch is in End
[2024/11/12 14:32:21] [INFO] [Nao_controller.py:1404]: RHipPitch is in End
[2024/11/12 14:32:21] [INFO] [Nao_controller.py:1482]: RKneePitch is in End
[2024/11/12 14:32:21] [INFO] [Nao_controller.py:1521]: RAnklePitch is in End
[2024/11/12 14:32:21] [INFO] [Nao_controller.py:1003]: LHipPitch is in End
[2024/11/12 14:32:21] [INFO] [Nao_controller.py:1081]: LKneePitch is in End
[2024/11/12 14:32:21] [INFO] [Nao_controller.py:1120]: LAnklePitch is in End
[2024/11/12 14:32:21] [INFO] [Nao_controller.py:1404]: RHipPitch is in End
[2024/11/12 14:32:21] [INFO] [Nao_controller.py:1482]: RKneePitch is in End
[2024/11/12 14:32:21] [INFO] [Nao_controller.py:1521]: RAnklePitch is in End
[2024/11/12 14:32:21] [INFO] [Nao_controller.py:1003]: LHipPitch is in End
[2024/11/12 14:32:21] [INFO] [Nao_controller.py:1081]: LKneePitch is in End
[2024/11/12 14:32:21] [INFO] [Nao_controller.py:1120]: LAnklePitch is in End
[2024/11/12 14:32:21] [INFO] [Nao_controller.py:1404]: RHipPitch is in End
[2024/11/12 14:32:21] [INFO] [Nao_controller.py:1482]: RKneePitch is in End
[2024/11/12 14:32:21] [INFO] [Nao_controller.py:1521]: RAnklePitch is in End
[2024/11/12 14:32:21] [INFO] [Nao_controller.py:1003]: LHipPitch is in End
[2024/11/12 14:32:21] [INFO] [Nao_controller.py:1081]: LKneePitch is in End
[2024/11/12 14:32:21] [INFO] [Nao_controller.py:1120]: LAnklePitch is in End
[2024/11/12 14:32:21] [INFO] [Nao_controller.py:1404]: RHipPitch is in End
[2024/11/12 14:32:21] [INFO] [Nao_controller.py:1482]: RKneePitch is in End
[2024/11/12 14:32:21] [INFO] [Nao_controller.py:1521]: RAnklePitch is in End
[2024/11/12 14:32:21] [INFO] [Nao_controller.py:1003]: LHipPitch is in End
[2024/11/12 14:32:21] [INFO] [Nao_controller.py:1081]: LKneePitch is in End
[2024/11/12 14:32:21] [INFO] [Nao_controller.py:1120]: LAnklePitch is in End
[2024/11/12 14:32:21] [INFO] [Nao_controller.py:1404]: RHipPitch is in End
[2024/11/12 14:32:21] [INFO] [Nao_controller.py:1482]: RKneePitch is in End
[2024/11/12 14:32:21] [INFO] [Nao_controller.py:1521]: RAnklePitch is in End
[2024/11/12 14:32:21] [INFO] [Nao_controller.py:1003]: LHipPitch is in End
[2024/11/12 14:32:21] [INFO] [Nao_controller.py:1081]: LKneePitch is in End
[2024/11/12 14:32:21] [INFO] [Nao_controller.py:1120]: LAnklePitch is in End
[2024/11/12 14:32:21] [INFO] [Nao_controller.py:1404]: RHipPitch is in End
[2024/11/12 14:32:21] [INFO] [Nao_controller.py:1482]: RKneePitch is in End
[2024/11/12 14:32:21] [INFO] [Nao_controller.py:1521]: RAnklePitch is in End
[2024/11/12 14:32:21] [INFO] [Nao_controller.py:1003]: LHipPitch is in End
[2024/11/12 14:32:21] [INFO] [Nao_controller.py:1081]: LKneePitch is in End
[2024/11/12 14:32:21] [INFO] [Nao_controller.py:1120]: LAnklePitch is in End
[2024/11/12 14:32:21] [INFO] [Nao_controller.py:1404]: RHipPitch is in End
[2024/11/12 14:32:21] [INFO] [Nao_controller.py:1482]: RKneePitch is in End
[2024/11/12 14:32:21] [INFO] [Nao_controller.py:1521]: RAnklePitch is in End
[2024/11/12 14:32:21] [INFO] [Nao_controller.py:1003]: LHipPitch is in End
[2024/11/12 14:32:21] [INFO] [Nao_controller.py:1081]: LKneePitch is in End
[2024/11/12 14:32:21] [INFO] [Nao_controller.py:1120]: LAnklePitch is in End
[2024/11/12 14:32:21] [INFO] [Nao_controller.py:1404]: RHipPitch is in End
[2024/11/12 14:32:21] [INFO] [Nao_controller.py:1482]: RKneePitch is in End
[2024/11/12 14:32:21] [INFO] [Nao_controller.py:1521]: RAnklePitch is in End
[2024/11/12 14:32:21] [INFO] [Nao_controller.py:1003]: LHipPitch is in End
[2024/11/12 14:32:21] [INFO] [Nao_controller.py:1081]: LKneePitch is in End
[2024/11/12 14:32:21] [INFO] [Nao_controller.py:1120]: LAnklePitch is in End
[2024/11/12 14:32:21] [INFO] [Nao_controller.py:1404]: RHipPitch is in End
[2024/11/12 14:32:21] [INFO] [Nao_controller.py:1482]: RKneePitch is in End
[2024/11/12 14:32:21] [INFO] [Nao_controller.py:1521]: RAnklePitch is in End
[2024/11/12 14:32:21] [INFO] [Nao_controller.py:1003]: LHipPitch is in End
[2024/11/12 14:32:21] [INFO] [Nao_controller.py:1081]: LKneePitch is in End
[2024/11/12 14:32:21] [INFO] [Nao_controller.py:1120]: LAnklePitch is in End
[2024/11/12 14:32:21] [INFO] [Nao_controller.py:1404]: RHipPitch is in End
[2024/11/12 14:32:21] [INFO] [Nao_controller.py:1482]: RKneePitch is in End
[2024/11/12 14:32:21] [INFO] [Nao_controller.py:1521]: RAnklePitch is in End
[2024/11/12 14:32:21] [INFO] [Nao_controller.py:1003]: LHipPitch is in End
[2024/11/12 14:32:21] [INFO] [Nao_controller.py:1081]: LKneePitch is in End
[2024/11/12 14:32:21] [INFO] [Nao_controller.py:1120]: LAnklePitch is in End
[2024/11/12 14:32:21] [INFO] [Nao_controller.py:1404]: RHipPitch is in End
[2024/11/12 14:32:21] [INFO] [Nao_controller.py:1482]: RKneePitch is in End
[2024/11/12 14:32:21] [INFO] [Nao_controller.py:1521]: RAnklePitch is in End
[2024/11/12 14:32:21] [INFO] [Nao_controller.py:1003]: LHipPitch is in End
[2024/11/12 14:32:21] [INFO] [Nao_controller.py:1081]: LKneePitch is in End
[2024/11/12 14:32:21] [INFO] [Nao_controller.py:1120]: LAnklePitch is in End
[2024/11/12 14:32:21] [INFO] [Nao_controller.py:1404]: RHipPitch is in End
[2024/11/12 14:32:21] [INFO] [Nao_controller.py:1482]: RKneePitch is in End
[2024/11/12 14:32:21] [INFO] [Nao_controller.py:1521]: RAnklePitch is in End
[2024/11/12 14:32:21] [INFO] [Nao_controller.py:1003]: LHipPitch is in End
[2024/11/12 14:32:21] [INFO] [Nao_controller.py:1081]: LKneePitch is in End
[2024/11/12 14:32:21] [INFO] [Nao_controller.py:1120]: LAnklePitch is in End
[2024/11/12 14:32:21] [INFO] [Nao_controller.py:1404]: RHipPitch is in End
[2024/11/12 14:32:21] [INFO] [Nao_controller.py:1482]: RKneePitch is in End
[2024/11/12 14:32:21] [INFO] [Nao_controller.py:1521]: RAnklePitch is in End
[2024/11/12 14:32:21] [INFO] [Nao_controller.py:1003]: LHipPitch is in End
[2024/11/12 14:32:21] [INFO] [Nao_controller.py:1081]: LKneePitch is in End
[2024/11/12 14:32:21] [INFO] [Nao_controller.py:1120]: LAnklePitch is in End
[2024/11/12 14:32:21] [INFO] [Nao_controller.py:1404]: RHipPitch is in End
[2024/11/12 14:32:21] [INFO] [Nao_controller.py:1482]: RKneePitch is in End
[2024/11/12 14:32:21] [INFO] [Nao_controller.py:1521]: RAnklePitch is in End
[2024/11/12 14:32:22] [INFO] [Nao_controller.py:1614]: Init NAO_MOTION!
[2024/11/12 14:32:33] [INFO] [Nao_controller.py:1614]: Init NAO_MOTION!
[2024/11/12 14:32:57] [INFO] [Nao_controller.py:1614]: Init NAO_MOTION!
[2024/11/12 14:36:53] [INFO] [Nao_controller.py:1614]: Init NAO_MOTION!
[2024/11/12 14:44:34] [INFO] [Nao_controller.py:1614]: Init NAO_MOTION!
[2024/11/12 14:45:12] [INFO] [Nao_controller.py:1614]: Init NAO_MOTION!
[2024/11/12 14:45:12] [INFO] [Nao_controller.py:977]: LHipPitch is in Initial
[2024/11/12 14:45:12] [INFO] [Nao_controller.py:1055]: LKneePitch is in Initial
[2024/11/12 14:45:12] [INFO] [Nao_controller.py:1094]: LAnklePitch is in Initial
[2024/11/12 14:45:12] [INFO] [Nao_controller.py:1377]: RHipPitch is in Initial
[2024/11/12 14:45:12] [INFO] [Nao_controller.py:1456]: RKneePitch is in Initial
[2024/11/12 14:45:12] [INFO] [Nao_controller.py:1495]: RAnklePitch is in Initial
[2024/11/12 14:45:12] [INFO] [Nao_controller.py:982]: LHipPitch is in Prepare
[2024/11/12 14:45:12] [INFO] [Nao_controller.py:1060]: LKneePitch is in Prepare
[2024/11/12 14:45:12] [INFO] [Nao_controller.py:1099]: LAnklePitch is in Prepare
[2024/11/12 14:45:12] [INFO] [Nao_controller.py:1383]: RHipPitch is in Prepare
[2024/11/12 14:45:12] [INFO] [Nao_controller.py:1461]: RKneePitch is in Prepare
[2024/11/12 14:45:12] [INFO] [Nao_controller.py:1500]: RAnklePitch is in Prepare
[2024/11/12 14:45:12] [INFO] [Nao_controller.py:988]: LHipPitch is in Moving
[2024/11/12 14:45:12] [INFO] [Nao_controller.py:1066]: LKneePitch is in Moving
[2024/11/12 14:45:12] [INFO] [Nao_controller.py:1105]: LAnklePitch is in Moving
[2024/11/12 14:45:12] [INFO] [Nao_controller.py:1389]: RHipPitch is in Moving
[2024/11/12 14:45:12] [INFO] [Nao_controller.py:1467]: RKneePitch is in Moving
[2024/11/12 14:45:12] [INFO] [Nao_controller.py:1506]: RAnklePitch is in Moving
[2024/11/12 14:45:12] [INFO] [Nao_controller.py:997]: LHipPitch is in Finish
[2024/11/12 14:45:12] [INFO] [Nao_controller.py:1075]: LKneePitch is in Finish
[2024/11/12 14:45:12] [INFO] [Nao_controller.py:1114]: LAnklePitch is in Finish
[2024/11/12 14:45:12] [INFO] [Nao_controller.py:1398]: RHipPitch is in Finish
[2024/11/12 14:45:12] [INFO] [Nao_controller.py:1476]: RKneePitch is in Finish
[2024/11/12 14:45:12] [INFO] [Nao_controller.py:1515]: RAnklePitch is in Finish
[2024/11/12 14:45:12] [INFO] [Nao_controller.py:1003]: LHipPitch is in End
[2024/11/12 14:45:12] [INFO] [Nao_controller.py:1081]: LKneePitch is in End
[2024/11/12 14:45:12] [INFO] [Nao_controller.py:1120]: LAnklePitch is in End
[2024/11/12 14:45:12] [INFO] [Nao_controller.py:1404]: RHipPitch is in End
[2024/11/12 14:45:12] [INFO] [Nao_controller.py:1482]: RKneePitch is in End
[2024/11/12 14:45:12] [INFO] [Nao_controller.py:1521]: RAnklePitch is in End
[2024/11/12 14:45:12] [INFO] [Nao_controller.py:1003]: LHipPitch is in End
[2024/11/12 14:45:12] [INFO] [Nao_controller.py:1081]: LKneePitch is in End
[2024/11/12 14:45:12] [INFO] [Nao_controller.py:1120]: LAnklePitch is in End
[2024/11/12 14:45:12] [INFO] [Nao_controller.py:1404]: RHipPitch is in End
[2024/11/12 14:45:12] [INFO] [Nao_controller.py:1482]: RKneePitch is in End
[2024/11/12 14:45:12] [INFO] [Nao_controller.py:1521]: RAnklePitch is in End
[2024/11/12 14:45:12] [INFO] [Nao_controller.py:1003]: LHipPitch is in End
[2024/11/12 14:45:12] [INFO] [Nao_controller.py:1081]: LKneePitch is in End
[2024/11/12 14:45:12] [INFO] [Nao_controller.py:1120]: LAnklePitch is in End
[2024/11/12 14:45:12] [INFO] [Nao_controller.py:1404]: RHipPitch is in End
[2024/11/12 14:45:12] [INFO] [Nao_controller.py:1482]: RKneePitch is in End
[2024/11/12 14:45:12] [INFO] [Nao_controller.py:1521]: RAnklePitch is in End
[2024/11/12 14:45:12] [INFO] [Nao_controller.py:1003]: LHipPitch is in End
[2024/11/12 14:45:12] [INFO] [Nao_controller.py:1081]: LKneePitch is in End
[2024/11/12 14:45:12] [INFO] [Nao_controller.py:1120]: LAnklePitch is in End
[2024/11/12 14:45:12] [INFO] [Nao_controller.py:1404]: RHipPitch is in End
[2024/11/12 14:45:12] [INFO] [Nao_controller.py:1482]: RKneePitch is in End
[2024/11/12 14:45:12] [INFO] [Nao_controller.py:1521]: RAnklePitch is in End
[2024/11/12 14:45:12] [INFO] [Nao_controller.py:1003]: LHipPitch is in End
[2024/11/12 14:45:12] [INFO] [Nao_controller.py:1081]: LKneePitch is in End
[2024/11/12 14:45:12] [INFO] [Nao_controller.py:1120]: LAnklePitch is in End
[2024/11/12 14:45:12] [INFO] [Nao_controller.py:1404]: RHipPitch is in End
[2024/11/12 14:45:12] [INFO] [Nao_controller.py:1482]: RKneePitch is in End
[2024/11/12 14:45:12] [INFO] [Nao_controller.py:1521]: RAnklePitch is in End
[2024/11/12 14:45:12] [INFO] [Nao_controller.py:1003]: LHipPitch is in End
[2024/11/12 14:45:12] [INFO] [Nao_controller.py:1081]: LKneePitch is in End
[2024/11/12 14:45:12] [INFO] [Nao_controller.py:1120]: LAnklePitch is in End
[2024/11/12 14:45:12] [INFO] [Nao_controller.py:1404]: RHipPitch is in End
[2024/11/12 14:45:12] [INFO] [Nao_controller.py:1482]: RKneePitch is in End
[2024/11/12 14:45:12] [INFO] [Nao_controller.py:1521]: RAnklePitch is in End
[2024/11/12 14:45:12] [INFO] [Nao_controller.py:1003]: LHipPitch is in End
[2024/11/12 14:45:12] [INFO] [Nao_controller.py:1081]: LKneePitch is in End
[2024/11/12 14:45:12] [INFO] [Nao_controller.py:1120]: LAnklePitch is in End
[2024/11/12 14:45:12] [INFO] [Nao_controller.py:1404]: RHipPitch is in End
[2024/11/12 14:45:12] [INFO] [Nao_controller.py:1482]: RKneePitch is in End
[2024/11/12 14:45:12] [INFO] [Nao_controller.py:1521]: RAnklePitch is in End
[2024/11/12 14:45:12] [INFO] [Nao_controller.py:1003]: LHipPitch is in End
[2024/11/12 14:45:12] [INFO] [Nao_controller.py:1081]: LKneePitch is in End
[2024/11/12 14:45:12] [INFO] [Nao_controller.py:1120]: LAnklePitch is in End
[2024/11/12 14:45:12] [INFO] [Nao_controller.py:1404]: RHipPitch is in End
[2024/11/12 14:45:12] [INFO] [Nao_controller.py:1482]: RKneePitch is in End
[2024/11/12 14:45:12] [INFO] [Nao_controller.py:1521]: RAnklePitch is in End
[2024/11/12 14:45:12] [INFO] [Nao_controller.py:1003]: LHipPitch is in End
[2024/11/12 14:45:12] [INFO] [Nao_controller.py:1081]: LKneePitch is in End
[2024/11/12 14:45:12] [INFO] [Nao_controller.py:1120]: LAnklePitch is in End
[2024/11/12 14:45:12] [INFO] [Nao_controller.py:1404]: RHipPitch is in End
[2024/11/12 14:45:12] [INFO] [Nao_controller.py:1482]: RKneePitch is in End
[2024/11/12 14:45:12] [INFO] [Nao_controller.py:1521]: RAnklePitch is in End
[2024/11/12 14:45:12] [INFO] [Nao_controller.py:1003]: LHipPitch is in End
[2024/11/12 14:45:12] [INFO] [Nao_controller.py:1081]: LKneePitch is in End
[2024/11/12 14:45:12] [INFO] [Nao_controller.py:1120]: LAnklePitch is in End
[2024/11/12 14:45:12] [INFO] [Nao_controller.py:1404]: RHipPitch is in End
[2024/11/12 14:45:12] [INFO] [Nao_controller.py:1482]: RKneePitch is in End
[2024/11/12 14:45:12] [INFO] [Nao_controller.py:1521]: RAnklePitch is in End
[2024/11/12 14:45:12] [INFO] [Nao_controller.py:1003]: LHipPitch is in End
[2024/11/12 14:45:12] [INFO] [Nao_controller.py:1081]: LKneePitch is in End
[2024/11/12 14:45:12] [INFO] [Nao_controller.py:1120]: LAnklePitch is in End
[2024/11/12 14:45:12] [INFO] [Nao_controller.py:1404]: RHipPitch is in End
[2024/11/12 14:45:12] [INFO] [Nao_controller.py:1482]: RKneePitch is in End
[2024/11/12 14:45:12] [INFO] [Nao_controller.py:1521]: RAnklePitch is in End
[2024/11/12 14:45:12] [INFO] [Nao_controller.py:1003]: LHipPitch is in End
[2024/11/12 14:45:12] [INFO] [Nao_controller.py:1081]: LKneePitch is in End
[2024/11/12 14:45:12] [INFO] [Nao_controller.py:1120]: LAnklePitch is in End
[2024/11/12 14:45:12] [INFO] [Nao_controller.py:1404]: RHipPitch is in End
[2024/11/12 14:45:12] [INFO] [Nao_controller.py:1482]: RKneePitch is in End
[2024/11/12 14:45:12] [INFO] [Nao_controller.py:1521]: RAnklePitch is in End
[2024/11/12 14:45:12] [INFO] [Nao_controller.py:1003]: LHipPitch is in End
[2024/11/12 14:45:12] [INFO] [Nao_controller.py:1081]: LKneePitch is in End
[2024/11/12 14:45:12] [INFO] [Nao_controller.py:1120]: LAnklePitch is in End
[2024/11/12 14:45:12] [INFO] [Nao_controller.py:1404]: RHipPitch is in End
[2024/11/12 14:45:12] [INFO] [Nao_controller.py:1482]: RKneePitch is in End
[2024/11/12 14:45:12] [INFO] [Nao_controller.py:1521]: RAnklePitch is in End
[2024/11/12 14:45:12] [INFO] [Nao_controller.py:1003]: LHipPitch is in End
[2024/11/12 14:45:12] [INFO] [Nao_controller.py:1081]: LKneePitch is in End
[2024/11/12 14:45:12] [INFO] [Nao_controller.py:1120]: LAnklePitch is in End
[2024/11/12 14:45:12] [INFO] [Nao_controller.py:1404]: RHipPitch is in End
[2024/11/12 14:45:12] [INFO] [Nao_controller.py:1482]: RKneePitch is in End
[2024/11/12 14:45:12] [INFO] [Nao_controller.py:1521]: RAnklePitch is in End
[2024/11/12 14:45:12] [INFO] [Nao_controller.py:1003]: LHipPitch is in End
[2024/11/12 14:45:12] [INFO] [Nao_controller.py:1081]: LKneePitch is in End
[2024/11/12 14:45:12] [INFO] [Nao_controller.py:1120]: LAnklePitch is in End
[2024/11/12 14:45:12] [INFO] [Nao_controller.py:1404]: RHipPitch is in End
[2024/11/12 14:45:12] [INFO] [Nao_controller.py:1482]: RKneePitch is in End
[2024/11/12 14:45:12] [INFO] [Nao_controller.py:1521]: RAnklePitch is in End
[2024/11/12 14:45:12] [INFO] [Nao_controller.py:1003]: LHipPitch is in End
[2024/11/12 14:45:12] [INFO] [Nao_controller.py:1081]: LKneePitch is in End
[2024/11/12 14:45:12] [INFO] [Nao_controller.py:1120]: LAnklePitch is in End
[2024/11/12 14:45:12] [INFO] [Nao_controller.py:1404]: RHipPitch is in End
[2024/11/12 14:45:12] [INFO] [Nao_controller.py:1482]: RKneePitch is in End
[2024/11/12 14:45:12] [INFO] [Nao_controller.py:1521]: RAnklePitch is in End
[2024/11/12 14:45:13] [INFO] [Nao_controller.py:1003]: LHipPitch is in End
[2024/11/12 14:45:13] [INFO] [Nao_controller.py:1081]: LKneePitch is in End
[2024/11/12 14:45:13] [INFO] [Nao_controller.py:1120]: LAnklePitch is in End
[2024/11/12 14:45:13] [INFO] [Nao_controller.py:1404]: RHipPitch is in End
[2024/11/12 14:45:13] [INFO] [Nao_controller.py:1482]: RKneePitch is in End
[2024/11/12 14:45:13] [INFO] [Nao_controller.py:1521]: RAnklePitch is in End
[2024/11/12 14:45:13] [INFO] [Nao_controller.py:1003]: LHipPitch is in End
[2024/11/12 14:45:13] [INFO] [Nao_controller.py:1081]: LKneePitch is in End
[2024/11/12 14:45:13] [INFO] [Nao_controller.py:1120]: LAnklePitch is in End
[2024/11/12 14:45:13] [INFO] [Nao_controller.py:1404]: RHipPitch is in End
[2024/11/12 14:45:13] [INFO] [Nao_controller.py:1482]: RKneePitch is in End
[2024/11/12 14:45:13] [INFO] [Nao_controller.py:1521]: RAnklePitch is in End
[2024/11/12 14:45:13] [INFO] [Nao_controller.py:1003]: LHipPitch is in End
[2024/11/12 14:45:13] [INFO] [Nao_controller.py:1081]: LKneePitch is in End
[2024/11/12 14:45:13] [INFO] [Nao_controller.py:1120]: LAnklePitch is in End
[2024/11/12 14:45:13] [INFO] [Nao_controller.py:1404]: RHipPitch is in End
[2024/11/12 14:45:13] [INFO] [Nao_controller.py:1482]: RKneePitch is in End
[2024/11/12 14:45:13] [INFO] [Nao_controller.py:1521]: RAnklePitch is in End
[2024/11/12 14:45:13] [INFO] [Nao_controller.py:1003]: LHipPitch is in End
[2024/11/12 14:45:13] [INFO] [Nao_controller.py:1081]: LKneePitch is in End
[2024/11/12 14:45:13] [INFO] [Nao_controller.py:1120]: LAnklePitch is in End
[2024/11/12 14:45:13] [INFO] [Nao_controller.py:1404]: RHipPitch is in End
[2024/11/12 14:45:13] [INFO] [Nao_controller.py:1482]: RKneePitch is in End
[2024/11/12 14:45:13] [INFO] [Nao_controller.py:1521]: RAnklePitch is in End
[2024/11/12 14:45:13] [INFO] [Nao_controller.py:1003]: LHipPitch is in End
[2024/11/12 14:45:13] [INFO] [Nao_controller.py:1081]: LKneePitch is in End
[2024/11/12 14:45:13] [INFO] [Nao_controller.py:1120]: LAnklePitch is in End
[2024/11/12 14:45:13] [INFO] [Nao_controller.py:1404]: RHipPitch is in End
[2024/11/12 14:45:13] [INFO] [Nao_controller.py:1482]: RKneePitch is in End
[2024/11/12 14:45:13] [INFO] [Nao_controller.py:1521]: RAnklePitch is in End
[2024/11/12 14:45:13] [INFO] [Nao_controller.py:1003]: LHipPitch is in End
[2024/11/12 14:45:13] [INFO] [Nao_controller.py:1081]: LKneePitch is in End
[2024/11/12 14:45:13] [INFO] [Nao_controller.py:1120]: LAnklePitch is in End
[2024/11/12 14:45:13] [INFO] [Nao_controller.py:1404]: RHipPitch is in End
[2024/11/12 14:45:13] [INFO] [Nao_controller.py:1482]: RKneePitch is in End
[2024/11/12 14:45:13] [INFO] [Nao_controller.py:1521]: RAnklePitch is in End
[2024/11/12 14:45:13] [INFO] [Nao_controller.py:1003]: LHipPitch is in End
[2024/11/12 14:45:13] [INFO] [Nao_controller.py:1081]: LKneePitch is in End
[2024/11/12 14:45:13] [INFO] [Nao_controller.py:1120]: LAnklePitch is in End
[2024/11/12 14:45:13] [INFO] [Nao_controller.py:1404]: RHipPitch is in End
[2024/11/12 14:45:13] [INFO] [Nao_controller.py:1482]: RKneePitch is in End
[2024/11/12 14:45:13] [INFO] [Nao_controller.py:1521]: RAnklePitch is in End
[2024/11/12 14:45:13] [INFO] [Nao_controller.py:1003]: LHipPitch is in End
[2024/11/12 14:45:13] [INFO] [Nao_controller.py:1081]: LKneePitch is in End
[2024/11/12 14:45:13] [INFO] [Nao_controller.py:1120]: LAnklePitch is in End
[2024/11/12 14:45:13] [INFO] [Nao_controller.py:1404]: RHipPitch is in End
[2024/11/12 14:45:13] [INFO] [Nao_controller.py:1482]: RKneePitch is in End
[2024/11/12 14:45:13] [INFO] [Nao_controller.py:1521]: RAnklePitch is in End
[2024/11/12 14:45:13] [INFO] [Nao_controller.py:1003]: LHipPitch is in End
[2024/11/12 14:45:13] [INFO] [Nao_controller.py:1081]: LKneePitch is in End
[2024/11/12 14:45:13] [INFO] [Nao_controller.py:1120]: LAnklePitch is in End
[2024/11/12 14:45:13] [INFO] [Nao_controller.py:1404]: RHipPitch is in End
[2024/11/12 14:45:13] [INFO] [Nao_controller.py:1482]: RKneePitch is in End
[2024/11/12 14:45:13] [INFO] [Nao_controller.py:1521]: RAnklePitch is in End
[2024/11/12 14:45:13] [INFO] [Nao_controller.py:1003]: LHipPitch is in End
[2024/11/12 14:45:13] [INFO] [Nao_controller.py:1081]: LKneePitch is in End
[2024/11/12 14:45:13] [INFO] [Nao_controller.py:1120]: LAnklePitch is in End
[2024/11/12 14:45:13] [INFO] [Nao_controller.py:1404]: RHipPitch is in End
[2024/11/12 14:45:13] [INFO] [Nao_controller.py:1482]: RKneePitch is in End
[2024/11/12 14:45:13] [INFO] [Nao_controller.py:1521]: RAnklePitch is in End
[2024/11/12 14:45:13] [INFO] [Nao_controller.py:1003]: LHipPitch is in End
[2024/11/12 14:45:13] [INFO] [Nao_controller.py:1081]: LKneePitch is in End
[2024/11/12 14:45:13] [INFO] [Nao_controller.py:1120]: LAnklePitch is in End
[2024/11/12 14:45:13] [INFO] [Nao_controller.py:1404]: RHipPitch is in End
[2024/11/12 14:45:13] [INFO] [Nao_controller.py:1482]: RKneePitch is in End
[2024/11/12 14:45:13] [INFO] [Nao_controller.py:1521]: RAnklePitch is in End
[2024/11/12 14:45:13] [INFO] [Nao_controller.py:1003]: LHipPitch is in End
[2024/11/12 14:45:13] [INFO] [Nao_controller.py:1081]: LKneePitch is in End
[2024/11/12 14:45:13] [INFO] [Nao_controller.py:1120]: LAnklePitch is in End
[2024/11/12 14:45:13] [INFO] [Nao_controller.py:1404]: RHipPitch is in End
[2024/11/12 14:45:13] [INFO] [Nao_controller.py:1482]: RKneePitch is in End
[2024/11/12 14:45:13] [INFO] [Nao_controller.py:1521]: RAnklePitch is in End
[2024/11/12 14:45:13] [INFO] [Nao_controller.py:1003]: LHipPitch is in End
[2024/11/12 14:45:13] [INFO] [Nao_controller.py:1081]: LKneePitch is in End
[2024/11/12 14:45:13] [INFO] [Nao_controller.py:1120]: LAnklePitch is in End
[2024/11/12 14:45:13] [INFO] [Nao_controller.py:1404]: RHipPitch is in End
[2024/11/12 14:45:13] [INFO] [Nao_controller.py:1482]: RKneePitch is in End
[2024/11/12 14:45:13] [INFO] [Nao_controller.py:1521]: RAnklePitch is in End
[2024/11/12 14:45:13] [INFO] [Nao_controller.py:1003]: LHipPitch is in End
[2024/11/12 14:45:13] [INFO] [Nao_controller.py:1081]: LKneePitch is in End
[2024/11/12 14:45:13] [INFO] [Nao_controller.py:1120]: LAnklePitch is in End
[2024/11/12 14:45:13] [INFO] [Nao_controller.py:1404]: RHipPitch is in End
[2024/11/12 14:45:13] [INFO] [Nao_controller.py:1482]: RKneePitch is in End
[2024/11/12 14:45:13] [INFO] [Nao_controller.py:1521]: RAnklePitch is in End
[2024/11/12 14:45:13] [INFO] [Nao_controller.py:1003]: LHipPitch is in End
[2024/11/12 14:45:13] [INFO] [Nao_controller.py:1081]: LKneePitch is in End
[2024/11/12 14:45:13] [INFO] [Nao_controller.py:1120]: LAnklePitch is in End
[2024/11/12 14:45:13] [INFO] [Nao_controller.py:1404]: RHipPitch is in End
[2024/11/12 14:45:13] [INFO] [Nao_controller.py:1482]: RKneePitch is in End
[2024/11/12 14:45:13] [INFO] [Nao_controller.py:1521]: RAnklePitch is in End
[2024/11/12 14:45:13] [INFO] [Nao_controller.py:1003]: LHipPitch is in End
[2024/11/12 14:45:13] [INFO] [Nao_controller.py:1081]: LKneePitch is in End
[2024/11/12 14:45:13] [INFO] [Nao_controller.py:1120]: LAnklePitch is in End
[2024/11/12 14:45:13] [INFO] [Nao_controller.py:1404]: RHipPitch is in End
[2024/11/12 14:45:13] [INFO] [Nao_controller.py:1482]: RKneePitch is in End
[2024/11/12 14:45:13] [INFO] [Nao_controller.py:1521]: RAnklePitch is in End
[2024/11/12 14:45:13] [INFO] [Nao_controller.py:1003]: LHipPitch is in End
[2024/11/12 14:45:13] [INFO] [Nao_controller.py:1081]: LKneePitch is in End
[2024/11/12 14:45:13] [INFO] [Nao_controller.py:1120]: LAnklePitch is in End
[2024/11/12 14:45:13] [INFO] [Nao_controller.py:1404]: RHipPitch is in End
[2024/11/12 14:45:13] [INFO] [Nao_controller.py:1482]: RKneePitch is in End
[2024/11/12 14:45:13] [INFO] [Nao_controller.py:1521]: RAnklePitch is in End
[2024/11/12 14:45:13] [INFO] [Nao_controller.py:1003]: LHipPitch is in End
[2024/11/12 14:45:13] [INFO] [Nao_controller.py:1081]: LKneePitch is in End
[2024/11/12 14:45:13] [INFO] [Nao_controller.py:1120]: LAnklePitch is in End
[2024/11/12 14:45:13] [INFO] [Nao_controller.py:1404]: RHipPitch is in End
[2024/11/12 14:45:13] [INFO] [Nao_controller.py:1482]: RKneePitch is in End
[2024/11/12 14:45:13] [INFO] [Nao_controller.py:1521]: RAnklePitch is in End
[2024/11/12 14:45:13] [INFO] [Nao_controller.py:1003]: LHipPitch is in End
[2024/11/12 14:45:13] [INFO] [Nao_controller.py:1081]: LKneePitch is in End
[2024/11/12 14:45:13] [INFO] [Nao_controller.py:1120]: LAnklePitch is in End
[2024/11/12 14:45:13] [INFO] [Nao_controller.py:1404]: RHipPitch is in End
[2024/11/12 14:45:13] [INFO] [Nao_controller.py:1482]: RKneePitch is in End
[2024/11/12 14:45:13] [INFO] [Nao_controller.py:1521]: RAnklePitch is in End
[2024/11/12 14:45:13] [INFO] [Nao_controller.py:1003]: LHipPitch is in End
[2024/11/12 14:45:13] [INFO] [Nao_controller.py:1081]: LKneePitch is in End
[2024/11/12 14:45:13] [INFO] [Nao_controller.py:1120]: LAnklePitch is in End
[2024/11/12 14:45:13] [INFO] [Nao_controller.py:1404]: RHipPitch is in End
[2024/11/12 14:45:13] [INFO] [Nao_controller.py:1482]: RKneePitch is in End
[2024/11/12 14:45:13] [INFO] [Nao_controller.py:1521]: RAnklePitch is in End
[2024/11/12 14:45:13] [INFO] [Nao_controller.py:1003]: LHipPitch is in End
[2024/11/12 14:45:13] [INFO] [Nao_controller.py:1081]: LKneePitch is in End
[2024/11/12 14:45:13] [INFO] [Nao_controller.py:1120]: LAnklePitch is in End
[2024/11/12 14:45:13] [INFO] [Nao_controller.py:1404]: RHipPitch is in End
[2024/11/12 14:45:13] [INFO] [Nao_controller.py:1482]: RKneePitch is in End
[2024/11/12 14:45:13] [INFO] [Nao_controller.py:1521]: RAnklePitch is in End
[2024/11/12 14:45:13] [INFO] [Nao_controller.py:1003]: LHipPitch is in End
[2024/11/12 14:45:13] [INFO] [Nao_controller.py:1081]: LKneePitch is in End
[2024/11/12 14:45:13] [INFO] [Nao_controller.py:1120]: LAnklePitch is in End
[2024/11/12 14:45:13] [INFO] [Nao_controller.py:1404]: RHipPitch is in End
[2024/11/12 14:45:13] [INFO] [Nao_controller.py:1482]: RKneePitch is in End
[2024/11/12 14:45:13] [INFO] [Nao_controller.py:1521]: RAnklePitch is in End
[2024/11/12 14:45:13] [INFO] [Nao_controller.py:1003]: LHipPitch is in End
[2024/11/12 14:45:13] [INFO] [Nao_controller.py:1081]: LKneePitch is in End
[2024/11/12 14:45:13] [INFO] [Nao_controller.py:1120]: LAnklePitch is in End
[2024/11/12 14:45:13] [INFO] [Nao_controller.py:1404]: RHipPitch is in End
[2024/11/12 14:45:13] [INFO] [Nao_controller.py:1482]: RKneePitch is in End
[2024/11/12 14:45:13] [INFO] [Nao_controller.py:1521]: RAnklePitch is in End
[2024/11/12 14:45:13] [INFO] [Nao_controller.py:1003]: LHipPitch is in End
[2024/11/12 14:45:13] [INFO] [Nao_controller.py:1081]: LKneePitch is in End
[2024/11/12 14:45:13] [INFO] [Nao_controller.py:1120]: LAnklePitch is in End
[2024/11/12 14:45:13] [INFO] [Nao_controller.py:1404]: RHipPitch is in End
[2024/11/12 14:45:13] [INFO] [Nao_controller.py:1482]: RKneePitch is in End
[2024/11/12 14:45:13] [INFO] [Nao_controller.py:1521]: RAnklePitch is in End
[2024/11/12 14:45:13] [INFO] [Nao_controller.py:1003]: LHipPitch is in End
[2024/11/12 14:45:13] [INFO] [Nao_controller.py:1081]: LKneePitch is in End
[2024/11/12 14:45:13] [INFO] [Nao_controller.py:1120]: LAnklePitch is in End
[2024/11/12 14:45:13] [INFO] [Nao_controller.py:1404]: RHipPitch is in End
[2024/11/12 14:45:13] [INFO] [Nao_controller.py:1482]: RKneePitch is in End
[2024/11/12 14:45:13] [INFO] [Nao_controller.py:1521]: RAnklePitch is in End
[2024/11/12 14:45:13] [INFO] [Nao_controller.py:1003]: LHipPitch is in End
[2024/11/12 14:45:13] [INFO] [Nao_controller.py:1081]: LKneePitch is in End
[2024/11/12 14:45:13] [INFO] [Nao_controller.py:1120]: LAnklePitch is in End
[2024/11/12 14:45:13] [INFO] [Nao_controller.py:1404]: RHipPitch is in End
[2024/11/12 14:45:13] [INFO] [Nao_controller.py:1482]: RKneePitch is in End
[2024/11/12 14:45:13] [INFO] [Nao_controller.py:1521]: RAnklePitch is in End
[2024/11/12 14:45:13] [INFO] [Nao_controller.py:1003]: LHipPitch is in End
[2024/11/12 14:45:13] [INFO] [Nao_controller.py:1081]: LKneePitch is in End
[2024/11/12 14:45:13] [INFO] [Nao_controller.py:1120]: LAnklePitch is in End
[2024/11/12 14:45:13] [INFO] [Nao_controller.py:1404]: RHipPitch is in End
[2024/11/12 14:45:13] [INFO] [Nao_controller.py:1482]: RKneePitch is in End
[2024/11/12 14:45:13] [INFO] [Nao_controller.py:1521]: RAnklePitch is in End
[2024/11/12 14:45:13] [INFO] [Nao_controller.py:1003]: LHipPitch is in End
[2024/11/12 14:45:13] [INFO] [Nao_controller.py:1081]: LKneePitch is in End
[2024/11/12 14:45:13] [INFO] [Nao_controller.py:1120]: LAnklePitch is in End
[2024/11/12 14:45:13] [INFO] [Nao_controller.py:1404]: RHipPitch is in End
[2024/11/12 14:45:13] [INFO] [Nao_controller.py:1482]: RKneePitch is in End
[2024/11/12 14:45:13] [INFO] [Nao_controller.py:1521]: RAnklePitch is in End
[2024/11/12 14:45:13] [INFO] [Nao_controller.py:1003]: LHipPitch is in End
[2024/11/12 14:45:13] [INFO] [Nao_controller.py:1081]: LKneePitch is in End
[2024/11/12 14:45:13] [INFO] [Nao_controller.py:1120]: LAnklePitch is in End
[2024/11/12 14:45:13] [INFO] [Nao_controller.py:1404]: RHipPitch is in End
[2024/11/12 14:45:13] [INFO] [Nao_controller.py:1482]: RKneePitch is in End
[2024/11/12 14:45:13] [INFO] [Nao_controller.py:1521]: RAnklePitch is in End
[2024/11/12 14:45:13] [INFO] [Nao_controller.py:1003]: LHipPitch is in End
[2024/11/12 14:45:13] [INFO] [Nao_controller.py:1081]: LKneePitch is in End
[2024/11/12 14:45:13] [INFO] [Nao_controller.py:1120]: LAnklePitch is in End
[2024/11/12 14:45:13] [INFO] [Nao_controller.py:1404]: RHipPitch is in End
[2024/11/12 14:45:13] [INFO] [Nao_controller.py:1482]: RKneePitch is in End
[2024/11/12 14:45:13] [INFO] [Nao_controller.py:1521]: RAnklePitch is in End
[2024/11/12 14:45:13] [INFO] [Nao_controller.py:1003]: LHipPitch is in End
[2024/11/12 14:45:13] [INFO] [Nao_controller.py:1081]: LKneePitch is in End
[2024/11/12 14:45:13] [INFO] [Nao_controller.py:1120]: LAnklePitch is in End
[2024/11/12 14:45:13] [INFO] [Nao_controller.py:1404]: RHipPitch is in End
[2024/11/12 14:45:13] [INFO] [Nao_controller.py:1482]: RKneePitch is in End
[2024/11/12 14:45:13] [INFO] [Nao_controller.py:1521]: RAnklePitch is in End
[2024/11/12 14:45:14] [INFO] [Nao_controller.py:1003]: LHipPitch is in End
[2024/11/12 14:45:14] [INFO] [Nao_controller.py:1081]: LKneePitch is in End
[2024/11/12 14:45:14] [INFO] [Nao_controller.py:1120]: LAnklePitch is in End
[2024/11/12 14:45:14] [INFO] [Nao_controller.py:1404]: RHipPitch is in End
[2024/11/12 14:45:14] [INFO] [Nao_controller.py:1482]: RKneePitch is in End
[2024/11/12 14:45:14] [INFO] [Nao_controller.py:1521]: RAnklePitch is in End
[2024/11/12 14:45:14] [INFO] [Nao_controller.py:1003]: LHipPitch is in End
[2024/11/12 14:45:14] [INFO] [Nao_controller.py:1081]: LKneePitch is in End
[2024/11/12 14:45:14] [INFO] [Nao_controller.py:1120]: LAnklePitch is in End
[2024/11/12 14:45:14] [INFO] [Nao_controller.py:1404]: RHipPitch is in End
[2024/11/12 14:45:14] [INFO] [Nao_controller.py:1482]: RKneePitch is in End
[2024/11/12 14:45:14] [INFO] [Nao_controller.py:1521]: RAnklePitch is in End
[2024/11/12 14:45:14] [INFO] [Nao_controller.py:1003]: LHipPitch is in End
[2024/11/12 14:45:14] [INFO] [Nao_controller.py:1081]: LKneePitch is in End
[2024/11/12 14:45:14] [INFO] [Nao_controller.py:1120]: LAnklePitch is in End
[2024/11/12 14:45:14] [INFO] [Nao_controller.py:1404]: RHipPitch is in End
[2024/11/12 14:45:14] [INFO] [Nao_controller.py:1482]: RKneePitch is in End
[2024/11/12 14:45:14] [INFO] [Nao_controller.py:1521]: RAnklePitch is in End
[2024/11/12 14:45:14] [INFO] [Nao_controller.py:1003]: LHipPitch is in End
[2024/11/12 14:45:14] [INFO] [Nao_controller.py:1081]: LKneePitch is in End
[2024/11/12 14:45:14] [INFO] [Nao_controller.py:1120]: LAnklePitch is in End
[2024/11/12 14:45:14] [INFO] [Nao_controller.py:1404]: RHipPitch is in End
[2024/11/12 14:45:14] [INFO] [Nao_controller.py:1482]: RKneePitch is in End
[2024/11/12 14:45:14] [INFO] [Nao_controller.py:1521]: RAnklePitch is in End
[2024/11/12 14:45:14] [INFO] [Nao_controller.py:1003]: LHipPitch is in End
[2024/11/12 14:45:14] [INFO] [Nao_controller.py:1081]: LKneePitch is in End
[2024/11/12 14:45:14] [INFO] [Nao_controller.py:1120]: LAnklePitch is in End
[2024/11/12 14:45:14] [INFO] [Nao_controller.py:1404]: RHipPitch is in End
[2024/11/12 14:45:14] [INFO] [Nao_controller.py:1482]: RKneePitch is in End
[2024/11/12 14:45:14] [INFO] [Nao_controller.py:1521]: RAnklePitch is in End
[2024/11/12 14:45:14] [INFO] [Nao_controller.py:1003]: LHipPitch is in End
[2024/11/12 14:45:14] [INFO] [Nao_controller.py:1081]: LKneePitch is in End
[2024/11/12 14:45:14] [INFO] [Nao_controller.py:1120]: LAnklePitch is in End
[2024/11/12 14:45:14] [INFO] [Nao_controller.py:1404]: RHipPitch is in End
[2024/11/12 14:45:14] [INFO] [Nao_controller.py:1482]: RKneePitch is in End
[2024/11/12 14:45:14] [INFO] [Nao_controller.py:1521]: RAnklePitch is in End
[2024/11/12 14:45:14] [INFO] [Nao_controller.py:1003]: LHipPitch is in End
[2024/11/12 14:45:14] [INFO] [Nao_controller.py:1081]: LKneePitch is in End
[2024/11/12 14:45:14] [INFO] [Nao_controller.py:1120]: LAnklePitch is in End
[2024/11/12 14:45:14] [INFO] [Nao_controller.py:1404]: RHipPitch is in End
[2024/11/12 14:45:14] [INFO] [Nao_controller.py:1482]: RKneePitch is in End
[2024/11/12 14:45:14] [INFO] [Nao_controller.py:1521]: RAnklePitch is in End
[2024/11/12 14:45:14] [INFO] [Nao_controller.py:1003]: LHipPitch is in End
[2024/11/12 14:45:14] [INFO] [Nao_controller.py:1081]: LKneePitch is in End
[2024/11/12 14:45:14] [INFO] [Nao_controller.py:1120]: LAnklePitch is in End
[2024/11/12 14:45:14] [INFO] [Nao_controller.py:1404]: RHipPitch is in End
[2024/11/12 14:45:14] [INFO] [Nao_controller.py:1482]: RKneePitch is in End
[2024/11/12 14:45:14] [INFO] [Nao_controller.py:1521]: RAnklePitch is in End
[2024/11/12 14:45:14] [INFO] [Nao_controller.py:1003]: LHipPitch is in End
[2024/11/12 14:45:14] [INFO] [Nao_controller.py:1081]: LKneePitch is in End
[2024/11/12 14:45:14] [INFO] [Nao_controller.py:1120]: LAnklePitch is in End
[2024/11/12 14:45:14] [INFO] [Nao_controller.py:1404]: RHipPitch is in End
[2024/11/12 14:45:14] [INFO] [Nao_controller.py:1482]: RKneePitch is in End
[2024/11/12 14:45:14] [INFO] [Nao_controller.py:1521]: RAnklePitch is in End
[2024/11/12 14:45:14] [INFO] [Nao_controller.py:1003]: LHipPitch is in End
[2024/11/12 14:45:14] [INFO] [Nao_controller.py:1081]: LKneePitch is in End
[2024/11/12 14:45:14] [INFO] [Nao_controller.py:1120]: LAnklePitch is in End
[2024/11/12 14:45:14] [INFO] [Nao_controller.py:1404]: RHipPitch is in End
[2024/11/12 14:45:14] [INFO] [Nao_controller.py:1482]: RKneePitch is in End
[2024/11/12 14:45:14] [INFO] [Nao_controller.py:1521]: RAnklePitch is in End
[2024/11/12 14:45:14] [INFO] [Nao_controller.py:1003]: LHipPitch is in End
[2024/11/12 14:45:14] [INFO] [Nao_controller.py:1081]: LKneePitch is in End
[2024/11/12 14:45:14] [INFO] [Nao_controller.py:1120]: LAnklePitch is in End
[2024/11/12 14:45:14] [INFO] [Nao_controller.py:1404]: RHipPitch is in End
[2024/11/12 14:45:14] [INFO] [Nao_controller.py:1482]: RKneePitch is in End
[2024/11/12 14:45:14] [INFO] [Nao_controller.py:1521]: RAnklePitch is in End
[2024/11/12 14:45:14] [INFO] [Nao_controller.py:1003]: LHipPitch is in End
[2024/11/12 14:45:14] [INFO] [Nao_controller.py:1081]: LKneePitch is in End
[2024/11/12 14:45:14] [INFO] [Nao_controller.py:1120]: LAnklePitch is in End
[2024/11/12 14:45:14] [INFO] [Nao_controller.py:1404]: RHipPitch is in End
[2024/11/12 14:45:14] [INFO] [Nao_controller.py:1482]: RKneePitch is in End
[2024/11/12 14:45:14] [INFO] [Nao_controller.py:1521]: RAnklePitch is in End
[2024/11/12 14:45:14] [INFO] [Nao_controller.py:1003]: LHipPitch is in End
[2024/11/12 14:45:14] [INFO] [Nao_controller.py:1081]: LKneePitch is in End
[2024/11/12 14:45:14] [INFO] [Nao_controller.py:1120]: LAnklePitch is in End
[2024/11/12 14:45:14] [INFO] [Nao_controller.py:1404]: RHipPitch is in End
[2024/11/12 14:45:14] [INFO] [Nao_controller.py:1482]: RKneePitch is in End
[2024/11/12 14:45:14] [INFO] [Nao_controller.py:1521]: RAnklePitch is in End
[2024/11/12 14:45:14] [INFO] [Nao_controller.py:1003]: LHipPitch is in End
[2024/11/12 14:45:14] [INFO] [Nao_controller.py:1081]: LKneePitch is in End
[2024/11/12 14:45:14] [INFO] [Nao_controller.py:1120]: LAnklePitch is in End
[2024/11/12 14:45:14] [INFO] [Nao_controller.py:1404]: RHipPitch is in End
[2024/11/12 14:45:14] [INFO] [Nao_controller.py:1482]: RKneePitch is in End
[2024/11/12 14:45:14] [INFO] [Nao_controller.py:1521]: RAnklePitch is in End
[2024/11/12 14:45:14] [INFO] [Nao_controller.py:1003]: LHipPitch is in End
[2024/11/12 14:45:14] [INFO] [Nao_controller.py:1081]: LKneePitch is in End
[2024/11/12 14:45:14] [INFO] [Nao_controller.py:1120]: LAnklePitch is in End
[2024/11/12 14:45:14] [INFO] [Nao_controller.py:1404]: RHipPitch is in End
[2024/11/12 14:45:14] [INFO] [Nao_controller.py:1482]: RKneePitch is in End
[2024/11/12 14:45:14] [INFO] [Nao_controller.py:1521]: RAnklePitch is in End
[2024/11/12 14:45:14] [INFO] [Nao_controller.py:1003]: LHipPitch is in End
[2024/11/12 14:45:14] [INFO] [Nao_controller.py:1081]: LKneePitch is in End
[2024/11/12 14:45:14] [INFO] [Nao_controller.py:1120]: LAnklePitch is in End
[2024/11/12 14:45:14] [INFO] [Nao_controller.py:1404]: RHipPitch is in End
[2024/11/12 14:45:14] [INFO] [Nao_controller.py:1482]: RKneePitch is in End
[2024/11/12 14:45:14] [INFO] [Nao_controller.py:1521]: RAnklePitch is in End
[2024/11/12 14:45:14] [INFO] [Nao_controller.py:1003]: LHipPitch is in End
[2024/11/12 14:45:14] [INFO] [Nao_controller.py:1081]: LKneePitch is in End
[2024/11/12 14:45:14] [INFO] [Nao_controller.py:1120]: LAnklePitch is in End
[2024/11/12 14:45:14] [INFO] [Nao_controller.py:1404]: RHipPitch is in End
[2024/11/12 14:45:14] [INFO] [Nao_controller.py:1482]: RKneePitch is in End
[2024/11/12 14:45:14] [INFO] [Nao_controller.py:1521]: RAnklePitch is in End
[2024/11/12 14:45:14] [INFO] [Nao_controller.py:1003]: LHipPitch is in End
[2024/11/12 14:45:14] [INFO] [Nao_controller.py:1081]: LKneePitch is in End
[2024/11/12 14:45:14] [INFO] [Nao_controller.py:1120]: LAnklePitch is in End
[2024/11/12 14:45:14] [INFO] [Nao_controller.py:1404]: RHipPitch is in End
[2024/11/12 14:45:14] [INFO] [Nao_controller.py:1482]: RKneePitch is in End
[2024/11/12 14:45:14] [INFO] [Nao_controller.py:1521]: RAnklePitch is in End
[2024/11/12 14:45:14] [INFO] [Nao_controller.py:1003]: LHipPitch is in End
[2024/11/12 14:45:14] [INFO] [Nao_controller.py:1081]: LKneePitch is in End
[2024/11/12 14:45:14] [INFO] [Nao_controller.py:1120]: LAnklePitch is in End
[2024/11/12 14:45:14] [INFO] [Nao_controller.py:1404]: RHipPitch is in End
[2024/11/12 14:45:14] [INFO] [Nao_controller.py:1482]: RKneePitch is in End
[2024/11/12 14:45:14] [INFO] [Nao_controller.py:1521]: RAnklePitch is in End
[2024/11/12 14:45:14] [INFO] [Nao_controller.py:1003]: LHipPitch is in End
[2024/11/12 14:45:14] [INFO] [Nao_controller.py:1081]: LKneePitch is in End
[2024/11/12 14:45:14] [INFO] [Nao_controller.py:1120]: LAnklePitch is in End
[2024/11/12 14:45:14] [INFO] [Nao_controller.py:1404]: RHipPitch is in End
[2024/11/12 14:45:14] [INFO] [Nao_controller.py:1482]: RKneePitch is in End
[2024/11/12 14:45:14] [INFO] [Nao_controller.py:1521]: RAnklePitch is in End
[2024/11/12 14:45:14] [INFO] [Nao_controller.py:1003]: LHipPitch is in End
[2024/11/12 14:45:14] [INFO] [Nao_controller.py:1081]: LKneePitch is in End
[2024/11/12 14:45:14] [INFO] [Nao_controller.py:1120]: LAnklePitch is in End
[2024/11/12 14:45:14] [INFO] [Nao_controller.py:1404]: RHipPitch is in End
[2024/11/12 14:45:14] [INFO] [Nao_controller.py:1482]: RKneePitch is in End
[2024/11/12 14:45:14] [INFO] [Nao_controller.py:1521]: RAnklePitch is in End
[2024/11/12 14:45:14] [INFO] [Nao_controller.py:1003]: LHipPitch is in End
[2024/11/12 14:45:14] [INFO] [Nao_controller.py:1081]: LKneePitch is in End
[2024/11/12 14:45:14] [INFO] [Nao_controller.py:1120]: LAnklePitch is in End
[2024/11/12 14:45:14] [INFO] [Nao_controller.py:1404]: RHipPitch is in End
[2024/11/12 14:45:14] [INFO] [Nao_controller.py:1482]: RKneePitch is in End
[2024/11/12 14:45:14] [INFO] [Nao_controller.py:1521]: RAnklePitch is in End
[2024/11/12 14:45:14] [INFO] [Nao_controller.py:1003]: LHipPitch is in End
[2024/11/12 14:45:14] [INFO] [Nao_controller.py:1081]: LKneePitch is in End
[2024/11/12 14:45:14] [INFO] [Nao_controller.py:1120]: LAnklePitch is in End
[2024/11/12 14:45:14] [INFO] [Nao_controller.py:1404]: RHipPitch is in End
[2024/11/12 14:45:14] [INFO] [Nao_controller.py:1482]: RKneePitch is in End
[2024/11/12 14:45:14] [INFO] [Nao_controller.py:1521]: RAnklePitch is in End
[2024/11/12 14:45:14] [INFO] [Nao_controller.py:1003]: LHipPitch is in End
[2024/11/12 14:45:14] [INFO] [Nao_controller.py:1081]: LKneePitch is in End
[2024/11/12 14:45:14] [INFO] [Nao_controller.py:1120]: LAnklePitch is in End
[2024/11/12 14:45:14] [INFO] [Nao_controller.py:1404]: RHipPitch is in End
[2024/11/12 14:45:14] [INFO] [Nao_controller.py:1482]: RKneePitch is in End
[2024/11/12 14:45:14] [INFO] [Nao_controller.py:1521]: RAnklePitch is in End
[2024/11/12 14:45:14] [INFO] [Nao_controller.py:1003]: LHipPitch is in End
[2024/11/12 14:45:14] [INFO] [Nao_controller.py:1081]: LKneePitch is in End
[2024/11/12 14:45:14] [INFO] [Nao_controller.py:1120]: LAnklePitch is in End
[2024/11/12 14:45:14] [INFO] [Nao_controller.py:1404]: RHipPitch is in End
[2024/11/12 14:45:14] [INFO] [Nao_controller.py:1482]: RKneePitch is in End
[2024/11/12 14:45:14] [INFO] [Nao_controller.py:1521]: RAnklePitch is in End
[2024/11/12 14:45:14] [INFO] [Nao_controller.py:1003]: LHipPitch is in End
[2024/11/12 14:45:14] [INFO] [Nao_controller.py:1081]: LKneePitch is in End
[2024/11/12 14:45:14] [INFO] [Nao_controller.py:1120]: LAnklePitch is in End
[2024/11/12 14:45:14] [INFO] [Nao_controller.py:1404]: RHipPitch is in End
[2024/11/12 14:45:14] [INFO] [Nao_controller.py:1482]: RKneePitch is in End
[2024/11/12 14:45:14] [INFO] [Nao_controller.py:1521]: RAnklePitch is in End
[2024/11/12 14:45:14] [INFO] [Nao_controller.py:1003]: LHipPitch is in End
[2024/11/12 14:45:14] [INFO] [Nao_controller.py:1081]: LKneePitch is in End
[2024/11/12 14:45:14] [INFO] [Nao_controller.py:1120]: LAnklePitch is in End
[2024/11/12 14:45:14] [INFO] [Nao_controller.py:1404]: RHipPitch is in End
[2024/11/12 14:45:14] [INFO] [Nao_controller.py:1482]: RKneePitch is in End
[2024/11/12 14:45:14] [INFO] [Nao_controller.py:1521]: RAnklePitch is in End
[2024/11/12 14:45:14] [INFO] [Nao_controller.py:1003]: LHipPitch is in End
[2024/11/12 14:45:14] [INFO] [Nao_controller.py:1081]: LKneePitch is in End
[2024/11/12 14:45:14] [INFO] [Nao_controller.py:1120]: LAnklePitch is in End
[2024/11/12 14:45:14] [INFO] [Nao_controller.py:1404]: RHipPitch is in End
[2024/11/12 14:45:14] [INFO] [Nao_controller.py:1482]: RKneePitch is in End
[2024/11/12 14:45:14] [INFO] [Nao_controller.py:1521]: RAnklePitch is in End
[2024/11/12 14:45:14] [INFO] [Nao_controller.py:1003]: LHipPitch is in End
[2024/11/12 14:45:14] [INFO] [Nao_controller.py:1081]: LKneePitch is in End
[2024/11/12 14:45:14] [INFO] [Nao_controller.py:1120]: LAnklePitch is in End
[2024/11/12 14:45:14] [INFO] [Nao_controller.py:1404]: RHipPitch is in End
[2024/11/12 14:45:14] [INFO] [Nao_controller.py:1482]: RKneePitch is in End
[2024/11/12 14:45:14] [INFO] [Nao_controller.py:1521]: RAnklePitch is in End
[2024/11/12 14:45:14] [INFO] [Nao_controller.py:1003]: LHipPitch is in End
[2024/11/12 14:45:14] [INFO] [Nao_controller.py:1081]: LKneePitch is in End
[2024/11/12 14:45:14] [INFO] [Nao_controller.py:1120]: LAnklePitch is in End
[2024/11/12 14:45:14] [INFO] [Nao_controller.py:1404]: RHipPitch is in End
[2024/11/12 14:45:14] [INFO] [Nao_controller.py:1482]: RKneePitch is in End
[2024/11/12 14:45:14] [INFO] [Nao_controller.py:1521]: RAnklePitch is in End
[2024/11/12 14:45:15] [INFO] [Nao_controller.py:1003]: LHipPitch is in End
[2024/11/12 14:45:15] [INFO] [Nao_controller.py:1081]: LKneePitch is in End
[2024/11/12 14:45:15] [INFO] [Nao_controller.py:1120]: LAnklePitch is in End
[2024/11/12 14:45:15] [INFO] [Nao_controller.py:1404]: RHipPitch is in End
[2024/11/12 14:45:15] [INFO] [Nao_controller.py:1482]: RKneePitch is in End
[2024/11/12 14:45:15] [INFO] [Nao_controller.py:1521]: RAnklePitch is in End
[2024/11/12 14:45:15] [INFO] [Nao_controller.py:1003]: LHipPitch is in End
[2024/11/12 14:45:15] [INFO] [Nao_controller.py:1081]: LKneePitch is in End
[2024/11/12 14:45:15] [INFO] [Nao_controller.py:1120]: LAnklePitch is in End
[2024/11/12 14:45:15] [INFO] [Nao_controller.py:1404]: RHipPitch is in End
[2024/11/12 14:45:15] [INFO] [Nao_controller.py:1482]: RKneePitch is in End
[2024/11/12 14:45:15] [INFO] [Nao_controller.py:1521]: RAnklePitch is in End
[2024/11/12 14:45:15] [INFO] [Nao_controller.py:1003]: LHipPitch is in End
[2024/11/12 14:45:15] [INFO] [Nao_controller.py:1081]: LKneePitch is in End
[2024/11/12 14:45:15] [INFO] [Nao_controller.py:1120]: LAnklePitch is in End
[2024/11/12 14:45:15] [INFO] [Nao_controller.py:1404]: RHipPitch is in End
[2024/11/12 14:45:15] [INFO] [Nao_controller.py:1482]: RKneePitch is in End
[2024/11/12 14:45:15] [INFO] [Nao_controller.py:1521]: RAnklePitch is in End
[2024/11/12 14:45:15] [INFO] [Nao_controller.py:1003]: LHipPitch is in End
[2024/11/12 14:45:15] [INFO] [Nao_controller.py:1081]: LKneePitch is in End
[2024/11/12 14:45:15] [INFO] [Nao_controller.py:1120]: LAnklePitch is in End
[2024/11/12 14:45:15] [INFO] [Nao_controller.py:1404]: RHipPitch is in End
[2024/11/12 14:45:15] [INFO] [Nao_controller.py:1482]: RKneePitch is in End
[2024/11/12 14:45:15] [INFO] [Nao_controller.py:1521]: RAnklePitch is in End
[2024/11/12 14:45:15] [INFO] [Nao_controller.py:1003]: LHipPitch is in End
[2024/11/12 14:45:15] [INFO] [Nao_controller.py:1081]: LKneePitch is in End
[2024/11/12 14:45:15] [INFO] [Nao_controller.py:1120]: LAnklePitch is in End
[2024/11/12 14:45:15] [INFO] [Nao_controller.py:1404]: RHipPitch is in End
[2024/11/12 14:45:15] [INFO] [Nao_controller.py:1482]: RKneePitch is in End
[2024/11/12 14:45:15] [INFO] [Nao_controller.py:1521]: RAnklePitch is in End
[2024/11/12 14:45:15] [INFO] [Nao_controller.py:1003]: LHipPitch is in End
[2024/11/12 14:45:15] [INFO] [Nao_controller.py:1081]: LKneePitch is in End
[2024/11/12 14:45:15] [INFO] [Nao_controller.py:1120]: LAnklePitch is in End
[2024/11/12 14:45:15] [INFO] [Nao_controller.py:1404]: RHipPitch is in End
[2024/11/12 14:45:15] [INFO] [Nao_controller.py:1482]: RKneePitch is in End
[2024/11/12 14:45:15] [INFO] [Nao_controller.py:1521]: RAnklePitch is in End
[2024/11/12 14:45:15] [INFO] [Nao_controller.py:1003]: LHipPitch is in End
[2024/11/12 14:45:15] [INFO] [Nao_controller.py:1081]: LKneePitch is in End
[2024/11/12 14:45:15] [INFO] [Nao_controller.py:1120]: LAnklePitch is in End
[2024/11/12 14:45:15] [INFO] [Nao_controller.py:1404]: RHipPitch is in End
[2024/11/12 14:45:15] [INFO] [Nao_controller.py:1482]: RKneePitch is in End
[2024/11/12 14:45:15] [INFO] [Nao_controller.py:1521]: RAnklePitch is in End
[2024/11/12 14:45:15] [INFO] [Nao_controller.py:1003]: LHipPitch is in End
[2024/11/12 14:45:15] [INFO] [Nao_controller.py:1081]: LKneePitch is in End
[2024/11/12 14:45:15] [INFO] [Nao_controller.py:1120]: LAnklePitch is in End
[2024/11/12 14:45:15] [INFO] [Nao_controller.py:1404]: RHipPitch is in End
[2024/11/12 14:45:15] [INFO] [Nao_controller.py:1482]: RKneePitch is in End
[2024/11/12 14:45:15] [INFO] [Nao_controller.py:1521]: RAnklePitch is in End
[2024/11/12 14:45:15] [INFO] [Nao_controller.py:1003]: LHipPitch is in End
[2024/11/12 14:45:15] [INFO] [Nao_controller.py:1081]: LKneePitch is in End
[2024/11/12 14:45:15] [INFO] [Nao_controller.py:1120]: LAnklePitch is in End
[2024/11/12 14:45:15] [INFO] [Nao_controller.py:1404]: RHipPitch is in End
[2024/11/12 14:45:15] [INFO] [Nao_controller.py:1482]: RKneePitch is in End
[2024/11/12 14:45:15] [INFO] [Nao_controller.py:1521]: RAnklePitch is in End
[2024/11/12 14:45:15] [INFO] [Nao_controller.py:1003]: LHipPitch is in End
[2024/11/12 14:45:15] [INFO] [Nao_controller.py:1081]: LKneePitch is in End
[2024/11/12 14:45:15] [INFO] [Nao_controller.py:1120]: LAnklePitch is in End
[2024/11/12 14:45:15] [INFO] [Nao_controller.py:1404]: RHipPitch is in End
[2024/11/12 14:45:15] [INFO] [Nao_controller.py:1482]: RKneePitch is in End
[2024/11/12 14:45:15] [INFO] [Nao_controller.py:1521]: RAnklePitch is in End
[2024/11/12 14:45:15] [INFO] [Nao_controller.py:1003]: LHipPitch is in End
[2024/11/12 14:45:15] [INFO] [Nao_controller.py:1081]: LKneePitch is in End
[2024/11/12 14:45:15] [INFO] [Nao_controller.py:1120]: LAnklePitch is in End
[2024/11/12 14:45:15] [INFO] [Nao_controller.py:1404]: RHipPitch is in End
[2024/11/12 14:45:15] [INFO] [Nao_controller.py:1482]: RKneePitch is in End
[2024/11/12 14:45:15] [INFO] [Nao_controller.py:1521]: RAnklePitch is in End
[2024/11/12 14:45:15] [INFO] [Nao_controller.py:1003]: LHipPitch is in End
[2024/11/12 14:45:15] [INFO] [Nao_controller.py:1081]: LKneePitch is in End
[2024/11/12 14:45:15] [INFO] [Nao_controller.py:1120]: LAnklePitch is in End
[2024/11/12 14:45:15] [INFO] [Nao_controller.py:1404]: RHipPitch is in End
[2024/11/12 14:45:15] [INFO] [Nao_controller.py:1482]: RKneePitch is in End
[2024/11/12 14:45:15] [INFO] [Nao_controller.py:1521]: RAnklePitch is in End
[2024/11/12 14:45:15] [INFO] [Nao_controller.py:1003]: LHipPitch is in End
[2024/11/12 14:45:15] [INFO] [Nao_controller.py:1081]: LKneePitch is in End
[2024/11/12 14:45:15] [INFO] [Nao_controller.py:1120]: LAnklePitch is in End
[2024/11/12 14:45:15] [INFO] [Nao_controller.py:1404]: RHipPitch is in End
[2024/11/12 14:45:15] [INFO] [Nao_controller.py:1482]: RKneePitch is in End
[2024/11/12 14:45:15] [INFO] [Nao_controller.py:1521]: RAnklePitch is in End
[2024/11/12 14:45:15] [INFO] [Nao_controller.py:1003]: LHipPitch is in End
[2024/11/12 14:45:15] [INFO] [Nao_controller.py:1081]: LKneePitch is in End
[2024/11/12 14:45:15] [INFO] [Nao_controller.py:1120]: LAnklePitch is in End
[2024/11/12 14:45:15] [INFO] [Nao_controller.py:1404]: RHipPitch is in End
[2024/11/12 14:45:15] [INFO] [Nao_controller.py:1482]: RKneePitch is in End
[2024/11/12 14:45:15] [INFO] [Nao_controller.py:1521]: RAnklePitch is in End
[2024/11/12 14:45:15] [INFO] [Nao_controller.py:1003]: LHipPitch is in End
[2024/11/12 14:45:15] [INFO] [Nao_controller.py:1081]: LKneePitch is in End
[2024/11/12 14:45:15] [INFO] [Nao_controller.py:1120]: LAnklePitch is in End
[2024/11/12 14:45:15] [INFO] [Nao_controller.py:1404]: RHipPitch is in End
[2024/11/12 14:45:15] [INFO] [Nao_controller.py:1482]: RKneePitch is in End
[2024/11/12 14:45:15] [INFO] [Nao_controller.py:1521]: RAnklePitch is in End
[2024/11/12 14:45:15] [INFO] [Nao_controller.py:1003]: LHipPitch is in End
[2024/11/12 14:45:15] [INFO] [Nao_controller.py:1081]: LKneePitch is in End
[2024/11/12 14:45:15] [INFO] [Nao_controller.py:1120]: LAnklePitch is in End
[2024/11/12 14:45:15] [INFO] [Nao_controller.py:1404]: RHipPitch is in End
[2024/11/12 14:45:15] [INFO] [Nao_controller.py:1482]: RKneePitch is in End
[2024/11/12 14:45:15] [INFO] [Nao_controller.py:1521]: RAnklePitch is in End
[2024/11/12 14:45:15] [INFO] [Nao_controller.py:1003]: LHipPitch is in End
[2024/11/12 14:45:15] [INFO] [Nao_controller.py:1081]: LKneePitch is in End
[2024/11/12 14:45:15] [INFO] [Nao_controller.py:1120]: LAnklePitch is in End
[2024/11/12 14:45:15] [INFO] [Nao_controller.py:1404]: RHipPitch is in End
[2024/11/12 14:45:15] [INFO] [Nao_controller.py:1482]: RKneePitch is in End
[2024/11/12 14:45:15] [INFO] [Nao_controller.py:1521]: RAnklePitch is in End
[2024/11/12 14:45:15] [INFO] [Nao_controller.py:1003]: LHipPitch is in End
[2024/11/12 14:45:15] [INFO] [Nao_controller.py:1081]: LKneePitch is in End
[2024/11/12 14:45:15] [INFO] [Nao_controller.py:1120]: LAnklePitch is in End
[2024/11/12 14:45:15] [INFO] [Nao_controller.py:1404]: RHipPitch is in End
[2024/11/12 14:45:15] [INFO] [Nao_controller.py:1482]: RKneePitch is in End
[2024/11/12 14:45:15] [INFO] [Nao_controller.py:1521]: RAnklePitch is in End
[2024/11/12 14:45:15] [INFO] [Nao_controller.py:1003]: LHipPitch is in End
[2024/11/12 14:45:15] [INFO] [Nao_controller.py:1081]: LKneePitch is in End
[2024/11/12 14:45:15] [INFO] [Nao_controller.py:1120]: LAnklePitch is in End
[2024/11/12 14:45:15] [INFO] [Nao_controller.py:1404]: RHipPitch is in End
[2024/11/12 14:45:15] [INFO] [Nao_controller.py:1482]: RKneePitch is in End
[2024/11/12 14:45:15] [INFO] [Nao_controller.py:1521]: RAnklePitch is in End
[2024/11/12 14:45:15] [INFO] [Nao_controller.py:1003]: LHipPitch is in End
[2024/11/12 14:45:15] [INFO] [Nao_controller.py:1081]: LKneePitch is in End
[2024/11/12 14:45:15] [INFO] [Nao_controller.py:1120]: LAnklePitch is in End
[2024/11/12 14:45:15] [INFO] [Nao_controller.py:1404]: RHipPitch is in End
[2024/11/12 14:45:15] [INFO] [Nao_controller.py:1482]: RKneePitch is in End
[2024/11/12 14:45:15] [INFO] [Nao_controller.py:1521]: RAnklePitch is in End
[2024/11/12 14:45:15] [INFO] [Nao_controller.py:1003]: LHipPitch is in End
[2024/11/12 14:45:15] [INFO] [Nao_controller.py:1081]: LKneePitch is in End
[2024/11/12 14:45:15] [INFO] [Nao_controller.py:1120]: LAnklePitch is in End
[2024/11/12 14:45:15] [INFO] [Nao_controller.py:1404]: RHipPitch is in End
[2024/11/12 14:45:15] [INFO] [Nao_controller.py:1482]: RKneePitch is in End
[2024/11/12 14:45:15] [INFO] [Nao_controller.py:1521]: RAnklePitch is in End
[2024/11/12 14:45:15] [INFO] [Nao_controller.py:1003]: LHipPitch is in End
[2024/11/12 14:45:15] [INFO] [Nao_controller.py:1081]: LKneePitch is in End
[2024/11/12 14:45:15] [INFO] [Nao_controller.py:1120]: LAnklePitch is in End
[2024/11/12 14:45:15] [INFO] [Nao_controller.py:1404]: RHipPitch is in End
[2024/11/12 14:45:15] [INFO] [Nao_controller.py:1482]: RKneePitch is in End
[2024/11/12 14:45:15] [INFO] [Nao_controller.py:1521]: RAnklePitch is in End
[2024/11/12 14:45:15] [INFO] [Nao_controller.py:1003]: LHipPitch is in End
[2024/11/12 14:45:15] [INFO] [Nao_controller.py:1081]: LKneePitch is in End
[2024/11/12 14:45:15] [INFO] [Nao_controller.py:1120]: LAnklePitch is in End
[2024/11/12 14:45:15] [INFO] [Nao_controller.py:1404]: RHipPitch is in End
[2024/11/12 14:45:15] [INFO] [Nao_controller.py:1482]: RKneePitch is in End
[2024/11/12 14:45:15] [INFO] [Nao_controller.py:1521]: RAnklePitch is in End
[2024/11/12 14:45:15] [INFO] [Nao_controller.py:1003]: LHipPitch is in End
[2024/11/12 14:45:15] [INFO] [Nao_controller.py:1081]: LKneePitch is in End
[2024/11/12 14:45:15] [INFO] [Nao_controller.py:1120]: LAnklePitch is in End
[2024/11/12 14:45:15] [INFO] [Nao_controller.py:1404]: RHipPitch is in End
[2024/11/12 14:45:15] [INFO] [Nao_controller.py:1482]: RKneePitch is in End
[2024/11/12 14:45:15] [INFO] [Nao_controller.py:1521]: RAnklePitch is in End
[2024/11/12 14:45:15] [INFO] [Nao_controller.py:1003]: LHipPitch is in End
[2024/11/12 14:45:15] [INFO] [Nao_controller.py:1081]: LKneePitch is in End
[2024/11/12 14:45:15] [INFO] [Nao_controller.py:1120]: LAnklePitch is in End
[2024/11/12 14:45:15] [INFO] [Nao_controller.py:1404]: RHipPitch is in End
[2024/11/12 14:45:15] [INFO] [Nao_controller.py:1482]: RKneePitch is in End
[2024/11/12 14:45:15] [INFO] [Nao_controller.py:1521]: RAnklePitch is in End
[2024/11/12 14:45:15] [INFO] [Nao_controller.py:1003]: LHipPitch is in End
[2024/11/12 14:45:15] [INFO] [Nao_controller.py:1081]: LKneePitch is in End
[2024/11/12 14:45:15] [INFO] [Nao_controller.py:1120]: LAnklePitch is in End
[2024/11/12 14:45:15] [INFO] [Nao_controller.py:1404]: RHipPitch is in End
[2024/11/12 14:45:15] [INFO] [Nao_controller.py:1482]: RKneePitch is in End
[2024/11/12 14:45:15] [INFO] [Nao_controller.py:1521]: RAnklePitch is in End
[2024/11/12 14:45:15] [INFO] [Nao_controller.py:1003]: LHipPitch is in End
[2024/11/12 14:45:15] [INFO] [Nao_controller.py:1081]: LKneePitch is in End
[2024/11/12 14:45:15] [INFO] [Nao_controller.py:1120]: LAnklePitch is in End
[2024/11/12 14:45:15] [INFO] [Nao_controller.py:1404]: RHipPitch is in End
[2024/11/12 14:45:15] [INFO] [Nao_controller.py:1482]: RKneePitch is in End
[2024/11/12 14:45:15] [INFO] [Nao_controller.py:1521]: RAnklePitch is in End
[2024/11/12 14:45:15] [INFO] [Nao_controller.py:1003]: LHipPitch is in End
[2024/11/12 14:45:15] [INFO] [Nao_controller.py:1081]: LKneePitch is in End
[2024/11/12 14:45:15] [INFO] [Nao_controller.py:1120]: LAnklePitch is in End
[2024/11/12 14:45:15] [INFO] [Nao_controller.py:1404]: RHipPitch is in End
[2024/11/12 14:45:15] [INFO] [Nao_controller.py:1482]: RKneePitch is in End
[2024/11/12 14:45:15] [INFO] [Nao_controller.py:1521]: RAnklePitch is in End
[2024/11/12 14:45:15] [INFO] [Nao_controller.py:1003]: LHipPitch is in End
[2024/11/12 14:45:15] [INFO] [Nao_controller.py:1081]: LKneePitch is in End
[2024/11/12 14:45:15] [INFO] [Nao_controller.py:1120]: LAnklePitch is in End
[2024/11/12 14:45:15] [INFO] [Nao_controller.py:1404]: RHipPitch is in End
[2024/11/12 14:45:15] [INFO] [Nao_controller.py:1482]: RKneePitch is in End
[2024/11/12 14:45:15] [INFO] [Nao_controller.py:1521]: RAnklePitch is in End
[2024/11/12 14:45:15] [INFO] [Nao_controller.py:1003]: LHipPitch is in End
[2024/11/12 14:45:15] [INFO] [Nao_controller.py:1081]: LKneePitch is in End
[2024/11/12 14:45:15] [INFO] [Nao_controller.py:1120]: LAnklePitch is in End
[2024/11/12 14:45:15] [INFO] [Nao_controller.py:1404]: RHipPitch is in End
[2024/11/12 14:45:15] [INFO] [Nao_controller.py:1482]: RKneePitch is in End
[2024/11/12 14:45:15] [INFO] [Nao_controller.py:1521]: RAnklePitch is in End
[2024/11/12 14:45:15] [INFO] [Nao_controller.py:1003]: LHipPitch is in End
[2024/11/12 14:45:15] [INFO] [Nao_controller.py:1081]: LKneePitch is in End
[2024/11/12 14:45:15] [INFO] [Nao_controller.py:1120]: LAnklePitch is in End
[2024/11/12 14:45:15] [INFO] [Nao_controller.py:1404]: RHipPitch is in End
[2024/11/12 14:45:15] [INFO] [Nao_controller.py:1482]: RKneePitch is in End
[2024/11/12 14:45:15] [INFO] [Nao_controller.py:1521]: RAnklePitch is in End
[2024/11/12 14:45:16] [INFO] [Nao_controller.py:1003]: LHipPitch is in End
[2024/11/12 14:45:16] [INFO] [Nao_controller.py:1081]: LKneePitch is in End
[2024/11/12 14:45:16] [INFO] [Nao_controller.py:1120]: LAnklePitch is in End
[2024/11/12 14:45:16] [INFO] [Nao_controller.py:1404]: RHipPitch is in End
[2024/11/12 14:45:16] [INFO] [Nao_controller.py:1482]: RKneePitch is in End
[2024/11/12 14:45:16] [INFO] [Nao_controller.py:1521]: RAnklePitch is in End
[2024/11/12 14:45:16] [INFO] [Nao_controller.py:1003]: LHipPitch is in End
[2024/11/12 14:45:16] [INFO] [Nao_controller.py:1081]: LKneePitch is in End
[2024/11/12 14:45:16] [INFO] [Nao_controller.py:1120]: LAnklePitch is in End
[2024/11/12 14:45:16] [INFO] [Nao_controller.py:1404]: RHipPitch is in End
[2024/11/12 14:45:16] [INFO] [Nao_controller.py:1482]: RKneePitch is in End
[2024/11/12 14:45:16] [INFO] [Nao_controller.py:1521]: RAnklePitch is in End
[2024/11/12 14:45:16] [INFO] [Nao_controller.py:1003]: LHipPitch is in End
[2024/11/12 14:45:16] [INFO] [Nao_controller.py:1081]: LKneePitch is in End
[2024/11/12 14:45:16] [INFO] [Nao_controller.py:1120]: LAnklePitch is in End
[2024/11/12 14:45:16] [INFO] [Nao_controller.py:1404]: RHipPitch is in End
[2024/11/12 14:45:16] [INFO] [Nao_controller.py:1482]: RKneePitch is in End
[2024/11/12 14:45:16] [INFO] [Nao_controller.py:1521]: RAnklePitch is in End
[2024/11/12 14:45:16] [INFO] [Nao_controller.py:1003]: LHipPitch is in End
[2024/11/12 14:45:16] [INFO] [Nao_controller.py:1081]: LKneePitch is in End
[2024/11/12 14:45:16] [INFO] [Nao_controller.py:1120]: LAnklePitch is in End
[2024/11/12 14:45:16] [INFO] [Nao_controller.py:1404]: RHipPitch is in End
[2024/11/12 14:45:16] [INFO] [Nao_controller.py:1482]: RKneePitch is in End
[2024/11/12 14:45:16] [INFO] [Nao_controller.py:1521]: RAnklePitch is in End
[2024/11/12 14:45:16] [INFO] [Nao_controller.py:1003]: LHipPitch is in End
[2024/11/12 14:45:16] [INFO] [Nao_controller.py:1081]: LKneePitch is in End
[2024/11/12 14:45:16] [INFO] [Nao_controller.py:1120]: LAnklePitch is in End
[2024/11/12 14:45:16] [INFO] [Nao_controller.py:1404]: RHipPitch is in End
[2024/11/12 14:45:16] [INFO] [Nao_controller.py:1482]: RKneePitch is in End
[2024/11/12 14:45:16] [INFO] [Nao_controller.py:1521]: RAnklePitch is in End
[2024/11/12 14:45:16] [INFO] [Nao_controller.py:1003]: LHipPitch is in End
[2024/11/12 14:45:16] [INFO] [Nao_controller.py:1081]: LKneePitch is in End
[2024/11/12 14:45:16] [INFO] [Nao_controller.py:1120]: LAnklePitch is in End
[2024/11/12 14:45:16] [INFO] [Nao_controller.py:1404]: RHipPitch is in End
[2024/11/12 14:45:16] [INFO] [Nao_controller.py:1482]: RKneePitch is in End
[2024/11/12 14:45:16] [INFO] [Nao_controller.py:1521]: RAnklePitch is in End
[2024/11/12 14:45:16] [INFO] [Nao_controller.py:1003]: LHipPitch is in End
[2024/11/12 14:45:16] [INFO] [Nao_controller.py:1081]: LKneePitch is in End
[2024/11/12 14:45:16] [INFO] [Nao_controller.py:1120]: LAnklePitch is in End
[2024/11/12 14:45:16] [INFO] [Nao_controller.py:1404]: RHipPitch is in End
[2024/11/12 14:45:16] [INFO] [Nao_controller.py:1482]: RKneePitch is in End
[2024/11/12 14:45:16] [INFO] [Nao_controller.py:1521]: RAnklePitch is in End
[2024/11/12 14:45:16] [INFO] [Nao_controller.py:1003]: LHipPitch is in End
[2024/11/12 14:45:16] [INFO] [Nao_controller.py:1081]: LKneePitch is in End
[2024/11/12 14:45:16] [INFO] [Nao_controller.py:1120]: LAnklePitch is in End
[2024/11/12 14:45:16] [INFO] [Nao_controller.py:1404]: RHipPitch is in End
[2024/11/12 14:45:16] [INFO] [Nao_controller.py:1482]: RKneePitch is in End
[2024/11/12 14:45:16] [INFO] [Nao_controller.py:1521]: RAnklePitch is in End
[2024/11/12 14:45:16] [INFO] [Nao_controller.py:1003]: LHipPitch is in End
[2024/11/12 14:45:16] [INFO] [Nao_controller.py:1081]: LKneePitch is in End
[2024/11/12 14:45:16] [INFO] [Nao_controller.py:1120]: LAnklePitch is in End
[2024/11/12 14:45:16] [INFO] [Nao_controller.py:1404]: RHipPitch is in End
[2024/11/12 14:45:16] [INFO] [Nao_controller.py:1482]: RKneePitch is in End
[2024/11/12 14:45:16] [INFO] [Nao_controller.py:1521]: RAnklePitch is in End
[2024/11/12 14:45:16] [INFO] [Nao_controller.py:1003]: LHipPitch is in End
[2024/11/12 14:45:16] [INFO] [Nao_controller.py:1081]: LKneePitch is in End
[2024/11/12 14:45:16] [INFO] [Nao_controller.py:1120]: LAnklePitch is in End
[2024/11/12 14:45:16] [INFO] [Nao_controller.py:1404]: RHipPitch is in End
[2024/11/12 14:45:16] [INFO] [Nao_controller.py:1482]: RKneePitch is in End
[2024/11/12 14:45:16] [INFO] [Nao_controller.py:1521]: RAnklePitch is in End
[2024/11/12 14:45:16] [INFO] [Nao_controller.py:1003]: LHipPitch is in End
[2024/11/12 14:45:16] [INFO] [Nao_controller.py:1081]: LKneePitch is in End
[2024/11/12 14:45:16] [INFO] [Nao_controller.py:1120]: LAnklePitch is in End
[2024/11/12 14:45:16] [INFO] [Nao_controller.py:1404]: RHipPitch is in End
[2024/11/12 14:45:16] [INFO] [Nao_controller.py:1482]: RKneePitch is in End
[2024/11/12 14:45:16] [INFO] [Nao_controller.py:1521]: RAnklePitch is in End
[2024/11/12 14:45:16] [INFO] [Nao_controller.py:1003]: LHipPitch is in End
[2024/11/12 14:45:16] [INFO] [Nao_controller.py:1081]: LKneePitch is in End
[2024/11/12 14:45:16] [INFO] [Nao_controller.py:1120]: LAnklePitch is in End
[2024/11/12 14:45:16] [INFO] [Nao_controller.py:1404]: RHipPitch is in End
[2024/11/12 14:45:16] [INFO] [Nao_controller.py:1482]: RKneePitch is in End
[2024/11/12 14:45:16] [INFO] [Nao_controller.py:1521]: RAnklePitch is in End
[2024/11/12 14:45:16] [INFO] [Nao_controller.py:1003]: LHipPitch is in End
[2024/11/12 14:45:16] [INFO] [Nao_controller.py:1081]: LKneePitch is in End
[2024/11/12 14:45:16] [INFO] [Nao_controller.py:1120]: LAnklePitch is in End
[2024/11/12 14:45:16] [INFO] [Nao_controller.py:1404]: RHipPitch is in End
[2024/11/12 14:45:16] [INFO] [Nao_controller.py:1482]: RKneePitch is in End
[2024/11/12 14:45:16] [INFO] [Nao_controller.py:1521]: RAnklePitch is in End
[2024/11/12 14:45:16] [INFO] [Nao_controller.py:1003]: LHipPitch is in End
[2024/11/12 14:45:16] [INFO] [Nao_controller.py:1081]: LKneePitch is in End
[2024/11/12 14:45:16] [INFO] [Nao_controller.py:1120]: LAnklePitch is in End
[2024/11/12 14:45:16] [INFO] [Nao_controller.py:1404]: RHipPitch is in End
[2024/11/12 14:45:16] [INFO] [Nao_controller.py:1482]: RKneePitch is in End
[2024/11/12 14:45:16] [INFO] [Nao_controller.py:1521]: RAnklePitch is in End
[2024/11/12 14:45:16] [INFO] [Nao_controller.py:1003]: LHipPitch is in End
[2024/11/12 14:45:16] [INFO] [Nao_controller.py:1081]: LKneePitch is in End
[2024/11/12 14:45:16] [INFO] [Nao_controller.py:1120]: LAnklePitch is in End
[2024/11/12 14:45:16] [INFO] [Nao_controller.py:1404]: RHipPitch is in End
[2024/11/12 14:45:16] [INFO] [Nao_controller.py:1482]: RKneePitch is in End
[2024/11/12 14:45:16] [INFO] [Nao_controller.py:1521]: RAnklePitch is in End
[2024/11/12 14:45:16] [INFO] [Nao_controller.py:1003]: LHipPitch is in End
[2024/11/12 14:45:16] [INFO] [Nao_controller.py:1081]: LKneePitch is in End
[2024/11/12 14:45:16] [INFO] [Nao_controller.py:1120]: LAnklePitch is in End
[2024/11/12 14:45:16] [INFO] [Nao_controller.py:1404]: RHipPitch is in End
[2024/11/12 14:45:16] [INFO] [Nao_controller.py:1482]: RKneePitch is in End
[2024/11/12 14:45:16] [INFO] [Nao_controller.py:1521]: RAnklePitch is in End
[2024/11/12 14:45:16] [INFO] [Nao_controller.py:1003]: LHipPitch is in End
[2024/11/12 14:45:16] [INFO] [Nao_controller.py:1081]: LKneePitch is in End
[2024/11/12 14:45:16] [INFO] [Nao_controller.py:1120]: LAnklePitch is in End
[2024/11/12 14:45:16] [INFO] [Nao_controller.py:1404]: RHipPitch is in End
[2024/11/12 14:45:16] [INFO] [Nao_controller.py:1482]: RKneePitch is in End
[2024/11/12 14:45:16] [INFO] [Nao_controller.py:1521]: RAnklePitch is in End
[2024/11/12 14:45:16] [INFO] [Nao_controller.py:1003]: LHipPitch is in End
[2024/11/12 14:45:16] [INFO] [Nao_controller.py:1081]: LKneePitch is in End
[2024/11/12 14:45:16] [INFO] [Nao_controller.py:1120]: LAnklePitch is in End
[2024/11/12 14:45:16] [INFO] [Nao_controller.py:1404]: RHipPitch is in End
[2024/11/12 14:45:16] [INFO] [Nao_controller.py:1482]: RKneePitch is in End
[2024/11/12 14:45:16] [INFO] [Nao_controller.py:1521]: RAnklePitch is in End
[2024/11/12 14:45:16] [INFO] [Nao_controller.py:1003]: LHipPitch is in End
[2024/11/12 14:45:16] [INFO] [Nao_controller.py:1081]: LKneePitch is in End
[2024/11/12 14:45:16] [INFO] [Nao_controller.py:1120]: LAnklePitch is in End
[2024/11/12 14:45:16] [INFO] [Nao_controller.py:1404]: RHipPitch is in End
[2024/11/12 14:45:16] [INFO] [Nao_controller.py:1482]: RKneePitch is in End
[2024/11/12 14:45:16] [INFO] [Nao_controller.py:1521]: RAnklePitch is in End
[2024/11/12 14:45:16] [INFO] [Nao_controller.py:1003]: LHipPitch is in End
[2024/11/12 14:45:16] [INFO] [Nao_controller.py:1081]: LKneePitch is in End
[2024/11/12 14:45:16] [INFO] [Nao_controller.py:1120]: LAnklePitch is in End
[2024/11/12 14:45:16] [INFO] [Nao_controller.py:1404]: RHipPitch is in End
[2024/11/12 14:45:16] [INFO] [Nao_controller.py:1482]: RKneePitch is in End
[2024/11/12 14:45:16] [INFO] [Nao_controller.py:1521]: RAnklePitch is in End
[2024/11/12 14:45:16] [INFO] [Nao_controller.py:1003]: LHipPitch is in End
[2024/11/12 14:45:16] [INFO] [Nao_controller.py:1081]: LKneePitch is in End
[2024/11/12 14:45:16] [INFO] [Nao_controller.py:1120]: LAnklePitch is in End
[2024/11/12 14:45:16] [INFO] [Nao_controller.py:1404]: RHipPitch is in End
[2024/11/12 14:45:16] [INFO] [Nao_controller.py:1482]: RKneePitch is in End
[2024/11/12 14:45:16] [INFO] [Nao_controller.py:1521]: RAnklePitch is in End
[2024/11/12 14:45:16] [INFO] [Nao_controller.py:1003]: LHipPitch is in End
[2024/11/12 14:45:16] [INFO] [Nao_controller.py:1081]: LKneePitch is in End
[2024/11/12 14:45:16] [INFO] [Nao_controller.py:1120]: LAnklePitch is in End
[2024/11/12 14:45:16] [INFO] [Nao_controller.py:1404]: RHipPitch is in End
[2024/11/12 14:45:16] [INFO] [Nao_controller.py:1482]: RKneePitch is in End
[2024/11/12 14:45:16] [INFO] [Nao_controller.py:1521]: RAnklePitch is in End
[2024/11/12 14:45:16] [INFO] [Nao_controller.py:1003]: LHipPitch is in End
[2024/11/12 14:45:16] [INFO] [Nao_controller.py:1081]: LKneePitch is in End
[2024/11/12 14:45:16] [INFO] [Nao_controller.py:1120]: LAnklePitch is in End
[2024/11/12 14:45:16] [INFO] [Nao_controller.py:1404]: RHipPitch is in End
[2024/11/12 14:45:16] [INFO] [Nao_controller.py:1482]: RKneePitch is in End
[2024/11/12 14:45:16] [INFO] [Nao_controller.py:1521]: RAnklePitch is in End
[2024/11/12 14:45:16] [INFO] [Nao_controller.py:1003]: LHipPitch is in End
[2024/11/12 14:45:16] [INFO] [Nao_controller.py:1081]: LKneePitch is in End
[2024/11/12 14:45:16] [INFO] [Nao_controller.py:1120]: LAnklePitch is in End
[2024/11/12 14:45:16] [INFO] [Nao_controller.py:1404]: RHipPitch is in End
[2024/11/12 14:45:16] [INFO] [Nao_controller.py:1482]: RKneePitch is in End
[2024/11/12 14:45:16] [INFO] [Nao_controller.py:1521]: RAnklePitch is in End
[2024/11/12 14:45:16] [INFO] [Nao_controller.py:1003]: LHipPitch is in End
[2024/11/12 14:45:16] [INFO] [Nao_controller.py:1081]: LKneePitch is in End
[2024/11/12 14:45:16] [INFO] [Nao_controller.py:1120]: LAnklePitch is in End
[2024/11/12 14:45:16] [INFO] [Nao_controller.py:1404]: RHipPitch is in End
[2024/11/12 14:45:16] [INFO] [Nao_controller.py:1482]: RKneePitch is in End
[2024/11/12 14:45:16] [INFO] [Nao_controller.py:1521]: RAnklePitch is in End
[2024/11/12 14:45:16] [INFO] [Nao_controller.py:1003]: LHipPitch is in End
[2024/11/12 14:45:16] [INFO] [Nao_controller.py:1081]: LKneePitch is in End
[2024/11/12 14:45:16] [INFO] [Nao_controller.py:1120]: LAnklePitch is in End
[2024/11/12 14:45:16] [INFO] [Nao_controller.py:1404]: RHipPitch is in End
[2024/11/12 14:45:16] [INFO] [Nao_controller.py:1482]: RKneePitch is in End
[2024/11/12 14:45:16] [INFO] [Nao_controller.py:1521]: RAnklePitch is in End
[2024/11/12 14:45:16] [INFO] [Nao_controller.py:1003]: LHipPitch is in End
[2024/11/12 14:45:16] [INFO] [Nao_controller.py:1081]: LKneePitch is in End
[2024/11/12 14:45:16] [INFO] [Nao_controller.py:1120]: LAnklePitch is in End
[2024/11/12 14:45:16] [INFO] [Nao_controller.py:1404]: RHipPitch is in End
[2024/11/12 14:45:16] [INFO] [Nao_controller.py:1482]: RKneePitch is in End
[2024/11/12 14:45:16] [INFO] [Nao_controller.py:1521]: RAnklePitch is in End
[2024/11/12 14:45:16] [INFO] [Nao_controller.py:1003]: LHipPitch is in End
[2024/11/12 14:45:16] [INFO] [Nao_controller.py:1081]: LKneePitch is in End
[2024/11/12 14:45:16] [INFO] [Nao_controller.py:1120]: LAnklePitch is in End
[2024/11/12 14:45:16] [INFO] [Nao_controller.py:1404]: RHipPitch is in End
[2024/11/12 14:45:16] [INFO] [Nao_controller.py:1482]: RKneePitch is in End
[2024/11/12 14:45:16] [INFO] [Nao_controller.py:1521]: RAnklePitch is in End
[2024/11/12 14:45:16] [INFO] [Nao_controller.py:1003]: LHipPitch is in End
[2024/11/12 14:45:16] [INFO] [Nao_controller.py:1081]: LKneePitch is in End
[2024/11/12 14:45:16] [INFO] [Nao_controller.py:1120]: LAnklePitch is in End
[2024/11/12 14:45:16] [INFO] [Nao_controller.py:1404]: RHipPitch is in End
[2024/11/12 14:45:16] [INFO] [Nao_controller.py:1482]: RKneePitch is in End
[2024/11/12 14:45:16] [INFO] [Nao_controller.py:1521]: RAnklePitch is in End
[2024/11/12 14:45:16] [INFO] [Nao_controller.py:1003]: LHipPitch is in End
[2024/11/12 14:45:16] [INFO] [Nao_controller.py:1081]: LKneePitch is in End
[2024/11/12 14:45:16] [INFO] [Nao_controller.py:1120]: LAnklePitch is in End
[2024/11/12 14:45:16] [INFO] [Nao_controller.py:1404]: RHipPitch is in End
[2024/11/12 14:45:16] [INFO] [Nao_controller.py:1482]: RKneePitch is in End
[2024/11/12 14:45:16] [INFO] [Nao_controller.py:1521]: RAnklePitch is in End
[2024/11/12 14:45:16] [INFO] [Nao_controller.py:1003]: LHipPitch is in End
[2024/11/12 14:45:16] [INFO] [Nao_controller.py:1081]: LKneePitch is in End
[2024/11/12 14:45:16] [INFO] [Nao_controller.py:1120]: LAnklePitch is in End
[2024/11/12 14:45:16] [INFO] [Nao_controller.py:1404]: RHipPitch is in End
[2024/11/12 14:45:16] [INFO] [Nao_controller.py:1482]: RKneePitch is in End
[2024/11/12 14:45:16] [INFO] [Nao_controller.py:1521]: RAnklePitch is in End
[2024/11/12 14:45:17] [INFO] [Nao_controller.py:1003]: LHipPitch is in End
[2024/11/12 14:45:17] [INFO] [Nao_controller.py:1081]: LKneePitch is in End
[2024/11/12 14:45:17] [INFO] [Nao_controller.py:1120]: LAnklePitch is in End
[2024/11/12 14:45:17] [INFO] [Nao_controller.py:1404]: RHipPitch is in End
[2024/11/12 14:45:17] [INFO] [Nao_controller.py:1482]: RKneePitch is in End
[2024/11/12 14:45:17] [INFO] [Nao_controller.py:1521]: RAnklePitch is in End
[2024/11/12 14:45:17] [INFO] [Nao_controller.py:1003]: LHipPitch is in End
[2024/11/12 14:45:17] [INFO] [Nao_controller.py:1081]: LKneePitch is in End
[2024/11/12 14:45:17] [INFO] [Nao_controller.py:1120]: LAnklePitch is in End
[2024/11/12 14:45:17] [INFO] [Nao_controller.py:1404]: RHipPitch is in End
[2024/11/12 14:45:17] [INFO] [Nao_controller.py:1482]: RKneePitch is in End
[2024/11/12 14:45:17] [INFO] [Nao_controller.py:1521]: RAnklePitch is in End
[2024/11/12 14:45:17] [INFO] [Nao_controller.py:1003]: LHipPitch is in End
[2024/11/12 14:45:17] [INFO] [Nao_controller.py:1081]: LKneePitch is in End
[2024/11/12 14:45:17] [INFO] [Nao_controller.py:1120]: LAnklePitch is in End
[2024/11/12 14:45:17] [INFO] [Nao_controller.py:1404]: RHipPitch is in End
[2024/11/12 14:45:17] [INFO] [Nao_controller.py:1482]: RKneePitch is in End
[2024/11/12 14:45:17] [INFO] [Nao_controller.py:1521]: RAnklePitch is in End
[2024/11/12 14:45:17] [INFO] [Nao_controller.py:1003]: LHipPitch is in End
[2024/11/12 14:45:17] [INFO] [Nao_controller.py:1081]: LKneePitch is in End
[2024/11/12 14:45:17] [INFO] [Nao_controller.py:1120]: LAnklePitch is in End
[2024/11/12 14:45:17] [INFO] [Nao_controller.py:1404]: RHipPitch is in End
[2024/11/12 14:45:17] [INFO] [Nao_controller.py:1482]: RKneePitch is in End
[2024/11/12 14:45:17] [INFO] [Nao_controller.py:1521]: RAnklePitch is in End
[2024/11/12 14:45:17] [INFO] [Nao_controller.py:1003]: LHipPitch is in End
[2024/11/12 14:45:17] [INFO] [Nao_controller.py:1081]: LKneePitch is in End
[2024/11/12 14:45:17] [INFO] [Nao_controller.py:1120]: LAnklePitch is in End
[2024/11/12 14:45:17] [INFO] [Nao_controller.py:1404]: RHipPitch is in End
[2024/11/12 14:45:17] [INFO] [Nao_controller.py:1482]: RKneePitch is in End
[2024/11/12 14:45:17] [INFO] [Nao_controller.py:1521]: RAnklePitch is in End
[2024/11/12 14:45:17] [INFO] [Nao_controller.py:1003]: LHipPitch is in End
[2024/11/12 14:45:17] [INFO] [Nao_controller.py:1081]: LKneePitch is in End
[2024/11/12 14:45:17] [INFO] [Nao_controller.py:1120]: LAnklePitch is in End
[2024/11/12 14:45:17] [INFO] [Nao_controller.py:1404]: RHipPitch is in End
[2024/11/12 14:45:17] [INFO] [Nao_controller.py:1482]: RKneePitch is in End
[2024/11/12 14:45:17] [INFO] [Nao_controller.py:1521]: RAnklePitch is in End
[2024/11/12 14:45:17] [INFO] [Nao_controller.py:1003]: LHipPitch is in End
[2024/11/12 14:45:17] [INFO] [Nao_controller.py:1081]: LKneePitch is in End
[2024/11/12 14:45:17] [INFO] [Nao_controller.py:1120]: LAnklePitch is in End
[2024/11/12 14:45:17] [INFO] [Nao_controller.py:1404]: RHipPitch is in End
[2024/11/12 14:45:17] [INFO] [Nao_controller.py:1482]: RKneePitch is in End
[2024/11/12 14:45:17] [INFO] [Nao_controller.py:1521]: RAnklePitch is in End
[2024/11/12 14:45:17] [INFO] [Nao_controller.py:1003]: LHipPitch is in End
[2024/11/12 14:45:17] [INFO] [Nao_controller.py:1081]: LKneePitch is in End
[2024/11/12 14:45:17] [INFO] [Nao_controller.py:1120]: LAnklePitch is in End
[2024/11/12 14:45:17] [INFO] [Nao_controller.py:1404]: RHipPitch is in End
[2024/11/12 14:45:17] [INFO] [Nao_controller.py:1482]: RKneePitch is in End
[2024/11/12 14:45:17] [INFO] [Nao_controller.py:1521]: RAnklePitch is in End
[2024/11/12 14:45:17] [INFO] [Nao_controller.py:1003]: LHipPitch is in End
[2024/11/12 14:45:17] [INFO] [Nao_controller.py:1081]: LKneePitch is in End
[2024/11/12 14:45:17] [INFO] [Nao_controller.py:1120]: LAnklePitch is in End
[2024/11/12 14:45:17] [INFO] [Nao_controller.py:1404]: RHipPitch is in End
[2024/11/12 14:45:17] [INFO] [Nao_controller.py:1482]: RKneePitch is in End
[2024/11/12 14:45:17] [INFO] [Nao_controller.py:1521]: RAnklePitch is in End
[2024/11/12 14:45:17] [INFO] [Nao_controller.py:1003]: LHipPitch is in End
[2024/11/12 14:45:17] [INFO] [Nao_controller.py:1081]: LKneePitch is in End
[2024/11/12 14:45:17] [INFO] [Nao_controller.py:1120]: LAnklePitch is in End
[2024/11/12 14:45:17] [INFO] [Nao_controller.py:1404]: RHipPitch is in End
[2024/11/12 14:45:17] [INFO] [Nao_controller.py:1482]: RKneePitch is in End
[2024/11/12 14:45:17] [INFO] [Nao_controller.py:1521]: RAnklePitch is in End
[2024/11/12 14:45:17] [INFO] [Nao_controller.py:1003]: LHipPitch is in End
[2024/11/12 14:45:17] [INFO] [Nao_controller.py:1081]: LKneePitch is in End
[2024/11/12 14:45:17] [INFO] [Nao_controller.py:1120]: LAnklePitch is in End
[2024/11/12 14:45:17] [INFO] [Nao_controller.py:1404]: RHipPitch is in End
[2024/11/12 14:45:17] [INFO] [Nao_controller.py:1482]: RKneePitch is in End
[2024/11/12 14:45:17] [INFO] [Nao_controller.py:1521]: RAnklePitch is in End
[2024/11/12 14:45:17] [INFO] [Nao_controller.py:1003]: LHipPitch is in End
[2024/11/12 14:45:17] [INFO] [Nao_controller.py:1081]: LKneePitch is in End
[2024/11/12 14:45:17] [INFO] [Nao_controller.py:1120]: LAnklePitch is in End
[2024/11/12 14:45:17] [INFO] [Nao_controller.py:1404]: RHipPitch is in End
[2024/11/12 14:45:17] [INFO] [Nao_controller.py:1482]: RKneePitch is in End
[2024/11/12 14:45:17] [INFO] [Nao_controller.py:1521]: RAnklePitch is in End
[2024/11/12 14:45:17] [INFO] [Nao_controller.py:1003]: LHipPitch is in End
[2024/11/12 14:45:17] [INFO] [Nao_controller.py:1081]: LKneePitch is in End
[2024/11/12 14:45:17] [INFO] [Nao_controller.py:1120]: LAnklePitch is in End
[2024/11/12 14:45:17] [INFO] [Nao_controller.py:1404]: RHipPitch is in End
[2024/11/12 14:45:17] [INFO] [Nao_controller.py:1482]: RKneePitch is in End
[2024/11/12 14:45:17] [INFO] [Nao_controller.py:1521]: RAnklePitch is in End
[2024/11/12 14:45:17] [INFO] [Nao_controller.py:1003]: LHipPitch is in End
[2024/11/12 14:45:17] [INFO] [Nao_controller.py:1081]: LKneePitch is in End
[2024/11/12 14:45:17] [INFO] [Nao_controller.py:1120]: LAnklePitch is in End
[2024/11/12 14:45:17] [INFO] [Nao_controller.py:1404]: RHipPitch is in End
[2024/11/12 14:45:17] [INFO] [Nao_controller.py:1482]: RKneePitch is in End
[2024/11/12 14:45:17] [INFO] [Nao_controller.py:1521]: RAnklePitch is in End
[2024/11/12 14:45:17] [INFO] [Nao_controller.py:1003]: LHipPitch is in End
[2024/11/12 14:45:17] [INFO] [Nao_controller.py:1081]: LKneePitch is in End
[2024/11/12 14:45:17] [INFO] [Nao_controller.py:1120]: LAnklePitch is in End
[2024/11/12 14:45:17] [INFO] [Nao_controller.py:1404]: RHipPitch is in End
[2024/11/12 14:45:17] [INFO] [Nao_controller.py:1482]: RKneePitch is in End
[2024/11/12 14:45:17] [INFO] [Nao_controller.py:1521]: RAnklePitch is in End
[2024/11/12 14:45:17] [INFO] [Nao_controller.py:1003]: LHipPitch is in End
[2024/11/12 14:45:17] [INFO] [Nao_controller.py:1081]: LKneePitch is in End
[2024/11/12 14:45:17] [INFO] [Nao_controller.py:1120]: LAnklePitch is in End
[2024/11/12 14:45:17] [INFO] [Nao_controller.py:1404]: RHipPitch is in End
[2024/11/12 14:45:17] [INFO] [Nao_controller.py:1482]: RKneePitch is in End
[2024/11/12 14:45:17] [INFO] [Nao_controller.py:1521]: RAnklePitch is in End
[2024/11/12 14:45:17] [INFO] [Nao_controller.py:1003]: LHipPitch is in End
[2024/11/12 14:45:17] [INFO] [Nao_controller.py:1081]: LKneePitch is in End
[2024/11/12 14:45:17] [INFO] [Nao_controller.py:1120]: LAnklePitch is in End
[2024/11/12 14:45:17] [INFO] [Nao_controller.py:1404]: RHipPitch is in End
[2024/11/12 14:45:17] [INFO] [Nao_controller.py:1482]: RKneePitch is in End
[2024/11/12 14:45:17] [INFO] [Nao_controller.py:1521]: RAnklePitch is in End
[2024/11/12 14:45:17] [INFO] [Nao_controller.py:1003]: LHipPitch is in End
[2024/11/12 14:45:17] [INFO] [Nao_controller.py:1081]: LKneePitch is in End
[2024/11/12 14:45:17] [INFO] [Nao_controller.py:1120]: LAnklePitch is in End
[2024/11/12 14:45:17] [INFO] [Nao_controller.py:1404]: RHipPitch is in End
[2024/11/12 14:45:17] [INFO] [Nao_controller.py:1482]: RKneePitch is in End
[2024/11/12 14:45:17] [INFO] [Nao_controller.py:1521]: RAnklePitch is in End
[2024/11/12 14:45:17] [INFO] [Nao_controller.py:1003]: LHipPitch is in End
[2024/11/12 14:45:17] [INFO] [Nao_controller.py:1081]: LKneePitch is in End
[2024/11/12 14:45:17] [INFO] [Nao_controller.py:1120]: LAnklePitch is in End
[2024/11/12 14:45:17] [INFO] [Nao_controller.py:1404]: RHipPitch is in End
[2024/11/12 14:45:17] [INFO] [Nao_controller.py:1482]: RKneePitch is in End
[2024/11/12 14:45:17] [INFO] [Nao_controller.py:1521]: RAnklePitch is in End
[2024/11/12 14:45:17] [INFO] [Nao_controller.py:1003]: LHipPitch is in End
[2024/11/12 14:45:17] [INFO] [Nao_controller.py:1081]: LKneePitch is in End
[2024/11/12 14:45:17] [INFO] [Nao_controller.py:1120]: LAnklePitch is in End
[2024/11/12 14:45:17] [INFO] [Nao_controller.py:1404]: RHipPitch is in End
[2024/11/12 14:45:17] [INFO] [Nao_controller.py:1482]: RKneePitch is in End
[2024/11/12 14:45:17] [INFO] [Nao_controller.py:1521]: RAnklePitch is in End
[2024/11/12 14:45:17] [INFO] [Nao_controller.py:1003]: LHipPitch is in End
[2024/11/12 14:45:17] [INFO] [Nao_controller.py:1081]: LKneePitch is in End
[2024/11/12 14:45:17] [INFO] [Nao_controller.py:1120]: LAnklePitch is in End
[2024/11/12 14:45:17] [INFO] [Nao_controller.py:1404]: RHipPitch is in End
[2024/11/12 14:45:17] [INFO] [Nao_controller.py:1482]: RKneePitch is in End
[2024/11/12 14:45:17] [INFO] [Nao_controller.py:1521]: RAnklePitch is in End
[2024/11/12 14:45:17] [INFO] [Nao_controller.py:1003]: LHipPitch is in End
[2024/11/12 14:45:17] [INFO] [Nao_controller.py:1081]: LKneePitch is in End
[2024/11/12 14:45:17] [INFO] [Nao_controller.py:1120]: LAnklePitch is in End
[2024/11/12 14:45:17] [INFO] [Nao_controller.py:1404]: RHipPitch is in End
[2024/11/12 14:45:17] [INFO] [Nao_controller.py:1482]: RKneePitch is in End
[2024/11/12 14:45:17] [INFO] [Nao_controller.py:1521]: RAnklePitch is in End
[2024/11/12 14:45:17] [INFO] [Nao_controller.py:1003]: LHipPitch is in End
[2024/11/12 14:45:17] [INFO] [Nao_controller.py:1081]: LKneePitch is in End
[2024/11/12 14:45:17] [INFO] [Nao_controller.py:1120]: LAnklePitch is in End
[2024/11/12 14:45:17] [INFO] [Nao_controller.py:1404]: RHipPitch is in End
[2024/11/12 14:45:17] [INFO] [Nao_controller.py:1482]: RKneePitch is in End
[2024/11/12 14:45:17] [INFO] [Nao_controller.py:1521]: RAnklePitch is in End
[2024/11/12 14:45:17] [INFO] [Nao_controller.py:1003]: LHipPitch is in End
[2024/11/12 14:45:17] [INFO] [Nao_controller.py:1081]: LKneePitch is in End
[2024/11/12 14:45:17] [INFO] [Nao_controller.py:1120]: LAnklePitch is in End
[2024/11/12 14:45:17] [INFO] [Nao_controller.py:1404]: RHipPitch is in End
[2024/11/12 14:45:17] [INFO] [Nao_controller.py:1482]: RKneePitch is in End
[2024/11/12 14:45:17] [INFO] [Nao_controller.py:1521]: RAnklePitch is in End
[2024/11/12 14:45:17] [INFO] [Nao_controller.py:1003]: LHipPitch is in End
[2024/11/12 14:45:17] [INFO] [Nao_controller.py:1081]: LKneePitch is in End
[2024/11/12 14:45:17] [INFO] [Nao_controller.py:1120]: LAnklePitch is in End
[2024/11/12 14:45:17] [INFO] [Nao_controller.py:1404]: RHipPitch is in End
[2024/11/12 14:45:17] [INFO] [Nao_controller.py:1482]: RKneePitch is in End
[2024/11/12 14:45:17] [INFO] [Nao_controller.py:1521]: RAnklePitch is in End
[2024/11/12 14:45:17] [INFO] [Nao_controller.py:1003]: LHipPitch is in End
[2024/11/12 14:45:17] [INFO] [Nao_controller.py:1081]: LKneePitch is in End
[2024/11/12 14:45:17] [INFO] [Nao_controller.py:1120]: LAnklePitch is in End
[2024/11/12 14:45:17] [INFO] [Nao_controller.py:1404]: RHipPitch is in End
[2024/11/12 14:45:17] [INFO] [Nao_controller.py:1482]: RKneePitch is in End
[2024/11/12 14:45:17] [INFO] [Nao_controller.py:1521]: RAnklePitch is in End
[2024/11/12 14:45:17] [INFO] [Nao_controller.py:1003]: LHipPitch is in End
[2024/11/12 14:45:17] [INFO] [Nao_controller.py:1081]: LKneePitch is in End
[2024/11/12 14:45:17] [INFO] [Nao_controller.py:1120]: LAnklePitch is in End
[2024/11/12 14:45:17] [INFO] [Nao_controller.py:1404]: RHipPitch is in End
[2024/11/12 14:45:17] [INFO] [Nao_controller.py:1482]: RKneePitch is in End
[2024/11/12 14:45:17] [INFO] [Nao_controller.py:1521]: RAnklePitch is in End
[2024/11/12 14:45:17] [INFO] [Nao_controller.py:1003]: LHipPitch is in End
[2024/11/12 14:45:17] [INFO] [Nao_controller.py:1081]: LKneePitch is in End
[2024/11/12 14:45:17] [INFO] [Nao_controller.py:1120]: LAnklePitch is in End
[2024/11/12 14:45:17] [INFO] [Nao_controller.py:1404]: RHipPitch is in End
[2024/11/12 14:45:17] [INFO] [Nao_controller.py:1482]: RKneePitch is in End
[2024/11/12 14:45:17] [INFO] [Nao_controller.py:1521]: RAnklePitch is in End
[2024/11/12 14:45:17] [INFO] [Nao_controller.py:1003]: LHipPitch is in End
[2024/11/12 14:45:17] [INFO] [Nao_controller.py:1081]: LKneePitch is in End
[2024/11/12 14:45:17] [INFO] [Nao_controller.py:1120]: LAnklePitch is in End
[2024/11/12 14:45:17] [INFO] [Nao_controller.py:1404]: RHipPitch is in End
[2024/11/12 14:45:17] [INFO] [Nao_controller.py:1482]: RKneePitch is in End
[2024/11/12 14:45:17] [INFO] [Nao_controller.py:1521]: RAnklePitch is in End
[2024/11/12 14:45:17] [INFO] [Nao_controller.py:1003]: LHipPitch is in End
[2024/11/12 14:45:17] [INFO] [Nao_controller.py:1081]: LKneePitch is in End
[2024/11/12 14:45:17] [INFO] [Nao_controller.py:1120]: LAnklePitch is in End
[2024/11/12 14:45:17] [INFO] [Nao_controller.py:1404]: RHipPitch is in End
[2024/11/12 14:45:17] [INFO] [Nao_controller.py:1482]: RKneePitch is in End
[2024/11/12 14:45:17] [INFO] [Nao_controller.py:1521]: RAnklePitch is in End
[2024/11/12 14:45:17] [INFO] [Nao_controller.py:1003]: LHipPitch is in End
[2024/11/12 14:45:17] [INFO] [Nao_controller.py:1081]: LKneePitch is in End
[2024/11/12 14:45:17] [INFO] [Nao_controller.py:1120]: LAnklePitch is in End
[2024/11/12 14:45:17] [INFO] [Nao_controller.py:1404]: RHipPitch is in End
[2024/11/12 14:45:17] [INFO] [Nao_controller.py:1482]: RKneePitch is in End
[2024/11/12 14:45:17] [INFO] [Nao_controller.py:1521]: RAnklePitch is in End
[2024/11/12 14:45:18] [INFO] [Nao_controller.py:1003]: LHipPitch is in End
[2024/11/12 14:45:18] [INFO] [Nao_controller.py:1081]: LKneePitch is in End
[2024/11/12 14:45:18] [INFO] [Nao_controller.py:1120]: LAnklePitch is in End
[2024/11/12 14:45:18] [INFO] [Nao_controller.py:1404]: RHipPitch is in End
[2024/11/12 14:45:18] [INFO] [Nao_controller.py:1482]: RKneePitch is in End
[2024/11/12 14:45:18] [INFO] [Nao_controller.py:1521]: RAnklePitch is in End
[2024/11/12 14:45:18] [INFO] [Nao_controller.py:1003]: LHipPitch is in End
[2024/11/12 14:45:18] [INFO] [Nao_controller.py:1081]: LKneePitch is in End
[2024/11/12 14:45:18] [INFO] [Nao_controller.py:1120]: LAnklePitch is in End
[2024/11/12 14:45:18] [INFO] [Nao_controller.py:1404]: RHipPitch is in End
[2024/11/12 14:45:18] [INFO] [Nao_controller.py:1482]: RKneePitch is in End
[2024/11/12 14:45:18] [INFO] [Nao_controller.py:1521]: RAnklePitch is in End
[2024/11/12 14:45:18] [INFO] [Nao_controller.py:1003]: LHipPitch is in End
[2024/11/12 14:45:18] [INFO] [Nao_controller.py:1081]: LKneePitch is in End
[2024/11/12 14:45:18] [INFO] [Nao_controller.py:1120]: LAnklePitch is in End
[2024/11/12 14:45:18] [INFO] [Nao_controller.py:1404]: RHipPitch is in End
[2024/11/12 14:45:18] [INFO] [Nao_controller.py:1482]: RKneePitch is in End
[2024/11/12 14:45:18] [INFO] [Nao_controller.py:1521]: RAnklePitch is in End
[2024/11/12 14:45:18] [INFO] [Nao_controller.py:1003]: LHipPitch is in End
[2024/11/12 14:45:18] [INFO] [Nao_controller.py:1081]: LKneePitch is in End
[2024/11/12 14:45:18] [INFO] [Nao_controller.py:1120]: LAnklePitch is in End
[2024/11/12 14:45:18] [INFO] [Nao_controller.py:1404]: RHipPitch is in End
[2024/11/12 14:45:18] [INFO] [Nao_controller.py:1482]: RKneePitch is in End
[2024/11/12 14:45:18] [INFO] [Nao_controller.py:1521]: RAnklePitch is in End
[2024/11/12 14:45:18] [INFO] [Nao_controller.py:1003]: LHipPitch is in End
[2024/11/12 14:45:18] [INFO] [Nao_controller.py:1081]: LKneePitch is in End
[2024/11/12 14:45:18] [INFO] [Nao_controller.py:1120]: LAnklePitch is in End
[2024/11/12 14:45:18] [INFO] [Nao_controller.py:1404]: RHipPitch is in End
[2024/11/12 14:45:18] [INFO] [Nao_controller.py:1482]: RKneePitch is in End
[2024/11/12 14:45:18] [INFO] [Nao_controller.py:1521]: RAnklePitch is in End
[2024/11/12 14:45:18] [INFO] [Nao_controller.py:1003]: LHipPitch is in End
[2024/11/12 14:45:18] [INFO] [Nao_controller.py:1081]: LKneePitch is in End
[2024/11/12 14:45:18] [INFO] [Nao_controller.py:1120]: LAnklePitch is in End
[2024/11/12 14:45:18] [INFO] [Nao_controller.py:1404]: RHipPitch is in End
[2024/11/12 14:45:18] [INFO] [Nao_controller.py:1482]: RKneePitch is in End
[2024/11/12 14:45:18] [INFO] [Nao_controller.py:1521]: RAnklePitch is in End
[2024/11/12 14:45:18] [INFO] [Nao_controller.py:1003]: LHipPitch is in End
[2024/11/12 14:45:18] [INFO] [Nao_controller.py:1081]: LKneePitch is in End
[2024/11/12 14:45:18] [INFO] [Nao_controller.py:1120]: LAnklePitch is in End
[2024/11/12 14:45:18] [INFO] [Nao_controller.py:1404]: RHipPitch is in End
[2024/11/12 14:45:18] [INFO] [Nao_controller.py:1482]: RKneePitch is in End
[2024/11/12 14:45:18] [INFO] [Nao_controller.py:1521]: RAnklePitch is in End
[2024/11/12 14:45:18] [INFO] [Nao_controller.py:1003]: LHipPitch is in End
[2024/11/12 14:45:18] [INFO] [Nao_controller.py:1081]: LKneePitch is in End
[2024/11/12 14:45:18] [INFO] [Nao_controller.py:1120]: LAnklePitch is in End
[2024/11/12 14:45:18] [INFO] [Nao_controller.py:1404]: RHipPitch is in End
[2024/11/12 14:45:18] [INFO] [Nao_controller.py:1482]: RKneePitch is in End
[2024/11/12 14:45:18] [INFO] [Nao_controller.py:1521]: RAnklePitch is in End
[2024/11/12 14:45:18] [INFO] [Nao_controller.py:1003]: LHipPitch is in End
[2024/11/12 14:45:18] [INFO] [Nao_controller.py:1081]: LKneePitch is in End
[2024/11/12 14:45:18] [INFO] [Nao_controller.py:1120]: LAnklePitch is in End
[2024/11/12 14:45:18] [INFO] [Nao_controller.py:1404]: RHipPitch is in End
[2024/11/12 14:45:18] [INFO] [Nao_controller.py:1482]: RKneePitch is in End
[2024/11/12 14:45:18] [INFO] [Nao_controller.py:1521]: RAnklePitch is in End
[2024/11/12 14:45:18] [INFO] [Nao_controller.py:1003]: LHipPitch is in End
[2024/11/12 14:45:18] [INFO] [Nao_controller.py:1081]: LKneePitch is in End
[2024/11/12 14:45:18] [INFO] [Nao_controller.py:1120]: LAnklePitch is in End
[2024/11/12 14:45:18] [INFO] [Nao_controller.py:1404]: RHipPitch is in End
[2024/11/12 14:45:18] [INFO] [Nao_controller.py:1482]: RKneePitch is in End
[2024/11/12 14:45:18] [INFO] [Nao_controller.py:1521]: RAnklePitch is in End
[2024/11/12 14:45:18] [INFO] [Nao_controller.py:1003]: LHipPitch is in End
[2024/11/12 14:45:18] [INFO] [Nao_controller.py:1081]: LKneePitch is in End
[2024/11/12 14:45:18] [INFO] [Nao_controller.py:1120]: LAnklePitch is in End
[2024/11/12 14:45:18] [INFO] [Nao_controller.py:1404]: RHipPitch is in End
[2024/11/12 14:45:18] [INFO] [Nao_controller.py:1482]: RKneePitch is in End
[2024/11/12 14:45:18] [INFO] [Nao_controller.py:1521]: RAnklePitch is in End
[2024/11/12 14:45:18] [INFO] [Nao_controller.py:1003]: LHipPitch is in End
[2024/11/12 14:45:18] [INFO] [Nao_controller.py:1081]: LKneePitch is in End
[2024/11/12 14:45:18] [INFO] [Nao_controller.py:1120]: LAnklePitch is in End
[2024/11/12 14:45:18] [INFO] [Nao_controller.py:1404]: RHipPitch is in End
[2024/11/12 14:45:18] [INFO] [Nao_controller.py:1482]: RKneePitch is in End
[2024/11/12 14:45:18] [INFO] [Nao_controller.py:1521]: RAnklePitch is in End
[2024/11/12 14:45:18] [INFO] [Nao_controller.py:1003]: LHipPitch is in End
[2024/11/12 14:45:18] [INFO] [Nao_controller.py:1081]: LKneePitch is in End
[2024/11/12 14:45:18] [INFO] [Nao_controller.py:1120]: LAnklePitch is in End
[2024/11/12 14:45:18] [INFO] [Nao_controller.py:1404]: RHipPitch is in End
[2024/11/12 14:45:18] [INFO] [Nao_controller.py:1482]: RKneePitch is in End
[2024/11/12 14:45:18] [INFO] [Nao_controller.py:1521]: RAnklePitch is in End
[2024/11/12 14:45:18] [INFO] [Nao_controller.py:1003]: LHipPitch is in End
[2024/11/12 14:45:18] [INFO] [Nao_controller.py:1081]: LKneePitch is in End
[2024/11/12 14:45:18] [INFO] [Nao_controller.py:1120]: LAnklePitch is in End
[2024/11/12 14:45:18] [INFO] [Nao_controller.py:1404]: RHipPitch is in End
[2024/11/12 14:45:18] [INFO] [Nao_controller.py:1482]: RKneePitch is in End
[2024/11/12 14:45:18] [INFO] [Nao_controller.py:1521]: RAnklePitch is in End
[2024/11/12 14:45:18] [INFO] [Nao_controller.py:1003]: LHipPitch is in End
[2024/11/12 14:45:18] [INFO] [Nao_controller.py:1081]: LKneePitch is in End
[2024/11/12 14:45:18] [INFO] [Nao_controller.py:1120]: LAnklePitch is in End
[2024/11/12 14:45:18] [INFO] [Nao_controller.py:1404]: RHipPitch is in End
[2024/11/12 14:45:18] [INFO] [Nao_controller.py:1482]: RKneePitch is in End
[2024/11/12 14:45:18] [INFO] [Nao_controller.py:1521]: RAnklePitch is in End
[2024/11/12 14:45:18] [INFO] [Nao_controller.py:1003]: LHipPitch is in End
[2024/11/12 14:45:18] [INFO] [Nao_controller.py:1081]: LKneePitch is in End
[2024/11/12 14:45:18] [INFO] [Nao_controller.py:1120]: LAnklePitch is in End
[2024/11/12 14:45:18] [INFO] [Nao_controller.py:1404]: RHipPitch is in End
[2024/11/12 14:45:18] [INFO] [Nao_controller.py:1482]: RKneePitch is in End
[2024/11/12 14:45:18] [INFO] [Nao_controller.py:1521]: RAnklePitch is in End
[2024/11/12 14:45:18] [INFO] [Nao_controller.py:1003]: LHipPitch is in End
[2024/11/12 14:45:18] [INFO] [Nao_controller.py:1081]: LKneePitch is in End
[2024/11/12 14:45:18] [INFO] [Nao_controller.py:1120]: LAnklePitch is in End
[2024/11/12 14:45:18] [INFO] [Nao_controller.py:1404]: RHipPitch is in End
[2024/11/12 14:45:18] [INFO] [Nao_controller.py:1482]: RKneePitch is in End
[2024/11/12 14:45:18] [INFO] [Nao_controller.py:1521]: RAnklePitch is in End
[2024/11/12 14:45:18] [INFO] [Nao_controller.py:1003]: LHipPitch is in End
[2024/11/12 14:45:18] [INFO] [Nao_controller.py:1081]: LKneePitch is in End
[2024/11/12 14:45:18] [INFO] [Nao_controller.py:1120]: LAnklePitch is in End
[2024/11/12 14:45:18] [INFO] [Nao_controller.py:1404]: RHipPitch is in End
[2024/11/12 14:45:18] [INFO] [Nao_controller.py:1482]: RKneePitch is in End
[2024/11/12 14:45:18] [INFO] [Nao_controller.py:1521]: RAnklePitch is in End
[2024/11/12 14:45:18] [INFO] [Nao_controller.py:1003]: LHipPitch is in End
[2024/11/12 14:45:18] [INFO] [Nao_controller.py:1081]: LKneePitch is in End
[2024/11/12 14:45:18] [INFO] [Nao_controller.py:1120]: LAnklePitch is in End
[2024/11/12 14:45:18] [INFO] [Nao_controller.py:1404]: RHipPitch is in End
[2024/11/12 14:45:18] [INFO] [Nao_controller.py:1482]: RKneePitch is in End
[2024/11/12 14:45:18] [INFO] [Nao_controller.py:1521]: RAnklePitch is in End
[2024/11/12 14:45:18] [INFO] [Nao_controller.py:1003]: LHipPitch is in End
[2024/11/12 14:45:18] [INFO] [Nao_controller.py:1081]: LKneePitch is in End
[2024/11/12 14:45:18] [INFO] [Nao_controller.py:1120]: LAnklePitch is in End
[2024/11/12 14:45:18] [INFO] [Nao_controller.py:1404]: RHipPitch is in End
[2024/11/12 14:45:18] [INFO] [Nao_controller.py:1482]: RKneePitch is in End
[2024/11/12 14:45:18] [INFO] [Nao_controller.py:1521]: RAnklePitch is in End
[2024/11/12 14:45:18] [INFO] [Nao_controller.py:1003]: LHipPitch is in End
[2024/11/12 14:45:18] [INFO] [Nao_controller.py:1081]: LKneePitch is in End
[2024/11/12 14:45:18] [INFO] [Nao_controller.py:1120]: LAnklePitch is in End
[2024/11/12 14:45:18] [INFO] [Nao_controller.py:1404]: RHipPitch is in End
[2024/11/12 14:45:18] [INFO] [Nao_controller.py:1482]: RKneePitch is in End
[2024/11/12 14:45:18] [INFO] [Nao_controller.py:1521]: RAnklePitch is in End
[2024/11/12 14:45:18] [INFO] [Nao_controller.py:1003]: LHipPitch is in End
[2024/11/12 14:45:18] [INFO] [Nao_controller.py:1081]: LKneePitch is in End
[2024/11/12 14:45:18] [INFO] [Nao_controller.py:1120]: LAnklePitch is in End
[2024/11/12 14:45:18] [INFO] [Nao_controller.py:1404]: RHipPitch is in End
[2024/11/12 14:45:18] [INFO] [Nao_controller.py:1482]: RKneePitch is in End
[2024/11/12 14:45:18] [INFO] [Nao_controller.py:1521]: RAnklePitch is in End
[2024/11/12 14:45:18] [INFO] [Nao_controller.py:1003]: LHipPitch is in End
[2024/11/12 14:45:18] [INFO] [Nao_controller.py:1081]: LKneePitch is in End
[2024/11/12 14:45:18] [INFO] [Nao_controller.py:1120]: LAnklePitch is in End
[2024/11/12 14:45:18] [INFO] [Nao_controller.py:1404]: RHipPitch is in End
[2024/11/12 14:45:18] [INFO] [Nao_controller.py:1482]: RKneePitch is in End
[2024/11/12 14:45:18] [INFO] [Nao_controller.py:1521]: RAnklePitch is in End
[2024/11/12 14:45:18] [INFO] [Nao_controller.py:1003]: LHipPitch is in End
[2024/11/12 14:45:18] [INFO] [Nao_controller.py:1081]: LKneePitch is in End
[2024/11/12 14:45:18] [INFO] [Nao_controller.py:1120]: LAnklePitch is in End
[2024/11/12 14:45:18] [INFO] [Nao_controller.py:1404]: RHipPitch is in End
[2024/11/12 14:45:18] [INFO] [Nao_controller.py:1482]: RKneePitch is in End
[2024/11/12 14:45:18] [INFO] [Nao_controller.py:1521]: RAnklePitch is in End
[2024/11/12 14:45:18] [INFO] [Nao_controller.py:1003]: LHipPitch is in End
[2024/11/12 14:45:18] [INFO] [Nao_controller.py:1081]: LKneePitch is in End
[2024/11/12 14:45:18] [INFO] [Nao_controller.py:1120]: LAnklePitch is in End
[2024/11/12 14:45:18] [INFO] [Nao_controller.py:1404]: RHipPitch is in End
[2024/11/12 14:45:18] [INFO] [Nao_controller.py:1482]: RKneePitch is in End
[2024/11/12 14:45:18] [INFO] [Nao_controller.py:1521]: RAnklePitch is in End
[2024/11/12 14:45:18] [INFO] [Nao_controller.py:1003]: LHipPitch is in End
[2024/11/12 14:45:18] [INFO] [Nao_controller.py:1081]: LKneePitch is in End
[2024/11/12 14:45:18] [INFO] [Nao_controller.py:1120]: LAnklePitch is in End
[2024/11/12 14:45:18] [INFO] [Nao_controller.py:1404]: RHipPitch is in End
[2024/11/12 14:45:18] [INFO] [Nao_controller.py:1482]: RKneePitch is in End
[2024/11/12 14:45:18] [INFO] [Nao_controller.py:1521]: RAnklePitch is in End
[2024/11/12 14:45:18] [INFO] [Nao_controller.py:1003]: LHipPitch is in End
[2024/11/12 14:45:18] [INFO] [Nao_controller.py:1081]: LKneePitch is in End
[2024/11/12 14:45:18] [INFO] [Nao_controller.py:1120]: LAnklePitch is in End
[2024/11/12 14:45:18] [INFO] [Nao_controller.py:1404]: RHipPitch is in End
[2024/11/12 14:45:18] [INFO] [Nao_controller.py:1482]: RKneePitch is in End
[2024/11/12 14:45:18] [INFO] [Nao_controller.py:1521]: RAnklePitch is in End
[2024/11/12 14:45:18] [INFO] [Nao_controller.py:1003]: LHipPitch is in End
[2024/11/12 14:45:18] [INFO] [Nao_controller.py:1081]: LKneePitch is in End
[2024/11/12 14:45:18] [INFO] [Nao_controller.py:1120]: LAnklePitch is in End
[2024/11/12 14:45:18] [INFO] [Nao_controller.py:1404]: RHipPitch is in End
[2024/11/12 14:45:18] [INFO] [Nao_controller.py:1482]: RKneePitch is in End
[2024/11/12 14:45:18] [INFO] [Nao_controller.py:1521]: RAnklePitch is in End
[2024/11/12 14:45:18] [INFO] [Nao_controller.py:1003]: LHipPitch is in End
[2024/11/12 14:45:18] [INFO] [Nao_controller.py:1081]: LKneePitch is in End
[2024/11/12 14:45:18] [INFO] [Nao_controller.py:1120]: LAnklePitch is in End
[2024/11/12 14:45:18] [INFO] [Nao_controller.py:1404]: RHipPitch is in End
[2024/11/12 14:45:18] [INFO] [Nao_controller.py:1482]: RKneePitch is in End
[2024/11/12 14:45:18] [INFO] [Nao_controller.py:1521]: RAnklePitch is in End
[2024/11/12 14:45:18] [INFO] [Nao_controller.py:1003]: LHipPitch is in End
[2024/11/12 14:45:18] [INFO] [Nao_controller.py:1081]: LKneePitch is in End
[2024/11/12 14:45:18] [INFO] [Nao_controller.py:1120]: LAnklePitch is in End
[2024/11/12 14:45:18] [INFO] [Nao_controller.py:1404]: RHipPitch is in End
[2024/11/12 14:45:18] [INFO] [Nao_controller.py:1482]: RKneePitch is in End
[2024/11/12 14:45:18] [INFO] [Nao_controller.py:1521]: RAnklePitch is in End
[2024/11/12 14:45:18] [INFO] [Nao_controller.py:1003]: LHipPitch is in End
[2024/11/12 14:45:18] [INFO] [Nao_controller.py:1081]: LKneePitch is in End
[2024/11/12 14:45:18] [INFO] [Nao_controller.py:1120]: LAnklePitch is in End
[2024/11/12 14:45:18] [INFO] [Nao_controller.py:1404]: RHipPitch is in End
[2024/11/12 14:45:18] [INFO] [Nao_controller.py:1482]: RKneePitch is in End
[2024/11/12 14:45:18] [INFO] [Nao_controller.py:1521]: RAnklePitch is in End
[2024/11/12 14:45:19] [INFO] [Nao_controller.py:1003]: LHipPitch is in End
[2024/11/12 14:45:19] [INFO] [Nao_controller.py:1081]: LKneePitch is in End
[2024/11/12 14:45:19] [INFO] [Nao_controller.py:1120]: LAnklePitch is in End
[2024/11/12 14:45:19] [INFO] [Nao_controller.py:1404]: RHipPitch is in End
[2024/11/12 14:45:19] [INFO] [Nao_controller.py:1482]: RKneePitch is in End
[2024/11/12 14:45:19] [INFO] [Nao_controller.py:1521]: RAnklePitch is in End
[2024/11/12 14:45:19] [INFO] [Nao_controller.py:1003]: LHipPitch is in End
[2024/11/12 14:45:19] [INFO] [Nao_controller.py:1081]: LKneePitch is in End
[2024/11/12 14:45:19] [INFO] [Nao_controller.py:1120]: LAnklePitch is in End
[2024/11/12 14:45:19] [INFO] [Nao_controller.py:1404]: RHipPitch is in End
[2024/11/12 14:45:19] [INFO] [Nao_controller.py:1482]: RKneePitch is in End
[2024/11/12 14:45:19] [INFO] [Nao_controller.py:1521]: RAnklePitch is in End
[2024/11/12 14:45:19] [INFO] [Nao_controller.py:1003]: LHipPitch is in End
[2024/11/12 14:45:19] [INFO] [Nao_controller.py:1081]: LKneePitch is in End
[2024/11/12 14:45:19] [INFO] [Nao_controller.py:1120]: LAnklePitch is in End
[2024/11/12 14:45:19] [INFO] [Nao_controller.py:1404]: RHipPitch is in End
[2024/11/12 14:45:19] [INFO] [Nao_controller.py:1482]: RKneePitch is in End
[2024/11/12 14:45:19] [INFO] [Nao_controller.py:1521]: RAnklePitch is in End
[2024/11/12 14:45:19] [INFO] [Nao_controller.py:1003]: LHipPitch is in End
[2024/11/12 14:45:19] [INFO] [Nao_controller.py:1081]: LKneePitch is in End
[2024/11/12 14:45:19] [INFO] [Nao_controller.py:1120]: LAnklePitch is in End
[2024/11/12 14:45:19] [INFO] [Nao_controller.py:1404]: RHipPitch is in End
[2024/11/12 14:45:19] [INFO] [Nao_controller.py:1482]: RKneePitch is in End
[2024/11/12 14:45:19] [INFO] [Nao_controller.py:1521]: RAnklePitch is in End
[2024/11/12 14:45:19] [INFO] [Nao_controller.py:1003]: LHipPitch is in End
[2024/11/12 14:45:19] [INFO] [Nao_controller.py:1081]: LKneePitch is in End
[2024/11/12 14:45:19] [INFO] [Nao_controller.py:1120]: LAnklePitch is in End
[2024/11/12 14:45:19] [INFO] [Nao_controller.py:1404]: RHipPitch is in End
[2024/11/12 14:45:19] [INFO] [Nao_controller.py:1482]: RKneePitch is in End
[2024/11/12 14:45:19] [INFO] [Nao_controller.py:1521]: RAnklePitch is in End
[2024/11/12 14:45:19] [INFO] [Nao_controller.py:1003]: LHipPitch is in End
[2024/11/12 14:45:19] [INFO] [Nao_controller.py:1081]: LKneePitch is in End
[2024/11/12 14:45:19] [INFO] [Nao_controller.py:1120]: LAnklePitch is in End
[2024/11/12 14:45:19] [INFO] [Nao_controller.py:1404]: RHipPitch is in End
[2024/11/12 14:45:19] [INFO] [Nao_controller.py:1482]: RKneePitch is in End
[2024/11/12 14:45:19] [INFO] [Nao_controller.py:1521]: RAnklePitch is in End
[2024/11/12 14:45:19] [INFO] [Nao_controller.py:1003]: LHipPitch is in End
[2024/11/12 14:45:19] [INFO] [Nao_controller.py:1081]: LKneePitch is in End
[2024/11/12 14:45:19] [INFO] [Nao_controller.py:1120]: LAnklePitch is in End
[2024/11/12 14:45:19] [INFO] [Nao_controller.py:1404]: RHipPitch is in End
[2024/11/12 14:45:19] [INFO] [Nao_controller.py:1482]: RKneePitch is in End
[2024/11/12 14:45:19] [INFO] [Nao_controller.py:1521]: RAnklePitch is in End
[2024/11/12 14:45:19] [INFO] [Nao_controller.py:1003]: LHipPitch is in End
[2024/11/12 14:45:19] [INFO] [Nao_controller.py:1081]: LKneePitch is in End
[2024/11/12 14:45:19] [INFO] [Nao_controller.py:1120]: LAnklePitch is in End
[2024/11/12 14:45:19] [INFO] [Nao_controller.py:1404]: RHipPitch is in End
[2024/11/12 14:45:19] [INFO] [Nao_controller.py:1482]: RKneePitch is in End
[2024/11/12 14:45:19] [INFO] [Nao_controller.py:1521]: RAnklePitch is in End
[2024/11/12 14:45:19] [INFO] [Nao_controller.py:1003]: LHipPitch is in End
[2024/11/12 14:45:19] [INFO] [Nao_controller.py:1081]: LKneePitch is in End
[2024/11/12 14:45:19] [INFO] [Nao_controller.py:1120]: LAnklePitch is in End
[2024/11/12 14:45:19] [INFO] [Nao_controller.py:1404]: RHipPitch is in End
[2024/11/12 14:45:19] [INFO] [Nao_controller.py:1482]: RKneePitch is in End
[2024/11/12 14:45:19] [INFO] [Nao_controller.py:1521]: RAnklePitch is in End
[2024/11/12 14:45:19] [INFO] [Nao_controller.py:1003]: LHipPitch is in End
[2024/11/12 14:45:19] [INFO] [Nao_controller.py:1081]: LKneePitch is in End
[2024/11/12 14:45:19] [INFO] [Nao_controller.py:1120]: LAnklePitch is in End
[2024/11/12 14:45:19] [INFO] [Nao_controller.py:1404]: RHipPitch is in End
[2024/11/12 14:45:19] [INFO] [Nao_controller.py:1482]: RKneePitch is in End
[2024/11/12 14:45:19] [INFO] [Nao_controller.py:1521]: RAnklePitch is in End
[2024/11/12 14:45:19] [INFO] [Nao_controller.py:1003]: LHipPitch is in End
[2024/11/12 14:45:19] [INFO] [Nao_controller.py:1081]: LKneePitch is in End
[2024/11/12 14:45:19] [INFO] [Nao_controller.py:1120]: LAnklePitch is in End
[2024/11/12 14:45:19] [INFO] [Nao_controller.py:1404]: RHipPitch is in End
[2024/11/12 14:45:19] [INFO] [Nao_controller.py:1482]: RKneePitch is in End
[2024/11/12 14:45:19] [INFO] [Nao_controller.py:1521]: RAnklePitch is in End
[2024/11/12 14:45:19] [INFO] [Nao_controller.py:1003]: LHipPitch is in End
[2024/11/12 14:45:19] [INFO] [Nao_controller.py:1081]: LKneePitch is in End
[2024/11/12 14:45:19] [INFO] [Nao_controller.py:1120]: LAnklePitch is in End
[2024/11/12 14:45:19] [INFO] [Nao_controller.py:1404]: RHipPitch is in End
[2024/11/12 14:45:19] [INFO] [Nao_controller.py:1482]: RKneePitch is in End
[2024/11/12 14:45:19] [INFO] [Nao_controller.py:1521]: RAnklePitch is in End
[2024/11/12 14:45:19] [INFO] [Nao_controller.py:1003]: LHipPitch is in End
[2024/11/12 14:45:19] [INFO] [Nao_controller.py:1081]: LKneePitch is in End
[2024/11/12 14:45:19] [INFO] [Nao_controller.py:1120]: LAnklePitch is in End
[2024/11/12 14:45:19] [INFO] [Nao_controller.py:1404]: RHipPitch is in End
[2024/11/12 14:45:19] [INFO] [Nao_controller.py:1482]: RKneePitch is in End
[2024/11/12 14:45:19] [INFO] [Nao_controller.py:1521]: RAnklePitch is in End
[2024/11/12 14:49:10] [INFO] [Nao_controller.py:977]: LHipPitch is in Initial
[2024/11/12 14:49:10] [INFO] [Nao_controller.py:1055]: LKneePitch is in Initial
[2024/11/12 14:49:10] [INFO] [Nao_controller.py:1094]: LAnklePitch is in Initial
[2024/11/12 14:49:10] [INFO] [Nao_controller.py:1377]: RHipPitch is in Initial
[2024/11/12 14:49:10] [INFO] [Nao_controller.py:1456]: RKneePitch is in Initial
[2024/11/12 14:49:10] [INFO] [Nao_controller.py:1495]: RAnklePitch is in Initial
